target,horizon_minutes,n,rmse,nrmse,mae,bias,r2,resolution,resolution_minutes,model,feature_set,candidate_id,split,fit_seconds,inference_seconds
temperature,60,1446,1.038267554342098,0.23972648633233787,0.8149648465887885,0.18432834014168656,0.929461412360339,4min,4,RANDOM_FOREST,SHT_TIME,2,validation,0.3396145000588149,0.04063599999062717
temperature,120,1446,1.4033953340710836,0.3283004129948321,1.037323332344139,0.3175324876394346,0.8708655174584146,4min,4,RANDOM_FOREST,SHT_TIME,2,validation,0.3396145000588149,0.04063599999062717
temperature,240,1446,1.8837476859551385,0.41266694047725855,1.2863836554078119,0.5059516305105476,0.7831529795530334,4min,4,RANDOM_FOREST,SHT_TIME,2,validation,0.3396145000588149,0.04063599999062717
temperature,480,1446,1.8747701899715083,0.33609110631127376,1.3330341641581296,0.6515661357786026,0.7967595319317933,4min,4,RANDOM_FOREST,SHT_TIME,2,validation,0.3396145000588149,0.04063599999062717
relative_humidity,60,1446,2.9338534596430423,0.24752223126122208,2.2184856686443024,0.1592681709669809,0.9348073494075243,4min,4,RANDOM_FOREST,SHT_TIME,2,validation,0.3396145000588149,0.04063599999062717
relative_humidity,120,1446,3.9417889854696955,0.3385801893948888,2.893160479665756,-0.16191544383520967,0.8815437167483294,4min,4,RANDOM_FOREST,SHT_TIME,2,validation,0.3396145000588149,0.04063599999062717
relative_humidity,240,1446,5.168341207198924,0.4260059238563573,3.5349109447044045,-0.588631818019656,0.8116170962831608,4min,4,RANDOM_FOREST,SHT_TIME,2,validation,0.3396145000588149,0.04063599999062717
relative_humidity,480,1446,4.891240621910302,0.3494446143348684,3.601646014088974,-0.8079748560154486,0.8396649743845654,4min,4,RANDOM_FOREST,SHT_TIME,2,validation,0.3396145000588149,0.04063599999062717
temperature,60,2742,0.9781476811142495,0.23728263917909237,0.7341981663270977,-0.23325693482509202,0.9460348144664805,4min,4,RANDOM_FOREST,SHT_TIME,2,test,0.8594274999340996,0.05155890004243702
temperature,120,2742,1.17083851012489,0.2866216434804705,0.8619933340812787,-0.26035349896734916,0.9236128879031114,4min,4,RANDOM_FOREST,SHT_TIME,2,test,0.8594274999340996,0.05155890004243702
temperature,240,2742,1.4454873404194692,0.33789825055195477,1.024509594778802,-0.22045585889306263,0.8875869914204617,4min,4,RANDOM_FOREST,SHT_TIME,2,test,0.8594274999340996,0.05155890004243702
temperature,480,2742,1.5914155393971863,0.32963900146844516,1.183762903421392,0.17376714058699333,0.8772682277373525,4min,4,RANDOM_FOREST,SHT_TIME,2,test,0.8594274999340996,0.05155890004243702
relative_humidity,60,2742,2.4712918516437905,0.21162435425946932,1.7622059807772166,-0.1491112387781893,0.9581534521757623,4min,4,RANDOM_FOREST,SHT_TIME,2,test,0.8594274999340996,0.05155890004243702
relative_humidity,120,2742,3.159410266094935,0.27362099422961494,2.220360780120683,-0.12297634843932836,0.9322022892127696,4min,4,RANDOM_FOREST,SHT_TIME,2,test,0.8594274999340996,0.05155890004243702
relative_humidity,240,2742,4.012507219896378,0.3342952566615303,2.9087845037965603,-0.2441978148796704,0.8927065597181989,4min,4,RANDOM_FOREST,SHT_TIME,2,test,0.8594274999340996,0.05155890004243702
relative_humidity,480,2742,4.7586617221526435,0.36607874800928947,3.610961559803909,-1.020884462112923,0.8651431085673169,4min,4,RANDOM_FOREST,SHT_TIME,2,test,0.8594274999340996,0.05155890004243702
temperature,60,1446,0.9898435978212446,0.2285458374692326,0.7661344199253955,0.07429279202817017,0.935887700858744,4min,4,EXTRA_TREES,SHT_TIME,2,validation,0.1395403000060469,0.05208389996550977
temperature,120,1446,1.3199029751214735,0.30876879901578674,0.9908815368414446,0.18736100580493353,0.885773679961052,4min,4,EXTRA_TREES,SHT_TIME,2,validation,0.1395403000060469,0.05208389996550977
temperature,240,1446,1.7301225622741363,0.37901274663667783,1.2660850774340926,0.3338581159101337,0.817079771594116,4min,4,EXTRA_TREES,SHT_TIME,2,validation,0.1395403000060469,0.05208389996550977
temperature,480,1446,1.7998391351234029,0.3226581739680551,1.3204797854059256,0.4667819449683533,0.812681147260238,4min,4,EXTRA_TREES,SHT_TIME,2,validation,0.1395403000060469,0.05208389996550977
relative_humidity,60,1446,2.734812767892348,0.23072964198857887,2.126436151976192,0.3025938492811778,0.943352988786244,4min,4,EXTRA_TREES,SHT_TIME,2,validation,0.1395403000060469,0.05208389996550977
relative_humidity,120,1446,3.617897044318539,0.3107594726638106,2.749914523869402,0.055650148790834846,0.9002107482186512,4min,4,EXTRA_TREES,SHT_TIME,2,validation,0.1395403000060469,0.05208389996550977
relative_humidity,240,1446,4.828592327073956,0.3980017674443929,3.515293135713988,-0.29477245798231916,0.8355703199808754,4min,4,EXTRA_TREES,SHT_TIME,2,validation,0.1395403000060469,0.05208389996550977
relative_humidity,480,1446,4.999051890211763,0.3571469683969025,3.7105710874303224,-0.4665030627855333,0.832518964040063,4min,4,EXTRA_TREES,SHT_TIME,2,validation,0.1395403000060469,0.05208389996550977
temperature,60,2742,0.9275710211984775,0.22501356818154422,0.7129025519302032,-0.25069106873172575,0.9514712439151349,4min,4,EXTRA_TREES,SHT_TIME,2,test,0.28028409997932613,0.05140019999817014
temperature,120,2742,1.1287657127908823,0.27632220917470296,0.8450921689288972,-0.2799586714639781,0.9290040275354576,4min,4,EXTRA_TREES,SHT_TIME,2,test,0.28028409997932613,0.05140019999817014
temperature,240,2742,1.39998172384892,0.32726082205326273,1.022329256628908,-0.292588793738073,0.8945533665646488,4min,4,EXTRA_TREES,SHT_TIME,2,test,0.28028409997932613,0.05140019999817014
temperature,480,2742,1.5102341144892562,0.31282342867683327,1.1361192073674704,0.05711151091657092,0.8894704583104921,4min,4,EXTRA_TREES,SHT_TIME,2,test,0.28028409997932613,0.05140019999817014
relative_humidity,60,2742,2.2893737024708236,0.19604614126079029,1.6397958426912227,-0.1640858376751164,0.9640875576756831,4min,4,EXTRA_TREES,SHT_TIME,2,test,0.28028409997932613,0.05140019999817014
relative_humidity,120,2742,3.0232653945906978,0.2618301560785772,2.0974749123915886,-0.1327286775503105,0.937919454269848,4min,4,EXTRA_TREES,SHT_TIME,2,test,0.28028409997932613,0.05140019999817014
relative_humidity,240,2742,3.8331115661395025,0.31934921100228625,2.764193152424274,-0.1320434994094555,0.902086080207271,4min,4,EXTRA_TREES,SHT_TIME,2,test,0.28028409997932613,0.05140019999817014
relative_humidity,480,2742,4.453200052157157,0.3425799089982681,3.391564295027535,-0.778749984444258,0.8819005462267409,4min,4,EXTRA_TREES,SHT_TIME,2,test,0.28028409997932613,0.05140019999817014
temperature,60,1446,0.7699556019286675,0.1777757094598017,0.5440178885933523,0.13917661347806629,0.9612082331623915,4min,4,HIST_GRADIENT_BOOSTING,SHT_TIME,1,validation,4.312194099999033,2.9352223000023514
temperature,120,1446,1.3509717329912325,0.3160368052519837,0.9807793525754317,0.26923083756410165,0.8803329198715812,4min,4,HIST_GRADIENT_BOOSTING,SHT_TIME,1,validation,4.312194099999033,2.9352223000023514
temperature,240,1446,2.376821439243892,0.5206831247658343,1.7069730268071637,0.5584321115489445,0.654775898526037,4min,4,HIST_GRADIENT_BOOSTING,SHT_TIME,1,validation,4.312194099999033,2.9352223000023514
temperature,480,1446,2.066352606238993,0.37043619381989495,1.466583654536813,0.6458474212983452,0.7530989298087458,4min,4,HIST_GRADIENT_BOOSTING,SHT_TIME,1,validation,4.312194099999033,2.9352223000023514
relative_humidity,60,1446,2.4582841304921397,0.20739957923034796,1.7982336564500794,0.29184339782829943,0.9542294682202542,4min,4,HIST_GRADIENT_BOOSTING,SHT_TIME,1,validation,4.312194099999033,2.9352223000023514
relative_humidity,120,1446,4.2120248607004145,0.36179211528797617,3.0199177499157113,0.2895932308115751,0.864745036867147,4min,4,HIST_GRADIENT_BOOSTING,SHT_TIME,1,validation,4.312194099999033,2.9352223000023514
relative_humidity,240,1446,5.245027105134566,0.43232683911468506,3.442333717113988,-0.5170496682467149,0.8059853138563673,4min,4,HIST_GRADIENT_BOOSTING,SHT_TIME,1,validation,4.312194099999033,2.9352223000023514
relative_humidity,480,1446,4.303677172633868,0.307467353594529,3.202994310044191,-0.3521811803038828,0.8758720101992832,4min,4,HIST_GRADIENT_BOOSTING,SHT_TIME,1,validation,4.312194099999033,2.9352223000023514
temperature,60,2742,0.6693417814570286,0.162371375492131,0.4828314669043113,0.02218064173299349,0.9747302651114303,4min,4,HIST_GRADIENT_BOOSTING,SHT_TIME,1,test,1.2619137999136,0.27053540002088994
temperature,120,2742,1.0780956941130768,0.2639181723216022,0.816064443741118,0.1902823728127744,0.9352349481595,4min,4,HIST_GRADIENT_BOOSTING,SHT_TIME,1,test,1.2619137999136,0.27053540002088994
temperature,240,2742,1.4494181264833956,0.3388171141747308,1.0294826272086048,0.04721673857907441,0.8869747795016429,4min,4,HIST_GRADIENT_BOOSTING,SHT_TIME,1,test,1.2619137999136,0.27053540002088994
temperature,480,2742,1.52329338329166,0.315528469705629,1.1348130484272037,0.21695281768029218,0.8875506555408909,4min,4,HIST_GRADIENT_BOOSTING,SHT_TIME,1,test,1.2619137999136,0.27053540002088994
relative_humidity,60,2742,2.1304146350751973,0.18243398534771535,1.4366524696451028,-0.112964640817309,0.9689014718100956,4min,4,HIST_GRADIENT_BOOSTING,SHT_TIME,1,test,1.2619137999136,0.27053540002088994
relative_humidity,120,2742,3.006610942789029,0.26038779586685507,2.0382017317614296,-0.020158179708531884,0.9386015443407633,4min,4,HIST_GRADIENT_BOOSTING,SHT_TIME,1,test,1.2619137999136,0.27053540002088994
relative_humidity,240,2742,4.2102137371070265,0.35076684095846716,3.054270650741347,-0.10511333111335061,0.8818728285355153,4min,4,HIST_GRADIENT_BOOSTING,SHT_TIME,1,test,1.2619137999136,0.27053540002088994
relative_humidity,480,2742,4.8074646658338445,0.3698331061807924,3.573551739194933,0.10709157312264762,0.8623628472907143,4min,4,HIST_GRADIENT_BOOSTING,SHT_TIME,1,test,1.2619137999136,0.27053540002088994
temperature,60,1446,0.8633913943913402,0.19934917973832475,0.5950198233935514,0.11871330192639783,0.9512220408333454,4min,4,XGBOOST,SHT_TIME,2,validation,1.869235199992545,0.06979610002599657
temperature,120,1446,1.4649845155927155,0.34270815202508115,1.1103590424723646,0.27922477817139685,0.8592824585348763,4min,4,XGBOOST,SHT_TIME,2,validation,1.869235199992545,0.06979610002599657
temperature,240,1446,2.0143127107191217,0.44126942779783146,1.6007667705066306,0.5256661776256429,0.7520513306260999,4min,4,XGBOOST,SHT_TIME,2,validation,1.869235199992545,0.06979610002599657
temperature,480,1446,1.862891466426076,0.3339616008607893,1.3385548077975071,0.43534803862723415,0.7993268747738903,4min,4,XGBOOST,SHT_TIME,2,validation,1.869235199992545,0.06979610002599657
relative_humidity,60,1446,2.653688612749377,0.22388539016537673,1.8341475827334497,0.22766508585189893,0.94666384247066,4min,4,XGBOOST,SHT_TIME,2,validation,1.869235199992545,0.06979610002599657
relative_humidity,120,1446,3.769137024804475,0.3237502394008854,2.7523160847390837,0.3330714260328196,0.8916933280198477,4min,4,XGBOOST,SHT_TIME,2,validation,1.869235199992545,0.06979610002599657
relative_humidity,240,1446,5.159080167093905,0.42524257294982004,3.4719915151002496,-0.2180990845401915,0.8122916100125942,4min,4,XGBOOST,SHT_TIME,2,validation,1.869235199992545,0.06979610002599657
relative_humidity,480,1446,4.35412621163538,0.3110715813028283,3.331312608309966,-0.36330256355254,0.8729448198422939,4min,4,XGBOOST,SHT_TIME,2,validation,1.869235199992545,0.06979610002599657
temperature,60,2742,0.7496833424916765,0.18186092498056114,0.5070641387839286,-0.05407768842167095,0.9682999069124681,4min,4,XGBOOST,SHT_TIME,2,test,2.169849699945189,0.181071599945426
temperature,120,2742,1.0997371371837499,0.26921600453891087,0.8125268957581857,0.04885747401754321,0.9326086934048824,4min,4,XGBOOST,SHT_TIME,2,test,2.169849699945189,0.181071599945426
temperature,240,2742,1.4859425000350974,0.3473550802852086,1.0887425894427698,0.12562280703599568,0.8812066868638365,4min,4,XGBOOST,SHT_TIME,2,test,2.169849699945189,0.181071599945426
temperature,480,2742,1.5773980190505703,0.3267354723173647,1.2074959651020476,0.12473447570133005,0.8794207998001187,4min,4,XGBOOST,SHT_TIME,2,test,2.169849699945189,0.181071599945426
relative_humidity,60,2742,2.2159088697372784,0.18975512072524514,1.488746729377062,0.013491397749151745,0.9663554012267339,4min,4,XGBOOST,SHT_TIME,2,test,2.169849699945189,0.181071599945426
relative_humidity,120,2742,3.0606563980506225,0.265068407106543,2.079201312131207,0.04802148185969269,0.9363743644783437,4min,4,XGBOOST,SHT_TIME,2,test,2.169849699945189,0.181071599945426
relative_humidity,240,2742,4.2965954629975665,0.35796358843950715,3.1657776958485058,0.031347344730302075,0.876975828737317,4min,4,XGBOOST,SHT_TIME,2,test,2.169849699945189,0.181071599945426
relative_humidity,480,2742,4.793924687589321,0.36879149016073504,3.5682406537746707,0.009515629997225546,0.8631370514960277,4min,4,XGBOOST,SHT_TIME,2,test,2.169849699945189,0.181071599945426
temperature,60,135,1.6903242887945218,0.450279076971175,1.1989117466196326,0.3017916187536708,0.8164364517756028,12min,12,RANDOM_FOREST,SHT_TIME,2,validation,0.13312140002381057,0.02844809996895492
temperature,120,135,1.7570512471274942,0.47673969382360126,1.2892495843621394,0.4184767788555727,0.7942429973117466,12min,12,RANDOM_FOREST,SHT_TIME,2,validation,0.13312140002381057,0.02844809996895492
temperature,240,135,2.1314789796715803,0.5412037265607851,1.6187384146090547,0.2221079031452084,0.7470569250748023,12min,12,RANDOM_FOREST,SHT_TIME,2,validation,0.13312140002381057,0.02844809996895492
temperature,480,135,2.269428621884851,0.3790951690189811,1.7757132039976462,0.7256710684891222,0.7105842240997526,12min,12,RANDOM_FOREST,SHT_TIME,2,validation,0.13312140002381057,0.02844809996895492
relative_humidity,60,135,5.066162649492356,0.4486410427991606,3.646590109249464,0.11262262247698095,0.8065151920787107,12min,12,RANDOM_FOREST,SHT_TIME,2,validation,0.13312140002381057,0.02844809996895492
relative_humidity,120,135,5.198540668504883,0.4812274749760997,3.6402467427983485,0.12045911983146428,0.7862925965336696,12min,12,RANDOM_FOREST,SHT_TIME,2,validation,0.13312140002381057,0.02844809996895492
relative_humidity,240,135,6.872286882379516,0.6135696864673381,5.129400643249069,0.4937281995884761,0.6950542927713398,12min,12,RANDOM_FOREST,SHT_TIME,2,validation,0.13312140002381057,0.02844809996895492
relative_humidity,480,135,5.8353096907943165,0.38982251097415177,4.3347291582402505,-0.8917943681168009,0.7731019378446614,12min,12,RANDOM_FOREST,SHT_TIME,2,validation,0.13312140002381057,0.02844809996895492
temperature,60,378,1.1227431536688022,0.2901297527109609,0.8322257100578733,-0.12774984000053372,0.9199950828640879,12min,12,RANDOM_FOREST,SHT_TIME,2,test,0.15441309998277575,0.047869900008663535
temperature,120,378,1.3066400105059661,0.3444866761774866,0.961860373645437,-0.20600062284949533,0.8951693816717777,12min,12,RANDOM_FOREST,SHT_TIME,2,test,0.15441309998277575,0.047869900008663535
temperature,240,378,1.4699554813694535,0.35634008243325155,1.083844186240715,-0.203178399706308,0.8702346179475859,12min,12,RANDOM_FOREST,SHT_TIME,2,test,0.15441309998277575,0.047869900008663535
temperature,480,378,1.8215909727331385,0.35832772542768654,1.3605821413381105,0.06867417202225207,0.8516336020425552,12min,12,RANDOM_FOREST,SHT_TIME,2,test,0.15441309998277575,0.047869900008663535
relative_humidity,60,378,2.4168291612172217,0.2116307798435385,1.6990711838353922,-0.26035618155127865,0.9554586065454933,12min,12,RANDOM_FOREST,SHT_TIME,2,test,0.15441309998277575,0.047869900008663535
relative_humidity,120,378,3.0237573498931014,0.27296572938305264,2.0577471362783823,-0.03016340141144852,0.9321899372509824,12min,12,RANDOM_FOREST,SHT_TIME,2,test,0.15441309998277575,0.047869900008663535
relative_humidity,240,378,3.5753158786767187,0.2969590496027544,2.529135607985247,0.05806185233539555,0.9067708709252987,12min,12,RANDOM_FOREST,SHT_TIME,2,test,0.15441309998277575,0.047869900008663535
relative_humidity,480,378,5.022322292342974,0.371988205399485,3.6192090579182428,-0.33021954676997833,0.8527801281616423,12min,12,RANDOM_FOREST,SHT_TIME,2,test,0.15441309998277575,0.047869900008663535
temperature,60,135,1.7378220661740063,0.4629318297585524,1.2874934998129433,0.3382931631126059,0.805975311586661,12min,12,EXTRA_TREES,SHT_TIME,2,validation,0.13372920011170208,0.042939400067552924
temperature,120,135,2.027237305409045,0.550049120006323,1.458932903105119,0.5407148335203864,0.7260981618580913,12min,12,EXTRA_TREES,SHT_TIME,2,validation,0.13372920011170208,0.042939400067552924
temperature,240,135,2.2164275676233642,0.5627730184956583,1.611518050879157,0.27007876917321433,0.7264934243475558,12min,12,EXTRA_TREES,SHT_TIME,2,validation,0.13372920011170208,0.042939400067552924
temperature,480,135,2.2906591370415246,0.3826416060622377,1.7868321081182197,0.49374735316123963,0.7051439237372545,12min,12,EXTRA_TREES,SHT_TIME,2,validation,0.13372920011170208,0.042939400067552924
relative_humidity,60,135,4.870343970241487,0.43130004872991823,3.516292340067332,-0.11949933595213333,0.8211833797015315,12min,12,EXTRA_TREES,SHT_TIME,2,validation,0.13372920011170208,0.042939400067552924
relative_humidity,120,135,5.361841104625445,0.4963441512796815,3.8694461279461327,-0.4256904040404046,0.7726554458434243,12min,12,EXTRA_TREES,SHT_TIME,2,validation,0.13372920011170208,0.042939400067552924
relative_humidity,240,135,6.8441455422021065,0.6110571788312417,4.90675066404789,0.10644789562288026,0.6975466248475986,12min,12,EXTRA_TREES,SHT_TIME,2,validation,0.13372920011170208,0.042939400067552924
relative_humidity,480,135,6.1814826226988115,0.4129482761343425,4.549930499438832,-0.5706671623644114,0.7453824865750793,12min,12,EXTRA_TREES,SHT_TIME,2,validation,0.13372920011170208,0.042939400067552924
temperature,60,378,1.0561074577444693,0.27291032196486836,0.7629543450376807,-0.1586004355726571,0.929209974686929,12min,12,EXTRA_TREES,SHT_TIME,2,test,0.14395559998229146,0.03936970001086593
temperature,120,378,1.2066371620272303,0.3181216111222839,0.8848065643204505,-0.2340493559937966,0.9106016227673502,12min,12,EXTRA_TREES,SHT_TIME,2,test,0.14395559998229146,0.03936970001086593
temperature,240,378,1.3741717313632489,0.33312061095566714,0.9957583239805459,-0.2163943402276767,0.8865949208201291,12min,12,EXTRA_TREES,SHT_TIME,2,test,0.14395559998229146,0.03936970001086593
temperature,480,378,1.675387297990608,0.32956779468370867,1.2693294118432985,0.05975164341831263,0.8744940662229115,12min,12,EXTRA_TREES,SHT_TIME,2,test,0.14395559998229146,0.03936970001086593
relative_humidity,60,378,2.366462471290209,0.20722039700041564,1.7261518224573822,-0.226570012292234,0.9572957461728113,12min,12,EXTRA_TREES,SHT_TIME,2,test,0.14395559998229146,0.03936970001086593
relative_humidity,120,378,2.9548723878164176,0.26674722976784687,2.064560091657318,-0.020630437977652575,0.9352443403652153,12min,12,EXTRA_TREES,SHT_TIME,2,test,0.14395559998229146,0.03936970001086593
relative_humidity,240,378,3.4440748895473834,0.28605841851915975,2.512835010154455,-0.01674229731175714,0.9134896708217537,12min,12,EXTRA_TREES,SHT_TIME,2,test,0.14395559998229146,0.03936970001086593
relative_humidity,480,378,4.616202281323272,0.3419081258501574,3.4419801320079078,-0.38056774090107437,0.8756267622429605,12min,12,EXTRA_TREES,SHT_TIME,2,test,0.14395559998229146,0.03936970001086593
temperature,60,135,1.2967827614012604,0.3454450419406311,1.0204243527113346,0.20648411605867623,0.8919609300011089,12min,12,HIST_GRADIENT_BOOSTING,SHT_TIME,1,validation,0.12399820005521178,0.11357259994838387
temperature,120,135,2.2019728639158576,0.5974600175534617,1.7363400434716287,0.5965359119841822,0.6768458831952698,12min,12,HIST_GRADIENT_BOOSTING,SHT_TIME,1,validation,0.12399820005521178,0.11357259994838387
temperature,240,135,2.3750359868952895,0.6030452747048692,1.9102850454483422,0.2525514919721875,0.6859483534719104,12min,12,HIST_GRADIENT_BOOSTING,SHT_TIME,1,validation,0.12399820005521178,0.11357259994838387
temperature,480,135,2.445786158680459,0.40855469445837356,1.9917935550019694,0.9061183778723239,0.6638554218761038,12min,12,HIST_GRADIENT_BOOSTING,SHT_TIME,1,validation,0.12399820005521178,0.11357259994838387
relative_humidity,60,135,4.92890084660628,0.43648563393374,3.700035802367052,-0.677006638366617,0.8168576525459333,12min,12,HIST_GRADIENT_BOOSTING,SHT_TIME,1,validation,0.12399820005521178,0.11357259994838387
relative_humidity,120,135,5.753698400650609,0.5326182730268882,4.577899751979442,-0.8848573822069736,0.7382113205862102,12min,12,HIST_GRADIENT_BOOSTING,SHT_TIME,1,validation,0.12399820005521178,0.11357259994838387
relative_humidity,240,135,7.482853889664531,0.6680821673400013,6.0817951881827925,-0.5085484147866425,0.638461548861186,12min,12,HIST_GRADIENT_BOOSTING,SHT_TIME,1,validation,0.12399820005521178,0.11357259994838387
relative_humidity,480,135,6.333016669759804,0.42307136914114235,4.43673920888084,-2.188950219587172,0.7327459904818112,12min,12,HIST_GRADIENT_BOOSTING,SHT_TIME,1,validation,0.12399820005521178,0.11357259994838387
temperature,60,378,0.8546243399993662,0.22084476544305662,0.5481378693166822,-0.007200888090559527,0.9536439562775196,12min,12,HIST_GRADIENT_BOOSTING,SHT_TIME,1,test,0.25028329994529486,0.14283820008859038
temperature,120,378,1.4018152649654643,0.36957897918327254,0.9639580466190902,0.2748370734269312,0.8793415305190159,12min,12,HIST_GRADIENT_BOOSTING,SHT_TIME,1,test,0.25028329994529486,0.14283820008859038
temperature,240,378,2.028013891158215,0.49162212482642254,1.4577566453767894,0.6667397165110417,0.7530026257110615,12min,12,HIST_GRADIENT_BOOSTING,SHT_TIME,1,test,0.25028329994529486,0.14283820008859038
temperature,480,378,1.9897339208074185,0.39140336152384153,1.4011786023984927,0.512416733192506,0.8229793912511009,12min,12,HIST_GRADIENT_BOOSTING,SHT_TIME,1,test,0.25028329994529486,0.14283820008859038
relative_humidity,60,378,2.354345285110484,0.20615934990537274,1.618048022845065,-0.08228439406271486,0.9577319505213083,12min,12,HIST_GRADIENT_BOOSTING,SHT_TIME,1,test,0.25028329994529486,0.14283820008859038
relative_humidity,120,378,3.589562750967048,0.3240430699634668,2.479096225382812,-0.604420506602558,0.9044384089441798,12min,12,HIST_GRADIENT_BOOSTING,SHT_TIME,1,test,0.25028329994529486,0.14283820008859038
relative_humidity,240,378,5.467669203409524,0.4541343772924726,4.037353218229223,-1.3411273834941337,0.7819644774084679,12min,12,HIST_GRADIENT_BOOSTING,SHT_TIME,1,test,0.25028329994529486,0.14283820008859038
relative_humidity,480,378,4.874039418871259,0.36100534193842876,3.395317878902386,-0.10702170683167611,0.8613450584277984,12min,12,HIST_GRADIENT_BOOSTING,SHT_TIME,1,test,0.25028329994529486,0.14283820008859038
temperature,60,135,1.06058629432525,0.28252556081864677,0.763647810005847,0.11505959159945313,0.9277332704714442,12min,12,XGBOOST,SHT_TIME,2,validation,0.4232180999824777,0.043491900083608925
temperature,120,135,1.6763554894892008,0.45484456079760816,1.1168572464931157,-0.37285024440435677,0.8127085251330934,12min,12,XGBOOST,SHT_TIME,2,validation,0.4232180999824777,0.043491900083608925
temperature,240,135,3.1998428863954853,0.8124719554086746,2.4714861310794034,0.3420636204849058,0.42994337758100787,12min,12,XGBOOST,SHT_TIME,2,validation,0.4232180999824777,0.043491900083608925
temperature,480,135,2.259718905315628,0.37747321598267947,1.8104686433768566,0.874931840307919,0.713055448394282,12min,12,XGBOOST,SHT_TIME,2,validation,0.4232180999824777,0.043491900083608925
relative_humidity,60,135,4.35555530345426,0.3857122260981767,3.15810632776331,-0.36385171094352886,0.8569869469465236,12min,12,XGBOOST,SHT_TIME,2,validation,0.4232180999824777,0.043491900083608925
relative_humidity,120,135,5.735331095899219,0.5309180166951107,3.8175971257716035,0.2680963225188079,0.7398800481989225,12min,12,XGBOOST,SHT_TIME,2,validation,0.4232180999824777,0.043491900083608925
relative_humidity,240,135,8.056768510228311,0.7193222595866179,5.804831773922767,0.8588439432779947,0.5808767687506753,12min,12,XGBOOST,SHT_TIME,2,validation,0.4232180999824777,0.043491900083608925
relative_humidity,480,135,5.227403008421081,0.34921186271077864,3.8212660740981863,-1.0475625128098482,0.8179146798460918,12min,12,XGBOOST,SHT_TIME,2,validation,0.4232180999824777,0.043491900083608925
temperature,60,378,0.7908313285200752,0.20435991707440299,0.5257343769914472,-0.013366209968687428,0.9603061175155299,12min,12,XGBOOST,SHT_TIME,2,test,1.2038556999759749,0.0444730999879539
temperature,120,378,1.2060733794104441,0.3179729737025036,0.7997629738863185,0.12399174355535547,0.9106851432787924,12min,12,XGBOOST,SHT_TIME,2,test,1.2038556999759749,0.0444730999879539
temperature,240,378,1.667669637070992,0.40426907037462134,1.2067320241373054,0.3576590298849444,0.8329792117172313,12min,12,XGBOOST,SHT_TIME,2,test,1.2038556999759749,0.0444730999879539
temperature,480,378,1.973233727447818,0.3881575852523488,1.5289010653083708,0.4057832943951646,0.825903162444027,12min,12,XGBOOST,SHT_TIME,2,test,1.2038556999759749,0.0444730999879539
relative_humidity,60,378,2.2965473809779806,0.20109824930249715,1.5439495728507877,-0.11119902703286899,0.9597817921183112,12min,12,XGBOOST,SHT_TIME,2,test,1.2038556999759749,0.0444730999879539
relative_humidity,120,378,3.123461808069306,0.28196641859171945,2.060982845784075,0.26227839259664026,0.9276443128608644,12min,12,XGBOOST,SHT_TIME,2,test,1.2038556999759749,0.0444730999879539
relative_humidity,240,378,4.384999220025744,0.3642098335013733,3.253020718421465,-1.130583514393532,0.8597632518418482,12min,12,XGBOOST,SHT_TIME,2,test,1.2038556999759749,0.0444730999879539
relative_humidity,480,378,5.196210801143521,0.38486760073955034,3.7489282315370267,-0.07328132212267115,0.8424092217146273,12min,12,XGBOOST,SHT_TIME,2,test,1.2038556999759749,0.0444730999879539
temperature,60,239,1.0712283334594075,0.27162149848288963,0.8035973998804562,0.12482832237497235,0.9194248741833333,20min,20,RANDOM_FOREST,SHT_TIME,1,validation,0.11498579999897629,0.027732299990020692
temperature,120,239,1.4224419211864006,0.37413221846456424,1.0599855748156999,0.07920425383542223,0.8631067002323225,20min,20,RANDOM_FOREST,SHT_TIME,1,validation,0.11498579999897629,0.027732299990020692
temperature,240,239,2.0411772801533634,0.44078156884508535,1.5836992179717109,0.5234094391313012,0.7375406459802678,20min,20,RANDOM_FOREST,SHT_TIME,1,validation,0.11498579999897629,0.027732299990020692
temperature,480,239,2.367216152657112,0.43915185296603937,1.7903891960549838,1.00433333831439,0.6711353315705699,20min,20,RANDOM_FOREST,SHT_TIME,1,validation,0.11498579999897629,0.027732299990020692
relative_humidity,60,239,3.5805630227248013,0.32051749598925083,2.6163329946204392,0.20524014743973637,0.8987158226836053,20min,20,RANDOM_FOREST,SHT_TIME,1,validation,0.11498579999897629,0.027732299990020692
relative_humidity,120,239,4.650618643037234,0.4329234787144893,3.2774900677425785,0.4070646842000484,0.8329070023111889,20min,20,RANDOM_FOREST,SHT_TIME,1,validation,0.11498579999897629,0.027732299990020692
relative_humidity,240,239,6.105378461504328,0.5001980540181633,4.490099895397484,-0.5483453028491663,0.7318943255280017,20min,20,RANDOM_FOREST,SHT_TIME,1,validation,0.11498579999897629,0.027732299990020692
relative_humidity,480,239,6.4760952479018625,0.47223466863877706,4.918594421199437,-1.8399196652719592,0.7230230566078595,20min,20,RANDOM_FOREST,SHT_TIME,1,validation,0.11498579999897629,0.027732299990020692
temperature,60,556,0.9858798232588966,0.2559386494215258,0.7425465548989388,-0.20388063763275255,0.9441242079963701,20min,20,RANDOM_FOREST,SHT_TIME,1,test,0.1000181999988854,0.027682799962349236
temperature,120,556,1.311536482857535,0.34244427046814546,0.9604202273895164,-0.24286467326139277,0.9010303410881401,20min,20,RANDOM_FOREST,SHT_TIME,1,test,0.1000181999988854,0.027682799962349236
temperature,240,556,1.6902598474886075,0.39835587807471623,1.256677610054814,-0.2174340206406315,0.8404473104468789,20min,20,RANDOM_FOREST,SHT_TIME,1,test,0.1000181999988854,0.027682799962349236
temperature,480,556,1.8181302278459364,0.39087415328363234,1.4214069244604328,0.024293229701948364,0.8423529264369123,20min,20,RANDOM_FOREST,SHT_TIME,1,test,0.1000181999988854,0.027682799962349236
relative_humidity,60,556,2.393973947237749,0.213249676833855,1.7059193966255588,-0.2552906196471431,0.9606100394851351,20min,20,RANDOM_FOREST,SHT_TIME,1,test,0.1000181999988854,0.027682799962349236
relative_humidity,120,556,3.3019677833945127,0.2962787769413047,2.3391613480644082,-0.23965282631038315,0.9233796695770916,20min,20,RANDOM_FOREST,SHT_TIME,1,test,0.1000181999988854,0.027682799962349236
relative_humidity,240,556,4.58723930452494,0.38228359366264286,3.3320342368961957,-0.3248201267557381,0.854604399701618,20min,20,RANDOM_FOREST,SHT_TIME,1,test,0.1000181999988854,0.027682799962349236
relative_humidity,480,556,4.890901457845167,0.3801279009995444,3.7461866114251454,-0.6738139966598119,0.8546673374904854,20min,20,RANDOM_FOREST,SHT_TIME,1,test,0.1000181999988854,0.027682799962349236
temperature,60,239,1.1118278081306008,0.2819159332017651,0.8867921357930801,0.06089840771734345,0.9132015530908011,20min,20,EXTRA_TREES,SHT_TIME,2,validation,0.10661690006963909,0.03914260002784431
temperature,120,239,1.4256587791598958,0.37497831994131586,1.1330652312877716,0.06356439129791995,0.8624868306385369,20min,20,EXTRA_TREES,SHT_TIME,2,validation,0.10661690006963909,0.03914260002784431
temperature,240,239,1.8372150845388457,0.3967369983699032,1.420216408330164,0.4303059132116215,0.7873719240236798,20min,20,EXTRA_TREES,SHT_TIME,2,validation,0.10661690006963909,0.03914260002784431
temperature,480,239,1.9936604661601491,0.3698520250956505,1.510354339419294,0.7996196842905992,0.7667381152341228,20min,20,EXTRA_TREES,SHT_TIME,2,validation,0.10661690006963909,0.03914260002784431
relative_humidity,60,239,3.249439388961722,0.2908766497639445,2.4303989412957905,0.03145458771815924,0.9165827551845356,20min,20,EXTRA_TREES,SHT_TIME,2,validation,0.10661690006963909,0.03914260002784431
relative_humidity,120,239,4.213874431733497,0.3922672052638355,3.055423627488276,0.11509061535857039,0.8628171017226747,20min,20,EXTRA_TREES,SHT_TIME,2,validation,0.10661690006963909,0.03914260002784431
relative_humidity,240,239,5.355215364473572,0.43873910864779414,3.9240614830311467,-0.6239846297705117,0.7937306464470357,20min,20,EXTRA_TREES,SHT_TIME,2,validation,0.10661690006963909,0.03914260002784431
relative_humidity,480,239,5.504880190326097,0.4014139960985031,4.180792599636528,-1.5365692024850885,0.799869672646871,20min,20,EXTRA_TREES,SHT_TIME,2,validation,0.10661690006963909,0.03914260002784431
temperature,60,556,0.97629366909785,0.25345004250287045,0.7502415204200272,-0.23820946152168704,0.945205536243845,20min,20,EXTRA_TREES,SHT_TIME,2,test,0.10963939991779625,0.04044370003975928
temperature,120,556,1.1938268900345619,0.31171010777559,0.899177875881113,-0.27517547371193635,0.9179980772786592,20min,20,EXTRA_TREES,SHT_TIME,2,test,0.10963939991779625,0.04044370003975928
temperature,240,556,1.4560580022282106,0.3431598194012269,1.0625085608785707,-0.2906385641486789,0.8815992289115643,20min,20,EXTRA_TREES,SHT_TIME,2,test,0.10963939991779625,0.04044370003975928
temperature,480,556,1.4745475817253957,0.31700839062898034,1.1742237818835823,-0.030228807408618528,0.8963060254845032,20min,20,EXTRA_TREES,SHT_TIME,2,test,0.10963939991779625,0.04044370003975928
relative_humidity,60,556,2.2848095875488688,0.20352556749160888,1.6054647675041844,-0.2561782903223066,0.9641204712074355,20min,20,EXTRA_TREES,SHT_TIME,2,test,0.10963939991779625,0.04044370003975928
relative_humidity,120,556,2.930255626339058,0.26292580971356655,2.067255416348741,-0.22270482273273817,0.9396594347367451,20min,20,EXTRA_TREES,SHT_TIME,2,test,0.10963939991779625,0.04044370003975928
relative_humidity,240,556,3.8469217016724637,0.320588256907268,2.74827095437287,-0.18896946556391292,0.8977472103217146,20min,20,EXTRA_TREES,SHT_TIME,2,test,0.10963939991779625,0.04044370003975928
relative_humidity,480,556,4.160722689339808,0.3233773561319604,3.13956872047817,-0.6065942809388927,0.8948224750132278,20min,20,EXTRA_TREES,SHT_TIME,2,test,0.10963939991779625,0.04044370003975928
temperature,60,239,1.0228832106109262,0.25936307112218215,0.8078491614915382,0.24113899176150624,0.9265335608057361,20min,20,HIST_GRADIENT_BOOSTING,SHT_TIME,1,validation,0.13191170000936836,0.11706700001377612
temperature,120,239,1.6568147276752814,0.43577720848729595,1.242577296135368,0.24168345845583888,0.8142790062083719,20min,20,HIST_GRADIENT_BOOSTING,SHT_TIME,1,validation,0.13191170000936836,0.11706700001377612
temperature,240,239,2.4289635363952295,0.5245219847632996,1.917235803228958,0.6324512239288114,0.6283427623146007,20min,20,HIST_GRADIENT_BOOSTING,SHT_TIME,1,validation,0.13191170000936836,0.11706700001377612
temperature,480,239,2.4420309409821175,0.45303104726154536,1.9641440280734772,1.015504103992245,0.6500196098857448,20min,20,HIST_GRADIENT_BOOSTING,SHT_TIME,1,validation,0.13191170000936836,0.11706700001377612
relative_humidity,60,239,3.227516733226967,0.2889142224370291,2.4432142249266753,-0.6573865973178105,0.9177045232676087,20min,20,HIST_GRADIENT_BOOSTING,SHT_TIME,1,validation,0.13191170000936836,0.11706700001377612
relative_humidity,120,239,4.588064705420284,0.4271003677782778,3.3570686399682006,-0.2517892250667572,0.8373717973686312,20min,20,HIST_GRADIENT_BOOSTING,SHT_TIME,1,validation,0.13191170000936836,0.11706700001377612
relative_humidity,240,239,6.300230398453539,0.5161617752351524,4.7532690915049445,-1.5286307517990976,0.7145081669373732,20min,20,HIST_GRADIENT_BOOSTING,SHT_TIME,1,validation,0.13191170000936836,0.11706700001377612
relative_humidity,480,239,6.043927172043232,0.44072111914836803,4.375045438287986,-2.059322592675723,0.7587565069078193,20min,20,HIST_GRADIENT_BOOSTING,SHT_TIME,1,validation,0.13191170000936836,0.11706700001377612
temperature,60,556,0.7913633941245787,0.20544134641519204,0.532987074795873,-0.037545242252668094,0.9639979152732261,20min,20,HIST_GRADIENT_BOOSTING,SHT_TIME,1,test,0.3937883999897167,0.14418149995617568
temperature,120,556,1.121719211682485,0.2928826777870405,0.7829238256675678,0.013446835162366695,0.927604822362226,20min,20,HIST_GRADIENT_BOOSTING,SHT_TIME,1,test,0.3937883999897167,0.14418149995617568
temperature,240,556,1.6193729801716017,0.38164945254139476,1.1849280758171603,0.23482002227233664,0.8535494668532329,20min,20,HIST_GRADIENT_BOOSTING,SHT_TIME,1,test,0.3937883999897167,0.14418149995617568
temperature,480,556,1.6724819378905909,0.35956168119468096,1.3356734900815277,0.5279930795304066,0.8665990841903062,20min,20,HIST_GRADIENT_BOOSTING,SHT_TIME,1,test,0.3937883999897167,0.14418149995617568
relative_humidity,60,556,2.168998350600423,0.19320936965600546,1.5192174023887406,-0.40298065132592525,0.9676655744789642,20min,20,HIST_GRADIENT_BOOSTING,SHT_TIME,1,test,0.3937883999897167,0.14418149995617568
relative_humidity,120,556,3.1880544333746896,0.28605756636775276,2.157547792213133,-0.357109376753331,0.9285750716673891,20min,20,HIST_GRADIENT_BOOSTING,SHT_TIME,1,test,0.3937883999897167,0.14418149995617568
relative_humidity,240,556,4.97623264138006,0.4147008627109596,3.5388479093646006,-0.5237274491881548,0.8289000736269568,20min,20,HIST_GRADIENT_BOOSTING,SHT_TIME,1,test,0.3937883999897167,0.14418149995617568
relative_humidity,480,556,4.662112193005154,0.3623460700294353,3.5417110698252925,-0.3113069452819083,0.867946217472191,20min,20,HIST_GRADIENT_BOOSTING,SHT_TIME,1,test,0.3937883999897167,0.14418149995617568
temperature,60,239,0.8470992832836471,0.21479116029935086,0.6187007851487591,0.006247172889017596,0.9496145062397611,20min,20,XGBOOST,SHT_TIME,2,validation,0.6264500999823213,0.033951599965803325
temperature,120,239,2.012220326089048,0.5292563748481726,1.4906666681563672,0.23902930989923818,0.7260545009349536,20min,20,XGBOOST,SHT_TIME,2,validation,0.6264500999823213,0.033951599965803325
temperature,240,239,2.6698374617281067,0.5765374504136532,1.9319922318930745,0.28357506677263106,0.5509752813992865,20min,20,XGBOOST,SHT_TIME,2,validation,0.6264500999823213,0.033951599965803325
temperature,480,239,2.289129020130653,0.4246655928485138,1.8039142576507612,1.1094044506972136,0.6924739367809488,20min,20,XGBOOST,SHT_TIME,2,validation,0.6264500999823213,0.033951599965803325
relative_humidity,60,239,3.0693491114591693,0.27475569771512365,2.135888436204386,-0.049542447056896394,0.9255728246328085,20min,20,XGBOOST,SHT_TIME,2,validation,0.6264500999823213,0.033951599965803325
relative_humidity,120,239,5.755154921525722,0.5357441408140378,3.9266402916050356,0.17061646959206417,0.744111462867934,20min,20,XGBOOST,SHT_TIME,2,validation,0.6264500999823213,0.033951599965803325
relative_humidity,240,239,7.536236213134489,0.6174245728089188,4.886940142686066,0.07223393953927251,0.5915020981917914,20min,20,XGBOOST,SHT_TIME,2,validation,0.6264500999823213,0.033951599965803325
relative_humidity,480,239,5.615471108159695,0.4094782483119842,4.30643265574946,-1.7891112630889336,0.7917478194998657,20min,20,XGBOOST,SHT_TIME,2,validation,0.6264500999823213,0.033951599965803325
temperature,60,556,0.8026621052543228,0.20837454050084814,0.5321482907027648,0.01777405069657642,0.962962534956002,20min,20,XGBOOST,SHT_TIME,2,test,1.611495399964042,0.044296200037933886
temperature,120,556,1.1660641220677885,0.3044612047166037,0.7938179460337978,0.032569867744720114,0.9217676838990666,20min,20,XGBOOST,SHT_TIME,2,test,1.611495399964042,0.044296200037933886
temperature,240,556,1.5951901283639487,0.37595010330790163,1.1438578995720663,0.10304452557643815,0.8578908353512189,20min,20,XGBOOST,SHT_TIME,2,test,1.611495399964042,0.044296200037933886
temperature,480,556,1.5999180610829584,0.34396139939321446,1.2856493195092364,0.5061724044836395,0.8779236823295051,20min,20,XGBOOST,SHT_TIME,2,test,1.611495399964042,0.044296200037933886
relative_humidity,60,556,2.1666470524779937,0.19299992144320155,1.454947188617514,-0.15736621410269253,0.9677356406134705,20min,20,XGBOOST,SHT_TIME,2,test,1.611495399964042,0.044296200037933886
relative_humidity,120,556,3.294373721521731,0.2955973773907097,2.1897924124628525,-0.01205273658880506,0.923731696289946,20min,20,XGBOOST,SHT_TIME,2,test,1.611495399964042,0.044296200037933886
relative_humidity,240,556,4.775536047238125,0.3979755492596316,3.3911696188215443,-0.13630768217457265,0.8424230367947498,20min,20,XGBOOST,SHT_TIME,2,test,1.611495399964042,0.044296200037933886
relative_humidity,480,556,4.520465813046006,0.35133710950096514,3.404742134698003,-0.32857291044605724,0.8758485538200518,20min,20,XGBOOST,SHT_TIME,2,test,1.611495399964042,0.044296200037933886
temperature,60,142,1.1745350901712557,0.24657178999263465,0.8600524976968251,0.35671661578898917,0.9077192206219697,30min,30,RANDOM_FOREST,SHT_TIME,2,validation,0.12592050002422184,0.02824380004312843
temperature,120,142,1.6912989907662723,0.3634380268360816,1.2987428693507288,0.5302953872206203,0.8104905091730246,30min,30,RANDOM_FOREST,SHT_TIME,2,validation,0.12592050002422184,0.02824380004312843
temperature,240,142,2.5345460392271577,0.5491390647974755,1.8891151021598465,1.1392500364452085,0.573540675146795,30min,30,RANDOM_FOREST,SHT_TIME,2,validation,0.12592050002422184,0.02824380004312843
temperature,480,142,2.4006170259136397,0.4333027766432472,1.8392204368282188,1.130438989600708,0.658577797106451,30min,30,RANDOM_FOREST,SHT_TIME,2,validation,0.12592050002422184,0.02824380004312843
relative_humidity,60,142,3.3969770553465652,0.27303362734345854,2.459808914878796,-0.4539801143106878,0.9123934932437486,30min,30,RANDOM_FOREST,SHT_TIME,2,validation,0.12592050002422184,0.02824380004312843
relative_humidity,120,142,4.790223907946657,0.39455118548843143,3.5670353904230057,-0.9599893260288824,0.8249164763738277,30min,30,RANDOM_FOREST,SHT_TIME,2,validation,0.12592050002422184,0.02824380004312843
relative_humidity,240,142,6.688582531881902,0.547237483963653,4.969435162785577,-2.3804827330334586,0.66716560025125,30min,30,RANDOM_FOREST,SHT_TIME,2,validation,0.12592050002422184,0.02824380004312843
relative_humidity,480,142,6.082269105216824,0.44008972525366996,4.601431076085052,-2.2514260297121704,0.7566709606875481,30min,30,RANDOM_FOREST,SHT_TIME,2,validation,0.12592050002422184,0.02824380004312843
temperature,60,350,1.0883857438748836,0.253536843555884,0.8410240267179339,-0.1469386351079562,0.9251590330371665,30min,30,RANDOM_FOREST,SHT_TIME,2,test,0.13628069998230785,0.038811700069345534
temperature,120,350,1.2224962738979235,0.2886987361470954,0.9561499818101737,-0.13093126113375125,0.9040186896445307,30min,30,RANDOM_FOREST,SHT_TIME,2,test,0.13628069998230785,0.038811700069345534
temperature,240,350,1.5758490757266275,0.3744962369016243,1.172712659423254,-0.1575410418978114,0.8483290410718459,30min,30,RANDOM_FOREST,SHT_TIME,2,test,0.13628069998230785,0.038811700069345534
temperature,480,350,1.732858150679619,0.36346116405501977,1.3153269288061167,0.21894675391223725,0.8503352823261019,30min,30,RANDOM_FOREST,SHT_TIME,2,test,0.13628069998230785,0.038811700069345534
relative_humidity,60,350,2.5535681330479063,0.21422356005085122,1.7928636168893737,-0.30495929144395284,0.9516956216623735,30min,30,RANDOM_FOREST,SHT_TIME,2,test,0.13628069998230785,0.038811700069345534
relative_humidity,120,350,2.918245688954927,0.2484134649411318,2.0569038803857187,-0.38247628625103863,0.9346102155303235,30min,30,RANDOM_FOREST,SHT_TIME,2,test,0.13628069998230785,0.038811700069345534
relative_humidity,240,350,3.975216932938974,0.3344472010641228,2.7977697545610205,-0.3040275535844854,0.882997503734902,30min,30,RANDOM_FOREST,SHT_TIME,2,test,0.13628069998230785,0.038811700069345534
relative_humidity,480,350,4.741515833619016,0.36498945124553017,3.504506428112979,-1.0172483138738302,0.859346464342736,30min,30,RANDOM_FOREST,SHT_TIME,2,test,0.13628069998230785,0.038811700069345534
temperature,60,142,0.9721339935494971,0.20408144542300372,0.7793844465943379,0.208355761065762,0.9367833437181577,30min,30,EXTRA_TREES,SHT_TIME,2,validation,0.09283670003060251,0.02752489992417395
temperature,120,142,1.624258703713244,0.3490319461974134,1.270058961645503,0.4939083871124466,0.825216436064569,30min,30,EXTRA_TREES,SHT_TIME,2,validation,0.09283670003060251,0.02752489992417395
temperature,240,142,2.430608849710423,0.5266198561638452,1.7740609087765242,0.9982032128852707,0.6078001748251967,30min,30,EXTRA_TREES,SHT_TIME,2,validation,0.09283670003060251,0.02752489992417395
temperature,480,142,2.1175619962032752,0.38221235739169684,1.6456447688657208,0.7644031204271073,0.7343448347653341,30min,30,EXTRA_TREES,SHT_TIME,2,validation,0.09283670003060251,0.02752489992417395
relative_humidity,60,142,3.078458792986407,0.24743257230823196,2.390659540894362,-0.5344413812420011,0.9280521491091224,30min,30,EXTRA_TREES,SHT_TIME,2,validation,0.09283670003060251,0.02752489992417395
relative_humidity,120,142,4.639001915180347,0.3820956473623554,3.5880223028511926,-1.3455100300349963,0.8357963698713915,30min,30,EXTRA_TREES,SHT_TIME,2,validation,0.09283670003060251,0.02752489992417395
relative_humidity,240,142,6.2782314800780545,0.5136639314118847,4.607792295439316,-2.3044785706029467,0.7067522599692884,30min,30,EXTRA_TREES,SHT_TIME,2,validation,0.09283670003060251,0.02752489992417395
relative_humidity,480,142,5.595556280035995,0.40487304710183525,4.2627259880304535,-1.6240462743316115,0.7940559659746207,30min,30,EXTRA_TREES,SHT_TIME,2,validation,0.09283670003060251,0.02752489992417395
temperature,60,350,1.018598282729285,0.23728002218698158,0.7825827806766639,-0.17638683441558206,0.9344489609310935,30min,30,EXTRA_TREES,SHT_TIME,2,test,0.10362309997435659,0.040241100010462105
temperature,120,350,1.1324798194917032,0.2674408908886743,0.8880497679924234,-0.15400065376340305,0.9176331362210418,30min,30,EXTRA_TREES,SHT_TIME,2,test,0.10362309997435659,0.040241100010462105
temperature,240,350,1.499847195880508,0.35643459734601074,1.1190982014984032,-0.1968879201131214,0.8626061729276868,30min,30,EXTRA_TREES,SHT_TIME,2,test,0.10362309997435659,0.040241100010462105
temperature,480,350,1.5874286566521159,0.3329578172193667,1.21693834908395,0.14374531890975895,0.8744022567723575,30min,30,EXTRA_TREES,SHT_TIME,2,test,0.10362309997435659,0.040241100010462105
relative_humidity,60,350,2.3491862570744937,0.19707758594729885,1.6675000029633058,-0.33384618532260585,0.9591185303074634,30min,30,EXTRA_TREES,SHT_TIME,2,test,0.10362309997435659,0.040241100010462105
relative_humidity,120,350,2.7901912405503344,0.23751292652871936,2.0380968379586704,-0.43157023094464886,0.9402229962749744,30min,30,EXTRA_TREES,SHT_TIME,2,test,0.10362309997435659,0.040241100010462105
relative_humidity,240,350,3.9401990036592665,0.3315010351989053,2.7999627287543816,-0.33544577876984183,0.8850497886950615,30min,30,EXTRA_TREES,SHT_TIME,2,test,0.10362309997435659,0.040241100010462105
relative_humidity,480,350,4.477558559203536,0.344670712656053,3.4105068256545072,-0.9276148057101623,0.8745707596032755,30min,30,EXTRA_TREES,SHT_TIME,2,test,0.10362309997435659,0.040241100010462105
temperature,60,142,1.3398179187712838,0.28126984477532535,1.0509785208774127,0.41782308278479185,0.8799199597187303,30min,30,HIST_GRADIENT_BOOSTING,SHT_TIME,1,validation,0.10358599992468953,0.11005360004492104
temperature,120,142,2.123439518338513,0.4562993727685364,1.5502033814381184,0.5780905982155063,0.7012760959893352,30min,30,HIST_GRADIENT_BOOSTING,SHT_TIME,1,validation,0.10358599992468953,0.11005360004492104
temperature,240,142,2.4681382796627798,0.5347510464233458,1.8880900770396327,0.9063504347483281,0.5955952745296076,30min,30,HIST_GRADIENT_BOOSTING,SHT_TIME,1,validation,0.10358599992468953,0.11005360004492104
temperature,480,142,2.7718493592304125,0.5003088834355998,2.103558919180414,0.9152698317559516,0.5448178272557176,30min,30,HIST_GRADIENT_BOOSTING,SHT_TIME,1,validation,0.10358599992468953,0.11005360004492104
relative_humidity,60,142,3.8810729064305263,0.3119430588909401,2.8746604473213386,-1.1937556434523742,0.88564511045077,30min,30,HIST_GRADIENT_BOOSTING,SHT_TIME,1,validation,0.10358599992468953,0.11005360004492104
relative_humidity,120,142,5.0598961391033725,0.41676298613509494,3.7916896702736747,-1.532040833672157,0.8046484527327259,30min,30,HIST_GRADIENT_BOOSTING,SHT_TIME,1,validation,0.10358599992468953,0.11005360004492104
relative_humidity,240,142,6.701664324377034,0.5483077925345119,5.104659247425392,-2.4354386040514524,0.665862385866706,30min,30,HIST_GRADIENT_BOOSTING,SHT_TIME,1,validation,0.10358599992468953,0.11005360004492104
relative_humidity,480,142,6.133503324446196,0.4437968373649873,4.391395351419842,-1.2079538971143249,0.7525543126760594,30min,30,HIST_GRADIENT_BOOSTING,SHT_TIME,1,validation,0.10358599992468953,0.11005360004492104
temperature,60,350,0.7828994469838161,0.18237454480361323,0.531199718454404,-0.0018731494565680455,0.9612755129733184,30min,30,HIST_GRADIENT_BOOSTING,SHT_TIME,1,test,0.240356000023894,0.136664199992083
temperature,120,350,1.1176221832726916,0.2639321842446162,0.7890491076225851,0.31343541647647744,0.9197801929204552,30min,30,HIST_GRADIENT_BOOSTING,SHT_TIME,1,test,0.240356000023894,0.136664199992083
temperature,240,350,1.7470779968752574,0.4151883232229739,1.3041546927914407,0.5818074193269709,0.8135777358949404,30min,30,HIST_GRADIENT_BOOSTING,SHT_TIME,1,test,0.240356000023894,0.136664199992083
temperature,480,350,1.8587515044276484,0.38986687122851427,1.4353012729542352,0.6458267299632517,0.8277988410702046,30min,30,HIST_GRADIENT_BOOSTING,SHT_TIME,1,test,0.240356000023894,0.136664199992083
relative_humidity,60,350,2.22061491929704,0.1862914982989103,1.5674888395918896,-0.040012118446738326,0.963470973035774,30min,30,HIST_GRADIENT_BOOSTING,SHT_TIME,1,test,0.240356000023894,0.136664199992083
relative_humidity,120,350,3.2734866756163616,0.27865308620388984,2.271677339822608,-0.6922992943096267,0.9177213124233968,30min,30,HIST_GRADIENT_BOOSTING,SHT_TIME,1,test,0.240356000023894,0.136664199992083
relative_humidity,240,350,4.690755634275426,0.39464766809576884,3.5078112180312138,-0.7494918124053284,0.8370857482754346,30min,30,HIST_GRADIENT_BOOSTING,SHT_TIME,1,test,0.240356000023894,0.136664199992083
relative_humidity,480,350,4.768177681004956,0.36704181031972916,3.508536660013912,-0.929192654189397,0.8577602093505567,30min,30,HIST_GRADIENT_BOOSTING,SHT_TIME,1,test,0.240356000023894,0.136664199992083
temperature,60,142,1.0252001501561718,0.21522169770838195,0.8054036926535615,0.17012219352901242,0.9296933210789936,30min,30,XGBOOST,SHT_TIME,2,validation,0.40986090002115816,0.04458760004490614
temperature,120,142,2.030835439157933,0.43639996763785993,1.6206945023514296,0.8103755425415448,0.7267629094658185,30min,30,XGBOOST,SHT_TIME,2,validation,0.40986090002115816,0.04458760004490614
temperature,240,142,2.471860354056763,0.5355574774055354,2.0206929106683558,0.6011538121653914,0.5943746302388837,30min,30,XGBOOST,SHT_TIME,2,validation,0.40986090002115816,0.04458760004490614
temperature,480,142,2.288867944883033,0.4131324676871717,1.693547939400318,1.0878961761904435,0.6896244727906566,30min,30,XGBOOST,SHT_TIME,2,validation,0.40986090002115816,0.04458760004490614
relative_humidity,60,142,3.3591042165915894,0.2699895801289536,2.5011623658372764,-0.18285277603937383,0.9143360506445752,30min,30,XGBOOST,SHT_TIME,2,validation,0.40986090002115816,0.04458760004490614
relative_humidity,120,142,4.909576667677048,0.40438178500692606,3.667918527348581,-1.5711223122323625,0.8160830555386873,30min,30,XGBOOST,SHT_TIME,2,validation,0.40986090002115816,0.04458760004490614
relative_humidity,240,142,7.046605011098186,0.5765296874753623,4.9895939047267825,-1.0524332387042792,0.6305804439526286,30min,30,XGBOOST,SHT_TIME,2,validation,0.40986090002115816,0.04458760004490614
relative_humidity,480,142,6.01788768314361,0.4354313318380713,4.392271450715606,-2.272843699618364,0.7617950211067707,30min,30,XGBOOST,SHT_TIME,2,validation,0.40986090002115816,0.04458760004490614
temperature,60,350,0.7720870065734499,0.17985581279319518,0.5191110830190228,0.03649976735017736,0.9623377563647046,30min,30,XGBOOST,SHT_TIME,2,test,1.4161556999897584,0.032760299975052476
temperature,120,350,1.1657320896164638,0.2752935842375309,0.7555909918129847,0.139260253594846,0.9127251542677679,30min,30,XGBOOST,SHT_TIME,2,test,1.4161556999897584,0.032760299975052476
temperature,240,350,1.6121660606843726,0.38312686937257795,1.1480317279115015,0.21908404737200052,0.8412576745064546,30min,30,XGBOOST,SHT_TIME,2,test,1.4161556999897584,0.032760299975052476
temperature,480,350,1.879083398547986,0.3941314175801721,1.4593781979723044,0.6172369060282804,0.8240110034039274,30min,30,XGBOOST,SHT_TIME,2,test,1.4161556999897584,0.032760299975052476
relative_humidity,60,350,2.249750369870614,0.18873572520822204,1.5060839022681827,-0.12423814363025465,0.9625061307067423,30min,30,XGBOOST,SHT_TIME,2,test,1.4161556999897584,0.032760299975052476
relative_humidity,120,350,3.1859769419982307,0.27120388608121604,2.194889428482574,-0.3195164620743317,0.9220616051288815,30min,30,XGBOOST,SHT_TIME,2,test,1.4161556999897584,0.032760299975052476
relative_humidity,240,350,4.81051757898401,0.4047236080702369,3.3895873066597244,-0.7072132096893932,0.8286606668600398,30min,30,XGBOOST,SHT_TIME,2,test,1.4161556999897584,0.032760299975052476
relative_humidity,480,350,4.892257017669845,0.37659311217959474,3.668523753367314,-0.2791950281467569,0.8502610535662738,30min,30,XGBOOST,SHT_TIME,2,test,1.4161556999897584,0.032760299975052476
temperature,60,58,1.384849784457246,0.3212736682724311,1.1077053364529188,0.34595201109963186,0.8845688928454165,60min,60,RANDOM_FOREST,SHT_TIME,2,validation,0.12571270007174462,0.02872990001924336
temperature,120,58,1.7908195193360184,0.4213596284854506,1.4514621680578348,0.4265438305966068,0.790028478827993,60min,60,RANDOM_FOREST,SHT_TIME,2,validation,0.12571270007174462,0.02872990001924336
temperature,240,58,2.210030893112008,0.48920244820810804,1.7770082111202636,0.9912508915748269,0.6475946064570957,60min,60,RANDOM_FOREST,SHT_TIME,2,validation,0.12571270007174462,0.02872990001924336
temperature,480,58,2.5108576567448484,0.4832988008521932,1.9935692281414314,1.034801351090959,0.6472291744823181,60min,60,RANDOM_FOREST,SHT_TIME,2,validation,0.12571270007174462,0.02872990001924336
relative_humidity,60,58,4.269306221524122,0.3781374187856211,3.4729144506943395,-0.23008354176237503,0.866518369513188,60min,60,RANDOM_FOREST,SHT_TIME,2,validation,0.12571270007174462,0.02872990001924336
relative_humidity,120,58,5.6880580641306695,0.5135929407570036,4.2145772219941575,-0.23147391294098613,0.7477727610783484,60min,60,RANDOM_FOREST,SHT_TIME,2,validation,0.12571270007174462,0.02872990001924336
relative_humidity,240,58,6.166668679575743,0.5327883016332844,4.961894644278367,-1.6158223584251699,0.6751714599833735,60min,60,RANDOM_FOREST,SHT_TIME,2,validation,0.12571270007174462,0.02872990001924336
relative_humidity,480,58,6.480667691016819,0.5004115017778293,4.974706714012043,-1.9488328324957374,0.7316292751197759,60min,60,RANDOM_FOREST,SHT_TIME,2,validation,0.12571270007174462,0.02872990001924336
temperature,60,211,1.130193039306111,0.26527448990814306,0.8972441495482174,-0.12917457271579955,0.9162067097738319,60min,60,RANDOM_FOREST,SHT_TIME,2,test,0.12361240002792329,0.027838399983011186
temperature,120,211,1.4287196287883697,0.345824786670834,1.097956208975903,-0.20689444479550675,0.8656711445520013,60min,60,RANDOM_FOREST,SHT_TIME,2,test,0.12361240002792329,0.027838399983011186
temperature,240,211,1.7235362477099754,0.4123164319375694,1.272145840787578,-0.31552507993958656,0.8184274733277431,60min,60,RANDOM_FOREST,SHT_TIME,2,test,0.12361240002792329,0.027838399983011186
temperature,480,211,1.9469065661513976,0.4077394453013921,1.4656953607130325,0.09322959672070515,0.8209749754648634,60min,60,RANDOM_FOREST,SHT_TIME,2,test,0.12361240002792329,0.027838399983011186
relative_humidity,60,211,2.3958437844387928,0.20774583430822552,1.6956050018315854,-0.4118405557634831,0.9534782060433442,60min,60,RANDOM_FOREST,SHT_TIME,2,test,0.12361240002792329,0.027838399983011186
relative_humidity,120,211,3.297602520509263,0.29412022859118436,2.292383716768225,-0.2577509975989891,0.9123565415252547,60min,60,RANDOM_FOREST,SHT_TIME,2,test,0.12361240002792329,0.027838399983011186
relative_humidity,240,211,4.672365425782729,0.41613699260426873,3.1719687666252887,0.07600870623636477,0.8408394547197953,60min,60,RANDOM_FOREST,SHT_TIME,2,test,0.12361240002792329,0.027838399983011186
relative_humidity,480,211,5.305568115054635,0.41596351290359634,4.012350734406999,-0.6979780868878421,0.8333499739354646,60min,60,RANDOM_FOREST,SHT_TIME,2,test,0.12361240002792329,0.027838399983011186
temperature,60,58,1.0543565843221017,0.24460198594399252,0.7733985033524923,-0.07932077346744124,0.933089765079306,60min,60,EXTRA_TREES,SHT_TIME,1,validation,0.07498119992669672,0.02839780005160719
temperature,120,58,1.56605416425957,0.3684748762874585,1.196211709770109,-0.09497772988504775,0.8394278164721263,60min,60,EXTRA_TREES,SHT_TIME,1,validation,0.07498119992669672,0.02839780005160719
temperature,240,58,2.3505163939505485,0.5202996836187775,1.874219622331686,0.4680104098248638,0.6013677538875414,60min,60,EXTRA_TREES,SHT_TIME,1,validation,0.07498119992669672,0.02839780005160719
temperature,480,58,2.58988386948487,0.49851004699772644,1.9139577825670426,0.6355440613026626,0.6246736483559613,60min,60,EXTRA_TREES,SHT_TIME,1,validation,0.07498119992669672,0.02839780005160719
relative_humidity,60,58,3.760192654613525,0.33304463788137695,2.9464380627394737,0.3753528855364527,0.8964554884261694,60min,60,EXTRA_TREES,SHT_TIME,1,validation,0.07498119992669672,0.02839780005160719
relative_humidity,120,58,5.506945156865323,0.4972396775514044,4.055989762931046,0.754321204501971,0.7635793285162689,60min,60,EXTRA_TREES,SHT_TIME,1,validation,0.07498119992669672,0.02839780005160719
relative_humidity,240,58,6.699622507748544,0.5788344863264241,5.012182794540228,-0.9749204861110623,0.6165986699744628,60min,60,EXTRA_TREES,SHT_TIME,1,validation,0.07498119992669672,0.02839780005160719
relative_humidity,480,58,6.76250344778759,0.5221737431122904,4.973072365900391,-1.4977442768199127,0.7077795313911945,60min,60,EXTRA_TREES,SHT_TIME,1,validation,0.07498119992669672,0.02839780005160719
temperature,60,211,0.881447424331076,0.2068898920257298,0.6900903515948269,-0.1829248500150492,0.9490320913785038,60min,60,EXTRA_TREES,SHT_TIME,1,test,0.0751039000460878,0.027874600025825202
temperature,120,211,1.27390108192591,0.3083506105885725,0.905295686639584,-0.2685803496200978,0.8932060366445363,60min,60,EXTRA_TREES,SHT_TIME,1,test,0.0751039000460878,0.027874600025825202
temperature,240,211,1.7509613537595203,0.4188772581963048,1.1975584993041455,-0.3233277086624439,0.8126030943472525,60min,60,EXTRA_TREES,SHT_TIME,1,test,0.0751039000460878,0.027874600025825202
temperature,480,211,1.9824914863643373,0.4151919732659981,1.540940804370718,-0.0777031398104237,0.814370846519741,60min,60,EXTRA_TREES,SHT_TIME,1,test,0.0751039000460878,0.027874600025825202
relative_humidity,60,211,2.157185346280533,0.18705154001745666,1.6946805889377943,-0.4360761853042914,0.9622849765985538,60min,60,EXTRA_TREES,SHT_TIME,1,test,0.0751039000460878,0.027874600025825202
relative_humidity,120,211,3.251392899565174,0.28999869356970803,2.386151109606554,-0.27909639001728587,0.9147956436626459,60min,60,EXTRA_TREES,SHT_TIME,1,test,0.0751039000460878,0.027874600025825202
relative_humidity,240,211,5.239839731847072,0.4666782130753216,3.674282184702472,-0.15013294826221846,0.7998305377533362,60min,60,EXTRA_TREES,SHT_TIME,1,test,0.0751039000460878,0.027874600025825202
relative_humidity,480,211,5.466348800056629,0.4285689299089319,4.276048680226433,-0.4374095872827616,0.8230965605661476,60min,60,EXTRA_TREES,SHT_TIME,1,test,0.0751039000460878,0.027874600025825202
temperature,60,58,1.534857361180794,0.35607418236683197,1.2878228213991503,0.12461777918808861,0.8582073991996337,60min,60,HIST_GRADIENT_BOOSTING,SHT_TIME,1,validation,0.07118389999959618,0.12001700000837445
temperature,120,58,2.196994665640859,0.5169280578548641,1.8263989205131006,0.5060722711909573,0.6839798603604585,60min,60,HIST_GRADIENT_BOOSTING,SHT_TIME,1,validation,0.07118389999959618,0.12001700000837445
temperature,240,58,2.463483725693444,0.5453056215124074,2.053192709938869,1.0784039789675695,0.5621299379833917,60min,60,HIST_GRADIENT_BOOSTING,SHT_TIME,1,validation,0.07118389999959618,0.12001700000837445
temperature,480,58,2.548012024719186,0.4904504055798376,2.0743758292465264,0.7619532444815756,0.6367116908271584,60min,60,HIST_GRADIENT_BOOSTING,SHT_TIME,1,validation,0.07118389999959618,0.12001700000837445
relative_humidity,60,58,3.831973807517676,0.33940237810150614,2.8395643411895892,-0.47746112823244585,0.8924644763534995,60min,60,HIST_GRADIENT_BOOSTING,SHT_TIME,1,validation,0.07118389999959618,0.12001700000837445
relative_humidity,120,58,5.923397286175824,0.5348424712229183,4.386241779961565,-1.5051144432890413,0.7264695576929263,60min,60,HIST_GRADIENT_BOOSTING,SHT_TIME,1,validation,0.07118389999959618,0.12001700000837445
relative_humidity,240,58,7.297705396647889,0.6305076964776354,5.5336667623303875,-2.877864985271766,0.5450898743930966,60min,60,HIST_GRADIENT_BOOSTING,SHT_TIME,1,validation,0.07118389999959618,0.12001700000837445
relative_humidity,480,58,7.005317007980978,0.5409228449180844,5.299151296303593,-2.3884942433279313,0.6864179320920563,60min,60,HIST_GRADIENT_BOOSTING,SHT_TIME,1,validation,0.07118389999959618,0.12001700000837445
temperature,60,211,0.7961538576166413,0.18687011963666134,0.6196702045112057,0.0216277992722149,0.958418706530437,60min,60,HIST_GRADIENT_BOOSTING,SHT_TIME,1,test,0.19135129998903722,0.10139510000590235
temperature,120,211,1.322207236632294,0.320043223547485,0.9636308715827374,0.08077946463016475,0.8849532509399947,60min,60,HIST_GRADIENT_BOOSTING,SHT_TIME,1,test,0.19135129998903722,0.10139510000590235
temperature,240,211,1.9858556651648842,0.4750703231752255,1.6050769834231509,0.4899396240735576,0.7589513772894726,60min,60,HIST_GRADIENT_BOOSTING,SHT_TIME,1,test,0.19135129998903722,0.10139510000590235
temperature,480,211,2.0693973959442458,0.4333926244844959,1.559465084048428,0.4615320798371116,0.7977393871742163,60min,60,HIST_GRADIENT_BOOSTING,SHT_TIME,1,test,0.19135129998903722,0.10139510000590235
relative_humidity,60,211,2.1086196676641635,0.18284036502832182,1.5244280498665195,-0.10504665730516194,0.9639640509224587,60min,60,HIST_GRADIENT_BOOSTING,SHT_TIME,1,test,0.19135129998903722,0.10139510000590235
relative_humidity,120,211,3.580981937289926,0.3193954454565249,2.551568571228365,-0.5265152321041283,0.8966460320039962,60min,60,HIST_GRADIENT_BOOSTING,SHT_TIME,1,test,0.19135129998903722,0.10139510000590235
relative_humidity,240,211,5.859625928572632,0.5218785110956344,4.579803758872514,-1.463745505887176,0.7496765133562504,60min,60,HIST_GRADIENT_BOOSTING,SHT_TIME,1,test,0.19135129998903722,0.10139510000590235
relative_humidity,480,211,5.138704401798648,0.4028811784887108,3.900016994705881,-1.3706069611165668,0.8436676454186656,60min,60,HIST_GRADIENT_BOOSTING,SHT_TIME,1,test,0.19135129998903722,0.10139510000590235
temperature,60,58,1.1032626240256167,0.25594778167763116,0.8113511164873498,-0.30257896967043757,0.9267385792259771,60min,60,XGBOOST,SHT_TIME,2,validation,0.21467780007515103,0.032936199917458
temperature,120,58,2.0444795253870853,0.4810429660620498,1.4357879111922105,-0.008533889712044445,0.7263330909672019,60min,60,XGBOOST,SHT_TIME,2,validation,0.21467780007515103,0.032936199917458
temperature,240,58,2.822321743458364,0.6247363830225119,2.1891810474322675,0.5291924902963461,0.4252765723562948,60min,60,XGBOOST,SHT_TIME,2,validation,0.21467780007515103,0.032936199917458
temperature,480,58,2.1365627656560253,0.4112531906431104,1.710992031228954,0.6027603735211258,0.7445653632289917,60min,60,XGBOOST,SHT_TIME,2,validation,0.21467780007515103,0.032936199917458
relative_humidity,60,58,2.6043990387123612,0.23067465271555734,1.8910732295595372,-0.3137628324662132,0.9503268223508938,60min,60,XGBOOST,SHT_TIME,2,validation,0.21467780007515103,0.032936199917458
relative_humidity,120,58,5.003399895608226,0.4517729666603629,3.581559959791629,-0.9644731271093365,0.8048383981821607,60min,60,XGBOOST,SHT_TIME,2,validation,0.21467780007515103,0.032936199917458
relative_humidity,240,58,6.754621410798289,0.5835862856641474,4.643513384881148,0.16220440363975272,0.6102779540241154,60min,60,XGBOOST,SHT_TIME,2,validation,0.21467780007515103,0.032936199917458
relative_humidity,480,58,5.029515419599854,0.3883592685712637,3.8777660083989987,-1.3670197290880923,0.8383603424398361,60min,60,XGBOOST,SHT_TIME,2,validation,0.21467780007515103,0.032936199917458
temperature,60,211,0.6888838205520542,0.16169211607878536,0.4776310500989582,-0.05082612583461956,0.9688687931592522,60min,60,XGBOOST,SHT_TIME,2,test,0.4288837000494823,0.033606700017116964
temperature,120,211,1.3286169361053204,0.32159470566351317,0.9063510101049755,0.015211162218470149,0.8838351168687423,60min,60,XGBOOST,SHT_TIME,2,test,0.4288837000494823,0.033606700017116964
temperature,240,211,1.894827316715331,0.4532938830871461,1.3997909451726238,0.36150503909656967,0.7805434395305774,60min,60,XGBOOST,SHT_TIME,2,test,0.4288837000494823,0.033606700017116964
temperature,480,211,2.0411821020686984,0.4274835128333019,1.567640632866432,0.5429641297849125,0.8032172499930362,60min,60,XGBOOST,SHT_TIME,2,test,0.4288837000494823,0.033606700017116964
relative_humidity,60,211,1.9003424278568384,0.16478045259487303,1.33281108301143,-0.12806730715103723,0.9707313165267871,60min,60,XGBOOST,SHT_TIME,2,test,0.4288837000494823,0.033606700017116964
relative_humidity,120,211,3.6992078748190336,0.32994026993285325,2.4495228727377,-0.3864486052302844,0.8897089254831233,60min,60,XGBOOST,SHT_TIME,2,test,0.4288837000494823,0.033606700017116964
relative_humidity,240,211,4.677667738749963,0.41660923489932883,3.1150472772085016,-0.2403808535253955,0.840478011298319,60min,60,XGBOOST,SHT_TIME,2,test,0.4288837000494823,0.033606700017116964
relative_humidity,480,211,5.527758526280912,0.4333835331508013,4.197304853522696,-1.0297258445575026,0.819099518395081,60min,60,XGBOOST,SHT_TIME,2,test,0.4288837000494823,0.033606700017116964
