origin_index,origin_timestamp,split,history_start_index,history_end_index,history_steps,history_hours,maximum_interpolated_fraction,target_index_h60,target_timestamp_h60,target_index_h120,target_timestamp_h120,target_index_h240,target_timestamp_h240,target_index_h480,target_timestamp_h480
363,2026-03-25 00:36:00,train,244,363,120,24,0.15,368,2026-03-25 01:36:00,373,2026-03-25 02:36:00,383,2026-03-25 04:36:00,403,2026-03-25 08:36:00
365,2026-03-25 01:00:00,train,246,365,120,24,0.15,370,2026-03-25 02:00:00,375,2026-03-25 03:00:00,385,2026-03-25 05:00:00,405,2026-03-25 09:00:00
368,2026-03-25 01:36:00,train,249,368,120,24,0.15,373,2026-03-25 02:36:00,378,2026-03-25 03:36:00,388,2026-03-25 05:36:00,408,2026-03-25 09:36:00
371,2026-03-25 02:12:00,train,252,371,120,24,0.15,376,2026-03-25 03:12:00,381,2026-03-25 04:12:00,391,2026-03-25 06:12:00,411,2026-03-25 10:12:00
378,2026-03-25 03:36:00,train,259,378,120,24,0.15,383,2026-03-25 04:36:00,388,2026-03-25 05:36:00,398,2026-03-25 07:36:00,418,2026-03-25 11:36:00
3224,2026-04-17 20:48:00,train,3105,3224,120,24,0.15,3229,2026-04-17 21:48:00,3234,2026-04-17 22:48:00,3244,2026-04-18 00:48:00,3264,2026-04-18 04:48:00
3225,2026-04-17 21:00:00,train,3106,3225,120,24,0.15,3230,2026-04-17 22:00:00,3235,2026-04-17 23:00:00,3245,2026-04-18 01:00:00,3265,2026-04-18 05:00:00
3227,2026-04-17 21:24:00,train,3108,3227,120,24,0.15,3232,2026-04-17 22:24:00,3237,2026-04-17 23:24:00,3247,2026-04-18 01:24:00,3267,2026-04-18 05:24:00
3242,2026-04-18 00:24:00,train,3123,3242,120,24,0.15,3247,2026-04-18 01:24:00,3252,2026-04-18 02:24:00,3262,2026-04-18 04:24:00,3282,2026-04-18 08:24:00
3255,2026-04-18 03:00:00,train,3136,3255,120,24,0.15,3260,2026-04-18 04:00:00,3265,2026-04-18 05:00:00,3275,2026-04-18 07:00:00,3295,2026-04-18 11:00:00
3470,2026-04-19 22:00:00,train,3351,3470,120,24,0.15,3475,2026-04-19 23:00:00,3480,2026-04-20 00:00:00,3490,2026-04-20 02:00:00,3510,2026-04-20 06:00:00
3472,2026-04-19 22:24:00,train,3353,3472,120,24,0.15,3477,2026-04-19 23:24:00,3482,2026-04-20 00:24:00,3492,2026-04-20 02:24:00,3512,2026-04-20 06:24:00
3473,2026-04-19 22:36:00,train,3354,3473,120,24,0.15,3478,2026-04-19 23:36:00,3483,2026-04-20 00:36:00,3493,2026-04-20 02:36:00,3513,2026-04-20 06:36:00
3475,2026-04-19 23:00:00,train,3356,3475,120,24,0.15,3480,2026-04-20 00:00:00,3485,2026-04-20 01:00:00,3495,2026-04-20 03:00:00,3515,2026-04-20 07:00:00
3477,2026-04-19 23:24:00,train,3358,3477,120,24,0.15,3482,2026-04-20 00:24:00,3487,2026-04-20 01:24:00,3497,2026-04-20 03:24:00,3517,2026-04-20 07:24:00
3480,2026-04-20 00:00:00,train,3361,3480,120,24,0.15,3485,2026-04-20 01:00:00,3490,2026-04-20 02:00:00,3500,2026-04-20 04:00:00,3520,2026-04-20 08:00:00
3485,2026-04-20 01:00:00,train,3366,3485,120,24,0.15,3490,2026-04-20 02:00:00,3495,2026-04-20 03:00:00,3505,2026-04-20 05:00:00,3525,2026-04-20 09:00:00
3490,2026-04-20 02:00:00,train,3371,3490,120,24,0.15,3495,2026-04-20 03:00:00,3500,2026-04-20 04:00:00,3510,2026-04-20 06:00:00,3530,2026-04-20 10:00:00
3493,2026-04-20 02:36:00,train,3374,3493,120,24,0.15,3498,2026-04-20 03:36:00,3503,2026-04-20 04:36:00,3513,2026-04-20 06:36:00,3533,2026-04-20 10:36:00
3494,2026-04-20 02:48:00,train,3375,3494,120,24,0.15,3499,2026-04-20 03:48:00,3504,2026-04-20 04:48:00,3514,2026-04-20 06:48:00,3534,2026-04-20 10:48:00
3497,2026-04-20 03:24:00,train,3378,3497,120,24,0.15,3502,2026-04-20 04:24:00,3507,2026-04-20 05:24:00,3517,2026-04-20 07:24:00,3537,2026-04-20 11:24:00
3500,2026-04-20 04:00:00,train,3381,3500,120,24,0.15,3505,2026-04-20 05:00:00,3510,2026-04-20 06:00:00,3520,2026-04-20 08:00:00,3540,2026-04-20 12:00:00
3509,2026-04-20 05:48:00,train,3390,3509,120,24,0.15,3514,2026-04-20 06:48:00,3519,2026-04-20 07:48:00,3529,2026-04-20 09:48:00,3549,2026-04-20 13:48:00
3514,2026-04-20 06:48:00,train,3395,3514,120,24,0.15,3519,2026-04-20 07:48:00,3524,2026-04-20 08:48:00,3534,2026-04-20 10:48:00,3554,2026-04-20 14:48:00
3520,2026-04-20 08:00:00,train,3401,3520,120,24,0.15,3525,2026-04-20 09:00:00,3530,2026-04-20 10:00:00,3540,2026-04-20 12:00:00,3560,2026-04-20 16:00:00
4856,2026-05-01 11:12:00,train,4737,4856,120,24,0.15,4861,2026-05-01 12:12:00,4866,2026-05-01 13:12:00,4876,2026-05-01 15:12:00,4896,2026-05-01 19:12:00
4858,2026-05-01 11:36:00,train,4739,4858,120,24,0.15,4863,2026-05-01 12:36:00,4868,2026-05-01 13:36:00,4878,2026-05-01 15:36:00,4898,2026-05-01 19:36:00
4859,2026-05-01 11:48:00,train,4740,4859,120,24,0.15,4864,2026-05-01 12:48:00,4869,2026-05-01 13:48:00,4879,2026-05-01 15:48:00,4899,2026-05-01 19:48:00
4860,2026-05-01 12:00:00,train,4741,4860,120,24,0.15,4865,2026-05-01 13:00:00,4870,2026-05-01 14:00:00,4880,2026-05-01 16:00:00,4900,2026-05-01 20:00:00
4861,2026-05-01 12:12:00,train,4742,4861,120,24,0.15,4866,2026-05-01 13:12:00,4871,2026-05-01 14:12:00,4881,2026-05-01 16:12:00,4901,2026-05-01 20:12:00
4865,2026-05-01 13:00:00,train,4746,4865,120,24,0.15,4870,2026-05-01 14:00:00,4875,2026-05-01 15:00:00,4885,2026-05-01 17:00:00,4905,2026-05-01 21:00:00
4870,2026-05-01 14:00:00,train,4751,4870,120,24,0.15,4875,2026-05-01 15:00:00,4880,2026-05-01 16:00:00,4890,2026-05-01 18:00:00,4910,2026-05-01 22:00:00
4882,2026-05-01 16:24:00,train,4763,4882,120,24,0.15,4887,2026-05-01 17:24:00,4892,2026-05-01 18:24:00,4902,2026-05-01 20:24:00,4922,2026-05-02 00:24:00
4883,2026-05-01 16:36:00,train,4764,4883,120,24,0.15,4888,2026-05-01 17:36:00,4893,2026-05-01 18:36:00,4903,2026-05-01 20:36:00,4923,2026-05-02 00:36:00
4884,2026-05-01 16:48:00,train,4765,4884,120,24,0.15,4889,2026-05-01 17:48:00,4894,2026-05-01 18:48:00,4904,2026-05-01 20:48:00,4924,2026-05-02 00:48:00
4888,2026-05-01 17:36:00,train,4769,4888,120,24,0.15,4893,2026-05-01 18:36:00,4898,2026-05-01 19:36:00,4908,2026-05-01 21:36:00,4928,2026-05-02 01:36:00
6734,2026-05-17 02:48:00,train,6615,6734,120,24,0.15,6739,2026-05-17 03:48:00,6744,2026-05-17 04:48:00,6754,2026-05-17 06:48:00,6774,2026-05-17 10:48:00
6744,2026-05-17 04:48:00,train,6625,6744,120,24,0.15,6749,2026-05-17 05:48:00,6754,2026-05-17 06:48:00,6764,2026-05-17 08:48:00,6784,2026-05-17 12:48:00
6749,2026-05-17 05:48:00,train,6630,6749,120,24,0.15,6754,2026-05-17 06:48:00,6759,2026-05-17 07:48:00,6769,2026-05-17 09:48:00,6789,2026-05-17 13:48:00
7128,2026-05-20 09:36:00,train,7009,7128,120,24,0.15,7133,2026-05-20 10:36:00,7138,2026-05-20 11:36:00,7148,2026-05-20 13:36:00,7168,2026-05-20 17:36:00
7130,2026-05-20 10:00:00,train,7011,7130,120,24,0.15,7135,2026-05-20 11:00:00,7140,2026-05-20 12:00:00,7150,2026-05-20 14:00:00,7170,2026-05-20 18:00:00
7150,2026-05-20 14:00:00,train,7031,7150,120,24,0.15,7155,2026-05-20 15:00:00,7160,2026-05-20 16:00:00,7170,2026-05-20 18:00:00,7190,2026-05-20 22:00:00
7151,2026-05-20 14:12:00,train,7032,7151,120,24,0.15,7156,2026-05-20 15:12:00,7161,2026-05-20 16:12:00,7171,2026-05-20 18:12:00,7191,2026-05-20 22:12:00
7153,2026-05-20 14:36:00,train,7034,7153,120,24,0.15,7158,2026-05-20 15:36:00,7163,2026-05-20 16:36:00,7173,2026-05-20 18:36:00,7193,2026-05-20 22:36:00
7155,2026-05-20 15:00:00,train,7036,7155,120,24,0.15,7160,2026-05-20 16:00:00,7165,2026-05-20 17:00:00,7175,2026-05-20 19:00:00,7195,2026-05-20 23:00:00
7161,2026-05-20 16:12:00,train,7042,7161,120,24,0.15,7166,2026-05-20 17:12:00,7171,2026-05-20 18:12:00,7181,2026-05-20 20:12:00,7201,2026-05-21 00:12:00
7209,2026-05-21 01:48:00,train,7090,7209,120,24,0.15,7214,2026-05-21 02:48:00,7219,2026-05-21 03:48:00,7229,2026-05-21 05:48:00,7249,2026-05-21 09:48:00
7229,2026-05-21 05:48:00,train,7110,7229,120,24,0.15,7234,2026-05-21 06:48:00,7239,2026-05-21 07:48:00,7249,2026-05-21 09:48:00,7269,2026-05-21 13:48:00
7265,2026-05-21 13:00:00,train,7146,7265,120,24,0.15,7270,2026-05-21 14:00:00,7275,2026-05-21 15:00:00,7285,2026-05-21 17:00:00,7305,2026-05-21 21:00:00
7271,2026-05-21 14:12:00,train,7152,7271,120,24,0.15,7276,2026-05-21 15:12:00,7281,2026-05-21 16:12:00,7291,2026-05-21 18:12:00,7311,2026-05-21 22:12:00
7274,2026-05-21 14:48:00,train,7155,7274,120,24,0.15,7279,2026-05-21 15:48:00,7284,2026-05-21 16:48:00,7294,2026-05-21 18:48:00,7314,2026-05-21 22:48:00
7300,2026-05-21 20:00:00,train,7181,7300,120,24,0.15,7305,2026-05-21 21:00:00,7310,2026-05-21 22:00:00,7320,2026-05-22 00:00:00,7340,2026-05-22 04:00:00
7306,2026-05-21 21:12:00,train,7187,7306,120,24,0.15,7311,2026-05-21 22:12:00,7316,2026-05-21 23:12:00,7326,2026-05-22 01:12:00,7346,2026-05-22 05:12:00
7970,2026-05-27 10:00:00,train,7851,7970,120,24,0.15,7975,2026-05-27 11:00:00,7980,2026-05-27 12:00:00,7990,2026-05-27 14:00:00,8010,2026-05-27 18:00:00
7977,2026-05-27 11:24:00,train,7858,7977,120,24,0.15,7982,2026-05-27 12:24:00,7987,2026-05-27 13:24:00,7997,2026-05-27 15:24:00,8017,2026-05-27 19:24:00
8241,2026-05-29 16:12:00,train,8122,8241,120,24,0.15,8246,2026-05-29 17:12:00,8251,2026-05-29 18:12:00,8261,2026-05-29 20:12:00,8281,2026-05-30 00:12:00
8242,2026-05-29 16:24:00,train,8123,8242,120,24,0.15,8247,2026-05-29 17:24:00,8252,2026-05-29 18:24:00,8262,2026-05-29 20:24:00,8282,2026-05-30 00:24:00
8244,2026-05-29 16:48:00,train,8125,8244,120,24,0.15,8249,2026-05-29 17:48:00,8254,2026-05-29 18:48:00,8264,2026-05-29 20:48:00,8284,2026-05-30 00:48:00
8245,2026-05-29 17:00:00,train,8126,8245,120,24,0.15,8250,2026-05-29 18:00:00,8255,2026-05-29 19:00:00,8265,2026-05-29 21:00:00,8285,2026-05-30 01:00:00
8247,2026-05-29 17:24:00,train,8128,8247,120,24,0.15,8252,2026-05-29 18:24:00,8257,2026-05-29 19:24:00,8267,2026-05-29 21:24:00,8287,2026-05-30 01:24:00
8249,2026-05-29 17:48:00,train,8130,8249,120,24,0.15,8254,2026-05-29 18:48:00,8259,2026-05-29 19:48:00,8269,2026-05-29 21:48:00,8289,2026-05-30 01:48:00
8250,2026-05-29 18:00:00,train,8131,8250,120,24,0.15,8255,2026-05-29 19:00:00,8260,2026-05-29 20:00:00,8270,2026-05-29 22:00:00,8290,2026-05-30 02:00:00
8251,2026-05-29 18:12:00,train,8132,8251,120,24,0.15,8256,2026-05-29 19:12:00,8261,2026-05-29 20:12:00,8271,2026-05-29 22:12:00,8291,2026-05-30 02:12:00
8252,2026-05-29 18:24:00,train,8133,8252,120,24,0.15,8257,2026-05-29 19:24:00,8262,2026-05-29 20:24:00,8272,2026-05-29 22:24:00,8292,2026-05-30 02:24:00
8256,2026-05-29 19:12:00,train,8137,8256,120,24,0.15,8261,2026-05-29 20:12:00,8266,2026-05-29 21:12:00,8276,2026-05-29 23:12:00,8296,2026-05-30 03:12:00
8257,2026-05-29 19:24:00,train,8138,8257,120,24,0.15,8262,2026-05-29 20:24:00,8267,2026-05-29 21:24:00,8277,2026-05-29 23:24:00,8297,2026-05-30 03:24:00
8260,2026-05-29 20:00:00,train,8141,8260,120,24,0.15,8265,2026-05-29 21:00:00,8270,2026-05-29 22:00:00,8280,2026-05-30 00:00:00,8300,2026-05-30 04:00:00
8261,2026-05-29 20:12:00,train,8142,8261,120,24,0.15,8266,2026-05-29 21:12:00,8271,2026-05-29 22:12:00,8281,2026-05-30 00:12:00,8301,2026-05-30 04:12:00
8262,2026-05-29 20:24:00,train,8143,8262,120,24,0.15,8267,2026-05-29 21:24:00,8272,2026-05-29 22:24:00,8282,2026-05-30 00:24:00,8302,2026-05-30 04:24:00
8263,2026-05-29 20:36:00,train,8144,8263,120,24,0.15,8268,2026-05-29 21:36:00,8273,2026-05-29 22:36:00,8283,2026-05-30 00:36:00,8303,2026-05-30 04:36:00
8265,2026-05-29 21:00:00,train,8146,8265,120,24,0.15,8270,2026-05-29 22:00:00,8275,2026-05-29 23:00:00,8285,2026-05-30 01:00:00,8305,2026-05-30 05:00:00
8267,2026-05-29 21:24:00,train,8148,8267,120,24,0.15,8272,2026-05-29 22:24:00,8277,2026-05-29 23:24:00,8287,2026-05-30 01:24:00,8307,2026-05-30 05:24:00
8268,2026-05-29 21:36:00,train,8149,8268,120,24,0.15,8273,2026-05-29 22:36:00,8278,2026-05-29 23:36:00,8288,2026-05-30 01:36:00,8308,2026-05-30 05:36:00
8272,2026-05-29 22:24:00,train,8153,8272,120,24,0.15,8277,2026-05-29 23:24:00,8282,2026-05-30 00:24:00,8292,2026-05-30 02:24:00,8312,2026-05-30 06:24:00
8273,2026-05-29 22:36:00,train,8154,8273,120,24,0.15,8278,2026-05-29 23:36:00,8283,2026-05-30 00:36:00,8293,2026-05-30 02:36:00,8313,2026-05-30 06:36:00
8277,2026-05-29 23:24:00,train,8158,8277,120,24,0.15,8282,2026-05-30 00:24:00,8287,2026-05-30 01:24:00,8297,2026-05-30 03:24:00,8317,2026-05-30 07:24:00
8279,2026-05-29 23:48:00,train,8160,8279,120,24,0.15,8284,2026-05-30 00:48:00,8289,2026-05-30 01:48:00,8299,2026-05-30 03:48:00,8319,2026-05-30 07:48:00
8283,2026-05-30 00:36:00,train,8164,8283,120,24,0.15,8288,2026-05-30 01:36:00,8293,2026-05-30 02:36:00,8303,2026-05-30 04:36:00,8323,2026-05-30 08:36:00
8284,2026-05-30 00:48:00,train,8165,8284,120,24,0.15,8289,2026-05-30 01:48:00,8294,2026-05-30 02:48:00,8304,2026-05-30 04:48:00,8324,2026-05-30 08:48:00
8286,2026-05-30 01:12:00,train,8167,8286,120,24,0.15,8291,2026-05-30 02:12:00,8296,2026-05-30 03:12:00,8306,2026-05-30 05:12:00,8326,2026-05-30 09:12:00
8289,2026-05-30 01:48:00,train,8170,8289,120,24,0.15,8294,2026-05-30 02:48:00,8299,2026-05-30 03:48:00,8309,2026-05-30 05:48:00,8329,2026-05-30 09:48:00
8292,2026-05-30 02:24:00,train,8173,8292,120,24,0.15,8297,2026-05-30 03:24:00,8302,2026-05-30 04:24:00,8312,2026-05-30 06:24:00,8332,2026-05-30 10:24:00
8297,2026-05-30 03:24:00,train,8178,8297,120,24,0.15,8302,2026-05-30 04:24:00,8307,2026-05-30 05:24:00,8317,2026-05-30 07:24:00,8337,2026-05-30 11:24:00
8298,2026-05-30 03:36:00,train,8179,8298,120,24,0.15,8303,2026-05-30 04:36:00,8308,2026-05-30 05:36:00,8318,2026-05-30 07:36:00,8338,2026-05-30 11:36:00
8308,2026-05-30 05:36:00,train,8189,8308,120,24,0.15,8313,2026-05-30 06:36:00,8318,2026-05-30 07:36:00,8328,2026-05-30 09:36:00,8348,2026-05-30 13:36:00
8309,2026-05-30 05:48:00,train,8190,8309,120,24,0.15,8314,2026-05-30 06:48:00,8319,2026-05-30 07:48:00,8329,2026-05-30 09:48:00,8349,2026-05-30 13:48:00
8318,2026-05-30 07:36:00,train,8199,8318,120,24,0.15,8323,2026-05-30 08:36:00,8328,2026-05-30 09:36:00,8338,2026-05-30 11:36:00,8358,2026-05-30 15:36:00
8343,2026-05-30 12:36:00,train,8224,8343,120,24,0.15,8348,2026-05-30 13:36:00,8353,2026-05-30 14:36:00,8363,2026-05-30 16:36:00,8383,2026-05-30 20:36:00
8353,2026-05-30 14:36:00,train,8234,8353,120,24,0.15,8358,2026-05-30 15:36:00,8363,2026-05-30 16:36:00,8373,2026-05-30 18:36:00,8393,2026-05-30 22:36:00
8370,2026-05-30 18:00:00,train,8251,8370,120,24,0.15,8375,2026-05-30 19:00:00,8380,2026-05-30 20:00:00,8390,2026-05-30 22:00:00,8410,2026-05-31 02:00:00
8385,2026-05-30 21:00:00,train,8266,8385,120,24,0.15,8390,2026-05-30 22:00:00,8395,2026-05-30 23:00:00,8405,2026-05-31 01:00:00,8425,2026-05-31 05:00:00
10987,2026-06-21 13:24:00,train,10868,10987,120,24,0.15,10992,2026-06-21 14:24:00,10997,2026-06-21 15:24:00,11007,2026-06-21 17:24:00,11027,2026-06-21 21:24:00
10994,2026-06-21 14:48:00,train,10875,10994,120,24,0.15,10999,2026-06-21 15:48:00,11004,2026-06-21 16:48:00,11014,2026-06-21 18:48:00,11034,2026-06-21 22:48:00
11004,2026-06-21 16:48:00,train,10885,11004,120,24,0.15,11009,2026-06-21 17:48:00,11014,2026-06-21 18:48:00,11024,2026-06-21 20:48:00,11044,2026-06-22 00:48:00
11702,2026-06-27 12:24:00,train,11583,11702,120,24,0.15,11707,2026-06-27 13:24:00,11712,2026-06-27 14:24:00,11722,2026-06-27 16:24:00,11742,2026-06-27 20:24:00
11705,2026-06-27 13:00:00,train,11586,11705,120,24,0.15,11710,2026-06-27 14:00:00,11715,2026-06-27 15:00:00,11725,2026-06-27 17:00:00,11745,2026-06-27 21:00:00
11714,2026-06-27 14:48:00,train,11595,11714,120,24,0.15,11719,2026-06-27 15:48:00,11724,2026-06-27 16:48:00,11734,2026-06-27 18:48:00,11754,2026-06-27 22:48:00
11717,2026-06-27 15:24:00,train,11598,11717,120,24,0.15,11722,2026-06-27 16:24:00,11727,2026-06-27 17:24:00,11737,2026-06-27 19:24:00,11757,2026-06-27 23:24:00
11746,2026-06-27 21:12:00,train,11627,11746,120,24,0.15,11751,2026-06-27 22:12:00,11756,2026-06-27 23:12:00,11766,2026-06-28 01:12:00,11786,2026-06-28 05:12:00
11764,2026-06-28 00:48:00,train,11645,11764,120,24,0.15,11769,2026-06-28 01:48:00,11774,2026-06-28 02:48:00,11784,2026-06-28 04:48:00,11804,2026-06-28 08:48:00
11768,2026-06-28 01:36:00,train,11649,11768,120,24,0.15,11773,2026-06-28 02:36:00,11778,2026-06-28 03:36:00,11788,2026-06-28 05:36:00,11808,2026-06-28 09:36:00
11772,2026-06-28 02:24:00,train,11653,11772,120,24,0.15,11777,2026-06-28 03:24:00,11782,2026-06-28 04:24:00,11792,2026-06-28 06:24:00,11812,2026-06-28 10:24:00
11787,2026-06-28 05:24:00,train,11668,11787,120,24,0.15,11792,2026-06-28 06:24:00,11797,2026-06-28 07:24:00,11807,2026-06-28 09:24:00,11827,2026-06-28 13:24:00
11941,2026-06-29 12:12:00,train,11822,11941,120,24,0.15,11946,2026-06-29 13:12:00,11951,2026-06-29 14:12:00,11961,2026-06-29 16:12:00,11981,2026-06-29 20:12:00
13216,2026-07-10 03:12:00,validation,13097,13216,120,24,0.15,13221,2026-07-10 04:12:00,13226,2026-07-10 05:12:00,13236,2026-07-10 07:12:00,13256,2026-07-10 11:12:00
13244,2026-07-10 08:48:00,validation,13125,13244,120,24,0.15,13249,2026-07-10 09:48:00,13254,2026-07-10 10:48:00,13264,2026-07-10 12:48:00,13284,2026-07-10 16:48:00
13245,2026-07-10 09:00:00,validation,13126,13245,120,24,0.15,13250,2026-07-10 10:00:00,13255,2026-07-10 11:00:00,13265,2026-07-10 13:00:00,13285,2026-07-10 17:00:00
13268,2026-07-10 13:36:00,validation,13149,13268,120,24,0.15,13273,2026-07-10 14:36:00,13278,2026-07-10 15:36:00,13288,2026-07-10 17:36:00,13308,2026-07-10 21:36:00
13276,2026-07-10 15:12:00,validation,13157,13276,120,24,0.15,13281,2026-07-10 16:12:00,13286,2026-07-10 17:12:00,13296,2026-07-10 19:12:00,13316,2026-07-10 23:12:00
13280,2026-07-10 16:00:00,validation,13161,13280,120,24,0.15,13285,2026-07-10 17:00:00,13290,2026-07-10 18:00:00,13300,2026-07-10 20:00:00,13320,2026-07-11 00:00:00
13282,2026-07-10 16:24:00,validation,13163,13282,120,24,0.15,13287,2026-07-10 17:24:00,13292,2026-07-10 18:24:00,13302,2026-07-10 20:24:00,13322,2026-07-11 00:24:00
13285,2026-07-10 17:00:00,validation,13166,13285,120,24,0.15,13290,2026-07-10 18:00:00,13295,2026-07-10 19:00:00,13305,2026-07-10 21:00:00,13325,2026-07-11 01:00:00
13288,2026-07-10 17:36:00,validation,13169,13288,120,24,0.15,13293,2026-07-10 18:36:00,13298,2026-07-10 19:36:00,13308,2026-07-10 21:36:00,13328,2026-07-11 01:36:00
13289,2026-07-10 17:48:00,validation,13170,13289,120,24,0.15,13294,2026-07-10 18:48:00,13299,2026-07-10 19:48:00,13309,2026-07-10 21:48:00,13329,2026-07-11 01:48:00
13290,2026-07-10 18:00:00,validation,13171,13290,120,24,0.15,13295,2026-07-10 19:00:00,13300,2026-07-10 20:00:00,13310,2026-07-10 22:00:00,13330,2026-07-11 02:00:00
13292,2026-07-10 18:24:00,validation,13173,13292,120,24,0.15,13297,2026-07-10 19:24:00,13302,2026-07-10 20:24:00,13312,2026-07-10 22:24:00,13332,2026-07-11 02:24:00
13300,2026-07-10 20:00:00,validation,13181,13300,120,24,0.15,13305,2026-07-10 21:00:00,13310,2026-07-10 22:00:00,13320,2026-07-11 00:00:00,13340,2026-07-11 04:00:00
13315,2026-07-10 23:00:00,validation,13196,13315,120,24,0.15,13320,2026-07-11 00:00:00,13325,2026-07-11 01:00:00,13335,2026-07-11 03:00:00,13355,2026-07-11 07:00:00
13320,2026-07-11 00:00:00,validation,13201,13320,120,24,0.15,13325,2026-07-11 01:00:00,13330,2026-07-11 02:00:00,13340,2026-07-11 04:00:00,13360,2026-07-11 08:00:00
13323,2026-07-11 00:36:00,validation,13204,13323,120,24,0.15,13328,2026-07-11 01:36:00,13333,2026-07-11 02:36:00,13343,2026-07-11 04:36:00,13363,2026-07-11 08:36:00
13330,2026-07-11 02:00:00,validation,13211,13330,120,24,0.15,13335,2026-07-11 03:00:00,13340,2026-07-11 04:00:00,13350,2026-07-11 06:00:00,13370,2026-07-11 10:00:00
13331,2026-07-11 02:12:00,validation,13212,13331,120,24,0.15,13336,2026-07-11 03:12:00,13341,2026-07-11 04:12:00,13351,2026-07-11 06:12:00,13371,2026-07-11 10:12:00
13338,2026-07-11 03:36:00,validation,13219,13338,120,24,0.15,13343,2026-07-11 04:36:00,13348,2026-07-11 05:36:00,13358,2026-07-11 07:36:00,13378,2026-07-11 11:36:00
13349,2026-07-11 05:48:00,validation,13230,13349,120,24,0.15,13354,2026-07-11 06:48:00,13359,2026-07-11 07:48:00,13369,2026-07-11 09:48:00,13389,2026-07-11 13:48:00
13353,2026-07-11 06:36:00,validation,13234,13353,120,24,0.15,13358,2026-07-11 07:36:00,13363,2026-07-11 08:36:00,13373,2026-07-11 10:36:00,13393,2026-07-11 14:36:00
13357,2026-07-11 07:24:00,validation,13238,13357,120,24,0.15,13362,2026-07-11 08:24:00,13367,2026-07-11 09:24:00,13377,2026-07-11 11:24:00,13397,2026-07-11 15:24:00
13360,2026-07-11 08:00:00,validation,13241,13360,120,24,0.15,13365,2026-07-11 09:00:00,13370,2026-07-11 10:00:00,13380,2026-07-11 12:00:00,13400,2026-07-11 16:00:00
13362,2026-07-11 08:24:00,validation,13243,13362,120,24,0.15,13367,2026-07-11 09:24:00,13372,2026-07-11 10:24:00,13382,2026-07-11 12:24:00,13402,2026-07-11 16:24:00
13363,2026-07-11 08:36:00,validation,13244,13363,120,24,0.15,13368,2026-07-11 09:36:00,13373,2026-07-11 10:36:00,13383,2026-07-11 12:36:00,13403,2026-07-11 16:36:00
13367,2026-07-11 09:24:00,validation,13248,13367,120,24,0.15,13372,2026-07-11 10:24:00,13377,2026-07-11 11:24:00,13387,2026-07-11 13:24:00,13407,2026-07-11 17:24:00
13373,2026-07-11 10:36:00,validation,13254,13373,120,24,0.15,13378,2026-07-11 11:36:00,13383,2026-07-11 12:36:00,13393,2026-07-11 14:36:00,13413,2026-07-11 18:36:00
13374,2026-07-11 10:48:00,validation,13255,13374,120,24,0.15,13379,2026-07-11 11:48:00,13384,2026-07-11 12:48:00,13394,2026-07-11 14:48:00,13414,2026-07-11 18:48:00
13377,2026-07-11 11:24:00,validation,13258,13377,120,24,0.15,13382,2026-07-11 12:24:00,13387,2026-07-11 13:24:00,13397,2026-07-11 15:24:00,13417,2026-07-11 19:24:00
13379,2026-07-11 11:48:00,validation,13260,13379,120,24,0.15,13384,2026-07-11 12:48:00,13389,2026-07-11 13:48:00,13399,2026-07-11 15:48:00,13419,2026-07-11 19:48:00
13384,2026-07-11 12:48:00,validation,13265,13384,120,24,0.15,13389,2026-07-11 13:48:00,13394,2026-07-11 14:48:00,13404,2026-07-11 16:48:00,13424,2026-07-11 20:48:00
13389,2026-07-11 13:48:00,validation,13270,13389,120,24,0.15,13394,2026-07-11 14:48:00,13399,2026-07-11 15:48:00,13409,2026-07-11 17:48:00,13429,2026-07-11 21:48:00
13392,2026-07-11 14:24:00,validation,13273,13392,120,24,0.15,13397,2026-07-11 15:24:00,13402,2026-07-11 16:24:00,13412,2026-07-11 18:24:00,13432,2026-07-11 22:24:00
13397,2026-07-11 15:24:00,validation,13278,13397,120,24,0.15,13402,2026-07-11 16:24:00,13407,2026-07-11 17:24:00,13417,2026-07-11 19:24:00,13437,2026-07-11 23:24:00
13404,2026-07-11 16:48:00,validation,13285,13404,120,24,0.15,13409,2026-07-11 17:48:00,13414,2026-07-11 18:48:00,13424,2026-07-11 20:48:00,13444,2026-07-12 00:48:00
13409,2026-07-11 17:48:00,validation,13290,13409,120,24,0.15,13414,2026-07-11 18:48:00,13419,2026-07-11 19:48:00,13429,2026-07-11 21:48:00,13449,2026-07-12 01:48:00
13417,2026-07-11 19:24:00,validation,13298,13417,120,24,0.15,13422,2026-07-11 20:24:00,13427,2026-07-11 21:24:00,13437,2026-07-11 23:24:00,13457,2026-07-12 03:24:00
13446,2026-07-12 01:12:00,validation,13327,13446,120,24,0.15,13451,2026-07-12 02:12:00,13456,2026-07-12 03:12:00,13466,2026-07-12 05:12:00,13486,2026-07-12 09:12:00
13461,2026-07-12 04:12:00,validation,13342,13461,120,24,0.15,13466,2026-07-12 05:12:00,13471,2026-07-12 06:12:00,13481,2026-07-12 08:12:00,13501,2026-07-12 12:12:00
13662,2026-07-13 20:24:00,validation,13543,13662,120,24,0.15,13667,2026-07-13 21:24:00,13672,2026-07-13 22:24:00,13682,2026-07-14 00:24:00,13702,2026-07-14 04:24:00
13663,2026-07-13 20:36:00,validation,13544,13663,120,24,0.15,13668,2026-07-13 21:36:00,13673,2026-07-13 22:36:00,13683,2026-07-14 00:36:00,13703,2026-07-14 04:36:00
13667,2026-07-13 21:24:00,validation,13548,13667,120,24,0.15,13672,2026-07-13 22:24:00,13677,2026-07-13 23:24:00,13687,2026-07-14 01:24:00,13707,2026-07-14 05:24:00
13668,2026-07-13 21:36:00,validation,13549,13668,120,24,0.15,13673,2026-07-13 22:36:00,13678,2026-07-13 23:36:00,13688,2026-07-14 01:36:00,13708,2026-07-14 05:36:00
13669,2026-07-13 21:48:00,validation,13550,13669,120,24,0.15,13674,2026-07-13 22:48:00,13679,2026-07-13 23:48:00,13689,2026-07-14 01:48:00,13709,2026-07-14 05:48:00
13672,2026-07-13 22:24:00,validation,13553,13672,120,24,0.15,13677,2026-07-13 23:24:00,13682,2026-07-14 00:24:00,13692,2026-07-14 02:24:00,13712,2026-07-14 06:24:00
13673,2026-07-13 22:36:00,validation,13554,13673,120,24,0.15,13678,2026-07-13 23:36:00,13683,2026-07-14 00:36:00,13693,2026-07-14 02:36:00,13713,2026-07-14 06:36:00
13683,2026-07-14 00:36:00,validation,13564,13683,120,24,0.15,13688,2026-07-14 01:36:00,13693,2026-07-14 02:36:00,13703,2026-07-14 04:36:00,13723,2026-07-14 08:36:00
13697,2026-07-14 03:24:00,validation,13578,13697,120,24,0.15,13702,2026-07-14 04:24:00,13707,2026-07-14 05:24:00,13717,2026-07-14 07:24:00,13737,2026-07-14 11:24:00
13698,2026-07-14 03:36:00,validation,13579,13698,120,24,0.15,13703,2026-07-14 04:36:00,13708,2026-07-14 05:36:00,13718,2026-07-14 07:36:00,13738,2026-07-14 11:36:00
13703,2026-07-14 04:36:00,validation,13584,13703,120,24,0.15,13708,2026-07-14 05:36:00,13713,2026-07-14 06:36:00,13723,2026-07-14 08:36:00,13743,2026-07-14 12:36:00
13707,2026-07-14 05:24:00,validation,13588,13707,120,24,0.15,13712,2026-07-14 06:24:00,13717,2026-07-14 07:24:00,13727,2026-07-14 09:24:00,13747,2026-07-14 13:24:00
13711,2026-07-14 06:12:00,validation,13592,13711,120,24,0.15,13716,2026-07-14 07:12:00,13721,2026-07-14 08:12:00,13731,2026-07-14 10:12:00,13751,2026-07-14 14:12:00
13713,2026-07-14 06:36:00,validation,13594,13713,120,24,0.15,13718,2026-07-14 07:36:00,13723,2026-07-14 08:36:00,13733,2026-07-14 10:36:00,13753,2026-07-14 14:36:00
13723,2026-07-14 08:36:00,validation,13604,13723,120,24,0.15,13728,2026-07-14 09:36:00,13733,2026-07-14 10:36:00,13743,2026-07-14 12:36:00,13763,2026-07-14 16:36:00
13727,2026-07-14 09:24:00,validation,13608,13727,120,24,0.15,13732,2026-07-14 10:24:00,13737,2026-07-14 11:24:00,13747,2026-07-14 13:24:00,13767,2026-07-14 17:24:00
13733,2026-07-14 10:36:00,validation,13614,13733,120,24,0.15,13738,2026-07-14 11:36:00,13743,2026-07-14 12:36:00,13753,2026-07-14 14:36:00,13773,2026-07-14 18:36:00
14071,2026-07-17 06:12:00,validation,13952,14071,120,24,0.15,14076,2026-07-17 07:12:00,14081,2026-07-17 08:12:00,14091,2026-07-17 10:12:00,14111,2026-07-17 14:12:00
14072,2026-07-17 06:24:00,validation,13953,14072,120,24,0.15,14077,2026-07-17 07:24:00,14082,2026-07-17 08:24:00,14092,2026-07-17 10:24:00,14112,2026-07-17 14:24:00
14075,2026-07-17 07:00:00,validation,13956,14075,120,24,0.15,14080,2026-07-17 08:00:00,14085,2026-07-17 09:00:00,14095,2026-07-17 11:00:00,14115,2026-07-17 15:00:00
14076,2026-07-17 07:12:00,validation,13957,14076,120,24,0.15,14081,2026-07-17 08:12:00,14086,2026-07-17 09:12:00,14096,2026-07-17 11:12:00,14116,2026-07-17 15:12:00
14081,2026-07-17 08:12:00,validation,13962,14081,120,24,0.15,14086,2026-07-17 09:12:00,14091,2026-07-17 10:12:00,14101,2026-07-17 12:12:00,14121,2026-07-17 16:12:00
14087,2026-07-17 09:24:00,validation,13968,14087,120,24,0.15,14092,2026-07-17 10:24:00,14097,2026-07-17 11:24:00,14107,2026-07-17 13:24:00,14127,2026-07-17 17:24:00
14092,2026-07-17 10:24:00,validation,13973,14092,120,24,0.15,14097,2026-07-17 11:24:00,14102,2026-07-17 12:24:00,14112,2026-07-17 14:24:00,14132,2026-07-17 18:24:00
14109,2026-07-17 13:48:00,validation,13990,14109,120,24,0.15,14114,2026-07-17 14:48:00,14119,2026-07-17 15:48:00,14129,2026-07-17 17:48:00,14149,2026-07-17 21:48:00
14114,2026-07-17 14:48:00,validation,13995,14114,120,24,0.15,14119,2026-07-17 15:48:00,14124,2026-07-17 16:48:00,14134,2026-07-17 18:48:00,14154,2026-07-17 22:48:00
14116,2026-07-17 15:12:00,validation,13997,14116,120,24,0.15,14121,2026-07-17 16:12:00,14126,2026-07-17 17:12:00,14136,2026-07-17 19:12:00,14156,2026-07-17 23:12:00
14119,2026-07-17 15:48:00,validation,14000,14119,120,24,0.15,14124,2026-07-17 16:48:00,14129,2026-07-17 17:48:00,14139,2026-07-17 19:48:00,14159,2026-07-17 23:48:00
14122,2026-07-17 16:24:00,validation,14003,14122,120,24,0.15,14127,2026-07-17 17:24:00,14132,2026-07-17 18:24:00,14142,2026-07-17 20:24:00,14162,2026-07-18 00:24:00
14129,2026-07-17 17:48:00,validation,14010,14129,120,24,0.15,14134,2026-07-17 18:48:00,14139,2026-07-17 19:48:00,14149,2026-07-17 21:48:00,14169,2026-07-18 01:48:00
14131,2026-07-17 18:12:00,validation,14012,14131,120,24,0.15,14136,2026-07-17 19:12:00,14141,2026-07-17 20:12:00,14151,2026-07-17 22:12:00,14171,2026-07-18 02:12:00
14142,2026-07-17 20:24:00,validation,14023,14142,120,24,0.15,14147,2026-07-17 21:24:00,14152,2026-07-17 22:24:00,14162,2026-07-18 00:24:00,14182,2026-07-18 04:24:00
14144,2026-07-17 20:48:00,validation,14025,14144,120,24,0.15,14149,2026-07-17 21:48:00,14154,2026-07-17 22:48:00,14164,2026-07-18 00:48:00,14184,2026-07-18 04:48:00
14159,2026-07-17 23:48:00,validation,14040,14159,120,24,0.15,14164,2026-07-18 00:48:00,14169,2026-07-18 01:48:00,14179,2026-07-18 03:48:00,14199,2026-07-18 07:48:00
14168,2026-07-18 01:36:00,validation,14049,14168,120,24,0.15,14173,2026-07-18 02:36:00,14178,2026-07-18 03:36:00,14188,2026-07-18 05:36:00,14208,2026-07-18 09:36:00
14172,2026-07-18 02:24:00,validation,14053,14172,120,24,0.15,14177,2026-07-18 03:24:00,14182,2026-07-18 04:24:00,14192,2026-07-18 06:24:00,14212,2026-07-18 10:24:00
14390,2026-07-19 22:00:00,validation,14271,14390,120,24,0.15,14395,2026-07-19 23:00:00,14400,2026-07-20 00:00:00,14410,2026-07-20 02:00:00,14430,2026-07-20 06:00:00
14410,2026-07-20 02:00:00,validation,14291,14410,120,24,0.15,14415,2026-07-20 03:00:00,14420,2026-07-20 04:00:00,14430,2026-07-20 06:00:00,14450,2026-07-20 10:00:00
14415,2026-07-20 03:00:00,validation,14296,14415,120,24,0.15,14420,2026-07-20 04:00:00,14425,2026-07-20 05:00:00,14435,2026-07-20 07:00:00,14455,2026-07-20 11:00:00
14419,2026-07-20 03:48:00,validation,14300,14419,120,24,0.15,14424,2026-07-20 04:48:00,14429,2026-07-20 05:48:00,14439,2026-07-20 07:48:00,14459,2026-07-20 11:48:00
14420,2026-07-20 04:00:00,validation,14301,14420,120,24,0.15,14425,2026-07-20 05:00:00,14430,2026-07-20 06:00:00,14440,2026-07-20 08:00:00,14460,2026-07-20 12:00:00
14430,2026-07-20 06:00:00,validation,14311,14430,120,24,0.15,14435,2026-07-20 07:00:00,14440,2026-07-20 08:00:00,14450,2026-07-20 10:00:00,14470,2026-07-20 14:00:00
14436,2026-07-20 07:12:00,validation,14317,14436,120,24,0.15,14441,2026-07-20 08:12:00,14446,2026-07-20 09:12:00,14456,2026-07-20 11:12:00,14476,2026-07-20 15:12:00
14445,2026-07-20 09:00:00,validation,14326,14445,120,24,0.15,14450,2026-07-20 10:00:00,14455,2026-07-20 11:00:00,14465,2026-07-20 13:00:00,14485,2026-07-20 17:00:00
14446,2026-07-20 09:12:00,validation,14327,14446,120,24,0.15,14451,2026-07-20 10:12:00,14456,2026-07-20 11:12:00,14466,2026-07-20 13:12:00,14486,2026-07-20 17:12:00
14450,2026-07-20 10:00:00,validation,14331,14450,120,24,0.15,14455,2026-07-20 11:00:00,14460,2026-07-20 12:00:00,14470,2026-07-20 14:00:00,14490,2026-07-20 18:00:00
14460,2026-07-20 12:00:00,validation,14341,14460,120,24,0.15,14465,2026-07-20 13:00:00,14470,2026-07-20 14:00:00,14480,2026-07-20 16:00:00,14500,2026-07-20 20:00:00
14461,2026-07-20 12:12:00,validation,14342,14461,120,24,0.15,14466,2026-07-20 13:12:00,14471,2026-07-20 14:12:00,14481,2026-07-20 16:12:00,14501,2026-07-20 20:12:00
14466,2026-07-20 13:12:00,validation,14347,14466,120,24,0.15,14471,2026-07-20 14:12:00,14476,2026-07-20 15:12:00,14486,2026-07-20 17:12:00,14506,2026-07-20 21:12:00
14475,2026-07-20 15:00:00,validation,14356,14475,120,24,0.15,14480,2026-07-20 16:00:00,14485,2026-07-20 17:00:00,14495,2026-07-20 19:00:00,14515,2026-07-20 23:00:00
14478,2026-07-20 15:36:00,validation,14359,14478,120,24,0.15,14483,2026-07-20 16:36:00,14488,2026-07-20 17:36:00,14498,2026-07-20 19:36:00,14518,2026-07-20 23:36:00
14480,2026-07-20 16:00:00,validation,14361,14480,120,24,0.15,14485,2026-07-20 17:00:00,14490,2026-07-20 18:00:00,14500,2026-07-20 20:00:00,14520,2026-07-21 00:00:00
14490,2026-07-20 18:00:00,validation,14371,14490,120,24,0.15,14495,2026-07-20 19:00:00,14500,2026-07-20 20:00:00,14510,2026-07-20 22:00:00,14530,2026-07-21 02:00:00
14491,2026-07-20 18:12:00,validation,14372,14491,120,24,0.15,14496,2026-07-20 19:12:00,14501,2026-07-20 20:12:00,14511,2026-07-20 22:12:00,14531,2026-07-21 02:12:00
14501,2026-07-20 20:12:00,validation,14382,14501,120,24,0.15,14506,2026-07-20 21:12:00,14511,2026-07-20 22:12:00,14521,2026-07-21 00:12:00,14541,2026-07-21 04:12:00
14510,2026-07-20 22:00:00,validation,14391,14510,120,24,0.15,14515,2026-07-20 23:00:00,14520,2026-07-21 00:00:00,14530,2026-07-21 02:00:00,14550,2026-07-21 06:00:00
14512,2026-07-20 22:24:00,validation,14393,14512,120,24,0.15,14517,2026-07-20 23:24:00,14522,2026-07-21 00:24:00,14532,2026-07-21 02:24:00,14552,2026-07-21 06:24:00
14527,2026-07-21 01:24:00,validation,14408,14527,120,24,0.15,14532,2026-07-21 02:24:00,14537,2026-07-21 03:24:00,14547,2026-07-21 05:24:00,14567,2026-07-21 09:24:00
14532,2026-07-21 02:24:00,validation,14413,14532,120,24,0.15,14537,2026-07-21 03:24:00,14542,2026-07-21 04:24:00,14552,2026-07-21 06:24:00,14572,2026-07-21 10:24:00
14584,2026-07-21 12:48:00,validation,14465,14584,120,24,0.15,14589,2026-07-21 13:48:00,14594,2026-07-21 14:48:00,14604,2026-07-21 16:48:00,14624,2026-07-21 20:48:00
14587,2026-07-21 13:24:00,validation,14468,14587,120,24,0.15,14592,2026-07-21 14:24:00,14597,2026-07-21 15:24:00,14607,2026-07-21 17:24:00,14627,2026-07-21 21:24:00
14589,2026-07-21 13:48:00,validation,14470,14589,120,24,0.15,14594,2026-07-21 14:48:00,14599,2026-07-21 15:48:00,14609,2026-07-21 17:48:00,14629,2026-07-21 21:48:00
14594,2026-07-21 14:48:00,validation,14475,14594,120,24,0.15,14599,2026-07-21 15:48:00,14604,2026-07-21 16:48:00,14614,2026-07-21 18:48:00,14634,2026-07-21 22:48:00
14604,2026-07-21 16:48:00,validation,14485,14604,120,24,0.15,14609,2026-07-21 17:48:00,14614,2026-07-21 18:48:00,14624,2026-07-21 20:48:00,14644,2026-07-22 00:48:00
14614,2026-07-21 18:48:00,validation,14495,14614,120,24,0.15,14619,2026-07-21 19:48:00,14624,2026-07-21 20:48:00,14634,2026-07-21 22:48:00,14654,2026-07-22 02:48:00
14616,2026-07-21 19:12:00,validation,14497,14616,120,24,0.15,14621,2026-07-21 20:12:00,14626,2026-07-21 21:12:00,14636,2026-07-21 23:12:00,14656,2026-07-22 03:12:00
14624,2026-07-21 20:48:00,validation,14505,14624,120,24,0.15,14629,2026-07-21 21:48:00,14634,2026-07-21 22:48:00,14644,2026-07-22 00:48:00,14664,2026-07-22 04:48:00
14677,2026-07-22 07:24:00,validation,14558,14677,120,24,0.15,14682,2026-07-22 08:24:00,14687,2026-07-22 09:24:00,14697,2026-07-22 11:24:00,14717,2026-07-22 15:24:00
14682,2026-07-22 08:24:00,validation,14563,14682,120,24,0.15,14687,2026-07-22 09:24:00,14692,2026-07-22 10:24:00,14702,2026-07-22 12:24:00,14722,2026-07-22 16:24:00
14685,2026-07-22 09:00:00,validation,14566,14685,120,24,0.15,14690,2026-07-22 10:00:00,14695,2026-07-22 11:00:00,14705,2026-07-22 13:00:00,14725,2026-07-22 17:00:00
14779,2026-07-23 03:48:00,validation,14660,14779,120,24,0.15,14784,2026-07-23 04:48:00,14789,2026-07-23 05:48:00,14799,2026-07-23 07:48:00,14819,2026-07-23 11:48:00
14780,2026-07-23 04:00:00,validation,14661,14780,120,24,0.15,14785,2026-07-23 05:00:00,14790,2026-07-23 06:00:00,14800,2026-07-23 08:00:00,14820,2026-07-23 12:00:00
14783,2026-07-23 04:36:00,validation,14664,14783,120,24,0.15,14788,2026-07-23 05:36:00,14793,2026-07-23 06:36:00,14803,2026-07-23 08:36:00,14823,2026-07-23 12:36:00
14784,2026-07-23 04:48:00,validation,14665,14784,120,24,0.15,14789,2026-07-23 05:48:00,14794,2026-07-23 06:48:00,14804,2026-07-23 08:48:00,14824,2026-07-23 12:48:00
14785,2026-07-23 05:00:00,validation,14666,14785,120,24,0.15,14790,2026-07-23 06:00:00,14795,2026-07-23 07:00:00,14805,2026-07-23 09:00:00,14825,2026-07-23 13:00:00
14788,2026-07-23 05:36:00,validation,14669,14788,120,24,0.15,14793,2026-07-23 06:36:00,14798,2026-07-23 07:36:00,14808,2026-07-23 09:36:00,14828,2026-07-23 13:36:00
14789,2026-07-23 05:48:00,validation,14670,14789,120,24,0.15,14794,2026-07-23 06:48:00,14799,2026-07-23 07:48:00,14809,2026-07-23 09:48:00,14829,2026-07-23 13:48:00
14790,2026-07-23 06:00:00,validation,14671,14790,120,24,0.15,14795,2026-07-23 07:00:00,14800,2026-07-23 08:00:00,14810,2026-07-23 10:00:00,14830,2026-07-23 14:00:00
14793,2026-07-23 06:36:00,validation,14674,14793,120,24,0.15,14798,2026-07-23 07:36:00,14803,2026-07-23 08:36:00,14813,2026-07-23 10:36:00,14833,2026-07-23 14:36:00
14799,2026-07-23 07:48:00,validation,14680,14799,120,24,0.15,14804,2026-07-23 08:48:00,14809,2026-07-23 09:48:00,14819,2026-07-23 11:48:00,14839,2026-07-23 15:48:00
14800,2026-07-23 08:00:00,validation,14681,14800,120,24,0.15,14805,2026-07-23 09:00:00,14810,2026-07-23 10:00:00,14820,2026-07-23 12:00:00,14840,2026-07-23 16:00:00
14817,2026-07-23 11:24:00,validation,14698,14817,120,24,0.15,14822,2026-07-23 12:24:00,14827,2026-07-23 13:24:00,14837,2026-07-23 15:24:00,14857,2026-07-23 19:24:00
14847,2026-07-23 17:24:00,validation,14728,14847,120,24,0.15,14852,2026-07-23 18:24:00,14857,2026-07-23 19:24:00,14867,2026-07-23 21:24:00,14887,2026-07-24 01:24:00
15138,2026-07-26 03:36:00,validation,15019,15138,120,24,0.15,15143,2026-07-26 04:36:00,15148,2026-07-26 05:36:00,15158,2026-07-26 07:36:00,15178,2026-07-26 11:36:00
15142,2026-07-26 04:24:00,validation,15023,15142,120,24,0.15,15147,2026-07-26 05:24:00,15152,2026-07-26 06:24:00,15162,2026-07-26 08:24:00,15182,2026-07-26 12:24:00
15156,2026-07-26 07:12:00,validation,15037,15156,120,24,0.15,15161,2026-07-26 08:12:00,15166,2026-07-26 09:12:00,15176,2026-07-26 11:12:00,15196,2026-07-26 15:12:00
15164,2026-07-26 08:48:00,validation,15045,15164,120,24,0.15,15169,2026-07-26 09:48:00,15174,2026-07-26 10:48:00,15184,2026-07-26 12:48:00,15204,2026-07-26 16:48:00
15177,2026-07-26 11:24:00,validation,15058,15177,120,24,0.15,15182,2026-07-26 12:24:00,15187,2026-07-26 13:24:00,15197,2026-07-26 15:24:00,15217,2026-07-26 19:24:00
15179,2026-07-26 11:48:00,validation,15060,15179,120,24,0.15,15184,2026-07-26 12:48:00,15189,2026-07-26 13:48:00,15199,2026-07-26 15:48:00,15219,2026-07-26 19:48:00
15184,2026-07-26 12:48:00,validation,15065,15184,120,24,0.15,15189,2026-07-26 13:48:00,15194,2026-07-26 14:48:00,15204,2026-07-26 16:48:00,15224,2026-07-26 20:48:00
15186,2026-07-26 13:12:00,validation,15067,15186,120,24,0.15,15191,2026-07-26 14:12:00,15196,2026-07-26 15:12:00,15206,2026-07-26 17:12:00,15226,2026-07-26 21:12:00
15187,2026-07-26 13:24:00,validation,15068,15187,120,24,0.15,15192,2026-07-26 14:24:00,15197,2026-07-26 15:24:00,15207,2026-07-26 17:24:00,15227,2026-07-26 21:24:00
15189,2026-07-26 13:48:00,validation,15070,15189,120,24,0.15,15194,2026-07-26 14:48:00,15199,2026-07-26 15:48:00,15209,2026-07-26 17:48:00,15229,2026-07-26 21:48:00
15193,2026-07-26 14:36:00,validation,15074,15193,120,24,0.15,15198,2026-07-26 15:36:00,15203,2026-07-26 16:36:00,15213,2026-07-26 18:36:00,15233,2026-07-26 22:36:00
15194,2026-07-26 14:48:00,validation,15075,15194,120,24,0.15,15199,2026-07-26 15:48:00,15204,2026-07-26 16:48:00,15214,2026-07-26 18:48:00,15234,2026-07-26 22:48:00
15199,2026-07-26 15:48:00,validation,15080,15199,120,24,0.15,15204,2026-07-26 16:48:00,15209,2026-07-26 17:48:00,15219,2026-07-26 19:48:00,15239,2026-07-26 23:48:00
15243,2026-07-27 00:36:00,test,15124,15243,120,24,0.15,15248,2026-07-27 01:36:00,15253,2026-07-27 02:36:00,15263,2026-07-27 04:36:00,15283,2026-07-27 08:36:00
15253,2026-07-27 02:36:00,test,15134,15253,120,24,0.15,15258,2026-07-27 03:36:00,15263,2026-07-27 04:36:00,15273,2026-07-27 06:36:00,15293,2026-07-27 10:36:00
15256,2026-07-27 03:12:00,test,15137,15256,120,24,0.15,15261,2026-07-27 04:12:00,15266,2026-07-27 05:12:00,15276,2026-07-27 07:12:00,15296,2026-07-27 11:12:00
15261,2026-07-27 04:12:00,test,15142,15261,120,24,0.15,15266,2026-07-27 05:12:00,15271,2026-07-27 06:12:00,15281,2026-07-27 08:12:00,15301,2026-07-27 12:12:00
15265,2026-07-27 05:00:00,test,15146,15265,120,24,0.15,15270,2026-07-27 06:00:00,15275,2026-07-27 07:00:00,15285,2026-07-27 09:00:00,15305,2026-07-27 13:00:00
15275,2026-07-27 07:00:00,test,15156,15275,120,24,0.15,15280,2026-07-27 08:00:00,15285,2026-07-27 09:00:00,15295,2026-07-27 11:00:00,15315,2026-07-27 15:00:00
15279,2026-07-27 07:48:00,test,15160,15279,120,24,0.15,15284,2026-07-27 08:48:00,15289,2026-07-27 09:48:00,15299,2026-07-27 11:48:00,15319,2026-07-27 15:48:00
15290,2026-07-27 10:00:00,test,15171,15290,120,24,0.15,15295,2026-07-27 11:00:00,15300,2026-07-27 12:00:00,15310,2026-07-27 14:00:00,15330,2026-07-27 18:00:00
15291,2026-07-27 10:12:00,test,15172,15291,120,24,0.15,15296,2026-07-27 11:12:00,15301,2026-07-27 12:12:00,15311,2026-07-27 14:12:00,15331,2026-07-27 18:12:00
15295,2026-07-27 11:00:00,test,15176,15295,120,24,0.15,15300,2026-07-27 12:00:00,15305,2026-07-27 13:00:00,15315,2026-07-27 15:00:00,15335,2026-07-27 19:00:00
15296,2026-07-27 11:12:00,test,15177,15296,120,24,0.15,15301,2026-07-27 12:12:00,15306,2026-07-27 13:12:00,15316,2026-07-27 15:12:00,15336,2026-07-27 19:12:00
15298,2026-07-27 11:36:00,test,15179,15298,120,24,0.15,15303,2026-07-27 12:36:00,15308,2026-07-27 13:36:00,15318,2026-07-27 15:36:00,15338,2026-07-27 19:36:00
15310,2026-07-27 14:00:00,test,15191,15310,120,24,0.15,15315,2026-07-27 15:00:00,15320,2026-07-27 16:00:00,15330,2026-07-27 18:00:00,15350,2026-07-27 22:00:00
15311,2026-07-27 14:12:00,test,15192,15311,120,24,0.15,15316,2026-07-27 15:12:00,15321,2026-07-27 16:12:00,15331,2026-07-27 18:12:00,15351,2026-07-27 22:12:00
15314,2026-07-27 14:48:00,test,15195,15314,120,24,0.15,15319,2026-07-27 15:48:00,15324,2026-07-27 16:48:00,15334,2026-07-27 18:48:00,15354,2026-07-27 22:48:00
15322,2026-07-27 16:24:00,test,15203,15322,120,24,0.15,15327,2026-07-27 17:24:00,15332,2026-07-27 18:24:00,15342,2026-07-27 20:24:00,15362,2026-07-28 00:24:00
15332,2026-07-27 18:24:00,test,15213,15332,120,24,0.15,15337,2026-07-27 19:24:00,15342,2026-07-27 20:24:00,15352,2026-07-27 22:24:00,15372,2026-07-28 02:24:00
15339,2026-07-27 19:48:00,test,15220,15339,120,24,0.15,15344,2026-07-27 20:48:00,15349,2026-07-27 21:48:00,15359,2026-07-27 23:48:00,15379,2026-07-28 03:48:00
15343,2026-07-27 20:36:00,test,15224,15343,120,24,0.15,15348,2026-07-27 21:36:00,15353,2026-07-27 22:36:00,15363,2026-07-28 00:36:00,15383,2026-07-28 04:36:00
15346,2026-07-27 21:12:00,test,15227,15346,120,24,0.15,15351,2026-07-27 22:12:00,15356,2026-07-27 23:12:00,15366,2026-07-28 01:12:00,15386,2026-07-28 05:12:00
15348,2026-07-27 21:36:00,test,15229,15348,120,24,0.15,15353,2026-07-27 22:36:00,15358,2026-07-27 23:36:00,15368,2026-07-28 01:36:00,15388,2026-07-28 05:36:00
15351,2026-07-27 22:12:00,test,15232,15351,120,24,0.15,15356,2026-07-27 23:12:00,15361,2026-07-28 00:12:00,15371,2026-07-28 02:12:00,15391,2026-07-28 06:12:00
15353,2026-07-27 22:36:00,test,15234,15353,120,24,0.15,15358,2026-07-27 23:36:00,15363,2026-07-28 00:36:00,15373,2026-07-28 02:36:00,15393,2026-07-28 06:36:00
15356,2026-07-27 23:12:00,test,15237,15356,120,24,0.15,15361,2026-07-28 00:12:00,15366,2026-07-28 01:12:00,15376,2026-07-28 03:12:00,15396,2026-07-28 07:12:00
15361,2026-07-28 00:12:00,test,15242,15361,120,24,0.15,15366,2026-07-28 01:12:00,15371,2026-07-28 02:12:00,15381,2026-07-28 04:12:00,15401,2026-07-28 08:12:00
15366,2026-07-28 01:12:00,test,15247,15366,120,24,0.15,15371,2026-07-28 02:12:00,15376,2026-07-28 03:12:00,15386,2026-07-28 05:12:00,15406,2026-07-28 09:12:00
15367,2026-07-28 01:24:00,test,15248,15367,120,24,0.15,15372,2026-07-28 02:24:00,15377,2026-07-28 03:24:00,15387,2026-07-28 05:24:00,15407,2026-07-28 09:24:00
15368,2026-07-28 01:36:00,test,15249,15368,120,24,0.15,15373,2026-07-28 02:36:00,15378,2026-07-28 03:36:00,15388,2026-07-28 05:36:00,15408,2026-07-28 09:36:00
15371,2026-07-28 02:12:00,test,15252,15371,120,24,0.15,15376,2026-07-28 03:12:00,15381,2026-07-28 04:12:00,15391,2026-07-28 06:12:00,15411,2026-07-28 10:12:00
15373,2026-07-28 02:36:00,test,15254,15373,120,24,0.15,15378,2026-07-28 03:36:00,15383,2026-07-28 04:36:00,15393,2026-07-28 06:36:00,15413,2026-07-28 10:36:00
15374,2026-07-28 02:48:00,test,15255,15374,120,24,0.15,15379,2026-07-28 03:48:00,15384,2026-07-28 04:48:00,15394,2026-07-28 06:48:00,15414,2026-07-28 10:48:00
15376,2026-07-28 03:12:00,test,15257,15376,120,24,0.15,15381,2026-07-28 04:12:00,15386,2026-07-28 05:12:00,15396,2026-07-28 07:12:00,15416,2026-07-28 11:12:00
15381,2026-07-28 04:12:00,test,15262,15381,120,24,0.15,15386,2026-07-28 05:12:00,15391,2026-07-28 06:12:00,15401,2026-07-28 08:12:00,15421,2026-07-28 12:12:00
15386,2026-07-28 05:12:00,test,15267,15386,120,24,0.15,15391,2026-07-28 06:12:00,15396,2026-07-28 07:12:00,15406,2026-07-28 09:12:00,15426,2026-07-28 13:12:00
15389,2026-07-28 05:48:00,test,15270,15389,120,24,0.15,15394,2026-07-28 06:48:00,15399,2026-07-28 07:48:00,15409,2026-07-28 09:48:00,15429,2026-07-28 13:48:00
15390,2026-07-28 06:00:00,test,15271,15390,120,24,0.15,15395,2026-07-28 07:00:00,15400,2026-07-28 08:00:00,15410,2026-07-28 10:00:00,15430,2026-07-28 14:00:00
15391,2026-07-28 06:12:00,test,15272,15391,120,24,0.15,15396,2026-07-28 07:12:00,15401,2026-07-28 08:12:00,15411,2026-07-28 10:12:00,15431,2026-07-28 14:12:00
15397,2026-07-28 07:24:00,test,15278,15397,120,24,0.15,15402,2026-07-28 08:24:00,15407,2026-07-28 09:24:00,15417,2026-07-28 11:24:00,15437,2026-07-28 15:24:00
15401,2026-07-28 08:12:00,test,15282,15401,120,24,0.15,15406,2026-07-28 09:12:00,15411,2026-07-28 10:12:00,15421,2026-07-28 12:12:00,15441,2026-07-28 16:12:00
15402,2026-07-28 08:24:00,test,15283,15402,120,24,0.15,15407,2026-07-28 09:24:00,15412,2026-07-28 10:24:00,15422,2026-07-28 12:24:00,15442,2026-07-28 16:24:00
15403,2026-07-28 08:36:00,test,15284,15403,120,24,0.15,15408,2026-07-28 09:36:00,15413,2026-07-28 10:36:00,15423,2026-07-28 12:36:00,15443,2026-07-28 16:36:00
15404,2026-07-28 08:48:00,test,15285,15404,120,24,0.15,15409,2026-07-28 09:48:00,15414,2026-07-28 10:48:00,15424,2026-07-28 12:48:00,15444,2026-07-28 16:48:00
15406,2026-07-28 09:12:00,test,15287,15406,120,24,0.15,15411,2026-07-28 10:12:00,15416,2026-07-28 11:12:00,15426,2026-07-28 13:12:00,15446,2026-07-28 17:12:00
15407,2026-07-28 09:24:00,test,15288,15407,120,24,0.15,15412,2026-07-28 10:24:00,15417,2026-07-28 11:24:00,15427,2026-07-28 13:24:00,15447,2026-07-28 17:24:00
15408,2026-07-28 09:36:00,test,15289,15408,120,24,0.15,15413,2026-07-28 10:36:00,15418,2026-07-28 11:36:00,15428,2026-07-28 13:36:00,15448,2026-07-28 17:36:00
15411,2026-07-28 10:12:00,test,15292,15411,120,24,0.15,15416,2026-07-28 11:12:00,15421,2026-07-28 12:12:00,15431,2026-07-28 14:12:00,15451,2026-07-28 18:12:00
15412,2026-07-28 10:24:00,test,15293,15412,120,24,0.15,15417,2026-07-28 11:24:00,15422,2026-07-28 12:24:00,15432,2026-07-28 14:24:00,15452,2026-07-28 18:24:00
15417,2026-07-28 11:24:00,test,15298,15417,120,24,0.15,15422,2026-07-28 12:24:00,15427,2026-07-28 13:24:00,15437,2026-07-28 15:24:00,15457,2026-07-28 19:24:00
15418,2026-07-28 11:36:00,test,15299,15418,120,24,0.15,15423,2026-07-28 12:36:00,15428,2026-07-28 13:36:00,15438,2026-07-28 15:36:00,15458,2026-07-28 19:36:00
15419,2026-07-28 11:48:00,test,15300,15419,120,24,0.15,15424,2026-07-28 12:48:00,15429,2026-07-28 13:48:00,15439,2026-07-28 15:48:00,15459,2026-07-28 19:48:00
15422,2026-07-28 12:24:00,test,15303,15422,120,24,0.15,15427,2026-07-28 13:24:00,15432,2026-07-28 14:24:00,15442,2026-07-28 16:24:00,15462,2026-07-28 20:24:00
15424,2026-07-28 12:48:00,test,15305,15424,120,24,0.15,15429,2026-07-28 13:48:00,15434,2026-07-28 14:48:00,15444,2026-07-28 16:48:00,15464,2026-07-28 20:48:00
15425,2026-07-28 13:00:00,test,15306,15425,120,24,0.15,15430,2026-07-28 14:00:00,15435,2026-07-28 15:00:00,15445,2026-07-28 17:00:00,15465,2026-07-28 21:00:00
15427,2026-07-28 13:24:00,test,15308,15427,120,24,0.15,15432,2026-07-28 14:24:00,15437,2026-07-28 15:24:00,15447,2026-07-28 17:24:00,15467,2026-07-28 21:24:00
15430,2026-07-28 14:00:00,test,15311,15430,120,24,0.15,15435,2026-07-28 15:00:00,15440,2026-07-28 16:00:00,15450,2026-07-28 18:00:00,15470,2026-07-28 22:00:00
15432,2026-07-28 14:24:00,test,15313,15432,120,24,0.15,15437,2026-07-28 15:24:00,15442,2026-07-28 16:24:00,15452,2026-07-28 18:24:00,15472,2026-07-28 22:24:00
15433,2026-07-28 14:36:00,test,15314,15433,120,24,0.15,15438,2026-07-28 15:36:00,15443,2026-07-28 16:36:00,15453,2026-07-28 18:36:00,15473,2026-07-28 22:36:00
15435,2026-07-28 15:00:00,test,15316,15435,120,24,0.15,15440,2026-07-28 16:00:00,15445,2026-07-28 17:00:00,15455,2026-07-28 19:00:00,15475,2026-07-28 23:00:00
15436,2026-07-28 15:12:00,test,15317,15436,120,24,0.15,15441,2026-07-28 16:12:00,15446,2026-07-28 17:12:00,15456,2026-07-28 19:12:00,15476,2026-07-28 23:12:00
15437,2026-07-28 15:24:00,test,15318,15437,120,24,0.15,15442,2026-07-28 16:24:00,15447,2026-07-28 17:24:00,15457,2026-07-28 19:24:00,15477,2026-07-28 23:24:00
15440,2026-07-28 16:00:00,test,15321,15440,120,24,0.15,15445,2026-07-28 17:00:00,15450,2026-07-28 18:00:00,15460,2026-07-28 20:00:00,15480,2026-07-29 00:00:00
15442,2026-07-28 16:24:00,test,15323,15442,120,24,0.15,15447,2026-07-28 17:24:00,15452,2026-07-28 18:24:00,15462,2026-07-28 20:24:00,15482,2026-07-29 00:24:00
15443,2026-07-28 16:36:00,test,15324,15443,120,24,0.15,15448,2026-07-28 17:36:00,15453,2026-07-28 18:36:00,15463,2026-07-28 20:36:00,15483,2026-07-29 00:36:00
15445,2026-07-28 17:00:00,test,15326,15445,120,24,0.15,15450,2026-07-28 18:00:00,15455,2026-07-28 19:00:00,15465,2026-07-28 21:00:00,15485,2026-07-29 01:00:00
15448,2026-07-28 17:36:00,test,15329,15448,120,24,0.15,15453,2026-07-28 18:36:00,15458,2026-07-28 19:36:00,15468,2026-07-28 21:36:00,15488,2026-07-29 01:36:00
15450,2026-07-28 18:00:00,test,15331,15450,120,24,0.15,15455,2026-07-28 19:00:00,15460,2026-07-28 20:00:00,15470,2026-07-28 22:00:00,15490,2026-07-29 02:00:00
15452,2026-07-28 18:24:00,test,15333,15452,120,24,0.15,15457,2026-07-28 19:24:00,15462,2026-07-28 20:24:00,15472,2026-07-28 22:24:00,15492,2026-07-29 02:24:00
15453,2026-07-28 18:36:00,test,15334,15453,120,24,0.15,15458,2026-07-28 19:36:00,15463,2026-07-28 20:36:00,15473,2026-07-28 22:36:00,15493,2026-07-29 02:36:00
15455,2026-07-28 19:00:00,test,15336,15455,120,24,0.15,15460,2026-07-28 20:00:00,15465,2026-07-28 21:00:00,15475,2026-07-28 23:00:00,15495,2026-07-29 03:00:00
15457,2026-07-28 19:24:00,test,15338,15457,120,24,0.15,15462,2026-07-28 20:24:00,15467,2026-07-28 21:24:00,15477,2026-07-28 23:24:00,15497,2026-07-29 03:24:00
15459,2026-07-28 19:48:00,test,15340,15459,120,24,0.15,15464,2026-07-28 20:48:00,15469,2026-07-28 21:48:00,15479,2026-07-28 23:48:00,15499,2026-07-29 03:48:00
15460,2026-07-28 20:00:00,test,15341,15460,120,24,0.15,15465,2026-07-28 21:00:00,15470,2026-07-28 22:00:00,15480,2026-07-29 00:00:00,15500,2026-07-29 04:00:00
15461,2026-07-28 20:12:00,test,15342,15461,120,24,0.15,15466,2026-07-28 21:12:00,15471,2026-07-28 22:12:00,15481,2026-07-29 00:12:00,15501,2026-07-29 04:12:00
15462,2026-07-28 20:24:00,test,15343,15462,120,24,0.15,15467,2026-07-28 21:24:00,15472,2026-07-28 22:24:00,15482,2026-07-29 00:24:00,15502,2026-07-29 04:24:00
15463,2026-07-28 20:36:00,test,15344,15463,120,24,0.15,15468,2026-07-28 21:36:00,15473,2026-07-28 22:36:00,15483,2026-07-29 00:36:00,15503,2026-07-29 04:36:00
15465,2026-07-28 21:00:00,test,15346,15465,120,24,0.15,15470,2026-07-28 22:00:00,15475,2026-07-28 23:00:00,15485,2026-07-29 01:00:00,15505,2026-07-29 05:00:00
15472,2026-07-28 22:24:00,test,15353,15472,120,24,0.15,15477,2026-07-28 23:24:00,15482,2026-07-29 00:24:00,15492,2026-07-29 02:24:00,15512,2026-07-29 06:24:00
15474,2026-07-28 22:48:00,test,15355,15474,120,24,0.15,15479,2026-07-28 23:48:00,15484,2026-07-29 00:48:00,15494,2026-07-29 02:48:00,15514,2026-07-29 06:48:00
15475,2026-07-28 23:00:00,test,15356,15475,120,24,0.15,15480,2026-07-29 00:00:00,15485,2026-07-29 01:00:00,15495,2026-07-29 03:00:00,15515,2026-07-29 07:00:00
15483,2026-07-29 00:36:00,test,15364,15483,120,24,0.15,15488,2026-07-29 01:36:00,15493,2026-07-29 02:36:00,15503,2026-07-29 04:36:00,15523,2026-07-29 08:36:00
15485,2026-07-29 01:00:00,test,15366,15485,120,24,0.15,15490,2026-07-29 02:00:00,15495,2026-07-29 03:00:00,15505,2026-07-29 05:00:00,15525,2026-07-29 09:00:00
15486,2026-07-29 01:12:00,test,15367,15486,120,24,0.15,15491,2026-07-29 02:12:00,15496,2026-07-29 03:12:00,15506,2026-07-29 05:12:00,15526,2026-07-29 09:12:00
15487,2026-07-29 01:24:00,test,15368,15487,120,24,0.15,15492,2026-07-29 02:24:00,15497,2026-07-29 03:24:00,15507,2026-07-29 05:24:00,15527,2026-07-29 09:24:00
15489,2026-07-29 01:48:00,test,15370,15489,120,24,0.15,15494,2026-07-29 02:48:00,15499,2026-07-29 03:48:00,15509,2026-07-29 05:48:00,15529,2026-07-29 09:48:00
15494,2026-07-29 02:48:00,test,15375,15494,120,24,0.15,15499,2026-07-29 03:48:00,15504,2026-07-29 04:48:00,15514,2026-07-29 06:48:00,15534,2026-07-29 10:48:00
15495,2026-07-29 03:00:00,test,15376,15495,120,24,0.15,15500,2026-07-29 04:00:00,15505,2026-07-29 05:00:00,15515,2026-07-29 07:00:00,15535,2026-07-29 11:00:00
15496,2026-07-29 03:12:00,test,15377,15496,120,24,0.15,15501,2026-07-29 04:12:00,15506,2026-07-29 05:12:00,15516,2026-07-29 07:12:00,15536,2026-07-29 11:12:00
15502,2026-07-29 04:24:00,test,15383,15502,120,24,0.15,15507,2026-07-29 05:24:00,15512,2026-07-29 06:24:00,15522,2026-07-29 08:24:00,15542,2026-07-29 12:24:00
15511,2026-07-29 06:12:00,test,15392,15511,120,24,0.15,15516,2026-07-29 07:12:00,15521,2026-07-29 08:12:00,15531,2026-07-29 10:12:00,15551,2026-07-29 14:12:00
15513,2026-07-29 06:36:00,test,15394,15513,120,24,0.15,15518,2026-07-29 07:36:00,15523,2026-07-29 08:36:00,15533,2026-07-29 10:36:00,15553,2026-07-29 14:36:00
15516,2026-07-29 07:12:00,test,15397,15516,120,24,0.15,15521,2026-07-29 08:12:00,15526,2026-07-29 09:12:00,15536,2026-07-29 11:12:00,15556,2026-07-29 15:12:00
15521,2026-07-29 08:12:00,test,15402,15521,120,24,0.15,15526,2026-07-29 09:12:00,15531,2026-07-29 10:12:00,15541,2026-07-29 12:12:00,15561,2026-07-29 16:12:00
15524,2026-07-29 08:48:00,test,15405,15524,120,24,0.15,15529,2026-07-29 09:48:00,15534,2026-07-29 10:48:00,15544,2026-07-29 12:48:00,15564,2026-07-29 16:48:00
15525,2026-07-29 09:00:00,test,15406,15525,120,24,0.15,15530,2026-07-29 10:00:00,15535,2026-07-29 11:00:00,15545,2026-07-29 13:00:00,15565,2026-07-29 17:00:00
15529,2026-07-29 09:48:00,test,15410,15529,120,24,0.15,15534,2026-07-29 10:48:00,15539,2026-07-29 11:48:00,15549,2026-07-29 13:48:00,15569,2026-07-29 17:48:00
15530,2026-07-29 10:00:00,test,15411,15530,120,24,0.15,15535,2026-07-29 11:00:00,15540,2026-07-29 12:00:00,15550,2026-07-29 14:00:00,15570,2026-07-29 18:00:00
15531,2026-07-29 10:12:00,test,15412,15531,120,24,0.15,15536,2026-07-29 11:12:00,15541,2026-07-29 12:12:00,15551,2026-07-29 14:12:00,15571,2026-07-29 18:12:00
15535,2026-07-29 11:00:00,test,15416,15535,120,24,0.15,15540,2026-07-29 12:00:00,15545,2026-07-29 13:00:00,15555,2026-07-29 15:00:00,15575,2026-07-29 19:00:00
15545,2026-07-29 13:00:00,test,15426,15545,120,24,0.15,15550,2026-07-29 14:00:00,15555,2026-07-29 15:00:00,15565,2026-07-29 17:00:00,15585,2026-07-29 21:00:00
15546,2026-07-29 13:12:00,test,15427,15546,120,24,0.15,15551,2026-07-29 14:12:00,15556,2026-07-29 15:12:00,15566,2026-07-29 17:12:00,15586,2026-07-29 21:12:00
15547,2026-07-29 13:24:00,test,15428,15547,120,24,0.15,15552,2026-07-29 14:24:00,15557,2026-07-29 15:24:00,15567,2026-07-29 17:24:00,15587,2026-07-29 21:24:00
15548,2026-07-29 13:36:00,test,15429,15548,120,24,0.15,15553,2026-07-29 14:36:00,15558,2026-07-29 15:36:00,15568,2026-07-29 17:36:00,15588,2026-07-29 21:36:00
15551,2026-07-29 14:12:00,test,15432,15551,120,24,0.15,15556,2026-07-29 15:12:00,15561,2026-07-29 16:12:00,15571,2026-07-29 18:12:00,15591,2026-07-29 22:12:00
15558,2026-07-29 15:36:00,test,15439,15558,120,24,0.15,15563,2026-07-29 16:36:00,15568,2026-07-29 17:36:00,15578,2026-07-29 19:36:00,15598,2026-07-29 23:36:00
15559,2026-07-29 15:48:00,test,15440,15559,120,24,0.15,15564,2026-07-29 16:48:00,15569,2026-07-29 17:48:00,15579,2026-07-29 19:48:00,15599,2026-07-29 23:48:00
15560,2026-07-29 16:00:00,test,15441,15560,120,24,0.15,15565,2026-07-29 17:00:00,15570,2026-07-29 18:00:00,15580,2026-07-29 20:00:00,15600,2026-07-30 00:00:00
15561,2026-07-29 16:12:00,test,15442,15561,120,24,0.15,15566,2026-07-29 17:12:00,15571,2026-07-29 18:12:00,15581,2026-07-29 20:12:00,15601,2026-07-30 00:12:00
15564,2026-07-29 16:48:00,test,15445,15564,120,24,0.15,15569,2026-07-29 17:48:00,15574,2026-07-29 18:48:00,15584,2026-07-29 20:48:00,15604,2026-07-30 00:48:00
15565,2026-07-29 17:00:00,test,15446,15565,120,24,0.15,15570,2026-07-29 18:00:00,15575,2026-07-29 19:00:00,15585,2026-07-29 21:00:00,15605,2026-07-30 01:00:00
15569,2026-07-29 17:48:00,test,15450,15569,120,24,0.15,15574,2026-07-29 18:48:00,15579,2026-07-29 19:48:00,15589,2026-07-29 21:48:00,15609,2026-07-30 01:48:00
15572,2026-07-29 18:24:00,test,15453,15572,120,24,0.15,15577,2026-07-29 19:24:00,15582,2026-07-29 20:24:00,15592,2026-07-29 22:24:00,15612,2026-07-30 02:24:00
15574,2026-07-29 18:48:00,test,15455,15574,120,24,0.15,15579,2026-07-29 19:48:00,15584,2026-07-29 20:48:00,15594,2026-07-29 22:48:00,15614,2026-07-30 02:48:00
15575,2026-07-29 19:00:00,test,15456,15575,120,24,0.15,15580,2026-07-29 20:00:00,15585,2026-07-29 21:00:00,15595,2026-07-29 23:00:00,15615,2026-07-30 03:00:00
15576,2026-07-29 19:12:00,test,15457,15576,120,24,0.15,15581,2026-07-29 20:12:00,15586,2026-07-29 21:12:00,15596,2026-07-29 23:12:00,15616,2026-07-30 03:12:00
15579,2026-07-29 19:48:00,test,15460,15579,120,24,0.15,15584,2026-07-29 20:48:00,15589,2026-07-29 21:48:00,15599,2026-07-29 23:48:00,15619,2026-07-30 03:48:00
15580,2026-07-29 20:00:00,test,15461,15580,120,24,0.15,15585,2026-07-29 21:00:00,15590,2026-07-29 22:00:00,15600,2026-07-30 00:00:00,15620,2026-07-30 04:00:00
15581,2026-07-29 20:12:00,test,15462,15581,120,24,0.15,15586,2026-07-29 21:12:00,15591,2026-07-29 22:12:00,15601,2026-07-30 00:12:00,15621,2026-07-30 04:12:00
15583,2026-07-29 20:36:00,test,15464,15583,120,24,0.15,15588,2026-07-29 21:36:00,15593,2026-07-29 22:36:00,15603,2026-07-30 00:36:00,15623,2026-07-30 04:36:00
15584,2026-07-29 20:48:00,test,15465,15584,120,24,0.15,15589,2026-07-29 21:48:00,15594,2026-07-29 22:48:00,15604,2026-07-30 00:48:00,15624,2026-07-30 04:48:00
15585,2026-07-29 21:00:00,test,15466,15585,120,24,0.15,15590,2026-07-29 22:00:00,15595,2026-07-29 23:00:00,15605,2026-07-30 01:00:00,15625,2026-07-30 05:00:00
15586,2026-07-29 21:12:00,test,15467,15586,120,24,0.15,15591,2026-07-29 22:12:00,15596,2026-07-29 23:12:00,15606,2026-07-30 01:12:00,15626,2026-07-30 05:12:00
15588,2026-07-29 21:36:00,test,15469,15588,120,24,0.15,15593,2026-07-29 22:36:00,15598,2026-07-29 23:36:00,15608,2026-07-30 01:36:00,15628,2026-07-30 05:36:00
15589,2026-07-29 21:48:00,test,15470,15589,120,24,0.15,15594,2026-07-29 22:48:00,15599,2026-07-29 23:48:00,15609,2026-07-30 01:48:00,15629,2026-07-30 05:48:00
15593,2026-07-29 22:36:00,test,15474,15593,120,24,0.15,15598,2026-07-29 23:36:00,15603,2026-07-30 00:36:00,15613,2026-07-30 02:36:00,15633,2026-07-30 06:36:00
15595,2026-07-29 23:00:00,test,15476,15595,120,24,0.15,15600,2026-07-30 00:00:00,15605,2026-07-30 01:00:00,15615,2026-07-30 03:00:00,15635,2026-07-30 07:00:00
15596,2026-07-29 23:12:00,test,15477,15596,120,24,0.15,15601,2026-07-30 00:12:00,15606,2026-07-30 01:12:00,15616,2026-07-30 03:12:00,15636,2026-07-30 07:12:00
15597,2026-07-29 23:24:00,test,15478,15597,120,24,0.15,15602,2026-07-30 00:24:00,15607,2026-07-30 01:24:00,15617,2026-07-30 03:24:00,15637,2026-07-30 07:24:00
15598,2026-07-29 23:36:00,test,15479,15598,120,24,0.15,15603,2026-07-30 00:36:00,15608,2026-07-30 01:36:00,15618,2026-07-30 03:36:00,15638,2026-07-30 07:36:00
15599,2026-07-29 23:48:00,test,15480,15599,120,24,0.15,15604,2026-07-30 00:48:00,15609,2026-07-30 01:48:00,15619,2026-07-30 03:48:00,15639,2026-07-30 07:48:00
15601,2026-07-30 00:12:00,test,15482,15601,120,24,0.15,15606,2026-07-30 01:12:00,15611,2026-07-30 02:12:00,15621,2026-07-30 04:12:00,15641,2026-07-30 08:12:00
15603,2026-07-30 00:36:00,test,15484,15603,120,24,0.15,15608,2026-07-30 01:36:00,15613,2026-07-30 02:36:00,15623,2026-07-30 04:36:00,15643,2026-07-30 08:36:00
15604,2026-07-30 00:48:00,test,15485,15604,120,24,0.15,15609,2026-07-30 01:48:00,15614,2026-07-30 02:48:00,15624,2026-07-30 04:48:00,15644,2026-07-30 08:48:00
15606,2026-07-30 01:12:00,test,15487,15606,120,24,0.15,15611,2026-07-30 02:12:00,15616,2026-07-30 03:12:00,15626,2026-07-30 05:12:00,15646,2026-07-30 09:12:00
15608,2026-07-30 01:36:00,test,15489,15608,120,24,0.15,15613,2026-07-30 02:36:00,15618,2026-07-30 03:36:00,15628,2026-07-30 05:36:00,15648,2026-07-30 09:36:00
15609,2026-07-30 01:48:00,test,15490,15609,120,24,0.15,15614,2026-07-30 02:48:00,15619,2026-07-30 03:48:00,15629,2026-07-30 05:48:00,15649,2026-07-30 09:48:00
15610,2026-07-30 02:00:00,test,15491,15610,120,24,0.15,15615,2026-07-30 03:00:00,15620,2026-07-30 04:00:00,15630,2026-07-30 06:00:00,15650,2026-07-30 10:00:00
15613,2026-07-30 02:36:00,test,15494,15613,120,24,0.15,15618,2026-07-30 03:36:00,15623,2026-07-30 04:36:00,15633,2026-07-30 06:36:00,15653,2026-07-30 10:36:00
15615,2026-07-30 03:00:00,test,15496,15615,120,24,0.15,15620,2026-07-30 04:00:00,15625,2026-07-30 05:00:00,15635,2026-07-30 07:00:00,15655,2026-07-30 11:00:00
15616,2026-07-30 03:12:00,test,15497,15616,120,24,0.15,15621,2026-07-30 04:12:00,15626,2026-07-30 05:12:00,15636,2026-07-30 07:12:00,15656,2026-07-30 11:12:00
15619,2026-07-30 03:48:00,test,15500,15619,120,24,0.15,15624,2026-07-30 04:48:00,15629,2026-07-30 05:48:00,15639,2026-07-30 07:48:00,15659,2026-07-30 11:48:00
15620,2026-07-30 04:00:00,test,15501,15620,120,24,0.15,15625,2026-07-30 05:00:00,15630,2026-07-30 06:00:00,15640,2026-07-30 08:00:00,15660,2026-07-30 12:00:00
15625,2026-07-30 05:00:00,test,15506,15625,120,24,0.15,15630,2026-07-30 06:00:00,15635,2026-07-30 07:00:00,15645,2026-07-30 09:00:00,15665,2026-07-30 13:00:00
15630,2026-07-30 06:00:00,test,15511,15630,120,24,0.15,15635,2026-07-30 07:00:00,15640,2026-07-30 08:00:00,15650,2026-07-30 10:00:00,15670,2026-07-30 14:00:00
15631,2026-07-30 06:12:00,test,15512,15631,120,24,0.15,15636,2026-07-30 07:12:00,15641,2026-07-30 08:12:00,15651,2026-07-30 10:12:00,15671,2026-07-30 14:12:00
15633,2026-07-30 06:36:00,test,15514,15633,120,24,0.15,15638,2026-07-30 07:36:00,15643,2026-07-30 08:36:00,15653,2026-07-30 10:36:00,15673,2026-07-30 14:36:00
15635,2026-07-30 07:00:00,test,15516,15635,120,24,0.15,15640,2026-07-30 08:00:00,15645,2026-07-30 09:00:00,15655,2026-07-30 11:00:00,15675,2026-07-30 15:00:00
15636,2026-07-30 07:12:00,test,15517,15636,120,24,0.15,15641,2026-07-30 08:12:00,15646,2026-07-30 09:12:00,15656,2026-07-30 11:12:00,15676,2026-07-30 15:12:00
15645,2026-07-30 09:00:00,test,15526,15645,120,24,0.15,15650,2026-07-30 10:00:00,15655,2026-07-30 11:00:00,15665,2026-07-30 13:00:00,15685,2026-07-30 17:00:00
15650,2026-07-30 10:00:00,test,15531,15650,120,24,0.15,15655,2026-07-30 11:00:00,15660,2026-07-30 12:00:00,15670,2026-07-30 14:00:00,15690,2026-07-30 18:00:00
15656,2026-07-30 11:12:00,test,15537,15656,120,24,0.15,15661,2026-07-30 12:12:00,15666,2026-07-30 13:12:00,15676,2026-07-30 15:12:00,15696,2026-07-30 19:12:00
15680,2026-07-30 16:00:00,test,15561,15680,120,24,0.15,15685,2026-07-30 17:00:00,15690,2026-07-30 18:00:00,15700,2026-07-30 20:00:00,15720,2026-07-31 00:00:00
15702,2026-07-30 20:24:00,test,15583,15702,120,24,0.15,15707,2026-07-30 21:24:00,15712,2026-07-30 22:24:00,15722,2026-07-31 00:24:00,15742,2026-07-31 04:24:00
15711,2026-07-30 22:12:00,test,15592,15711,120,24,0.15,15716,2026-07-30 23:12:00,15721,2026-07-31 00:12:00,15731,2026-07-31 02:12:00,15751,2026-07-31 06:12:00
15985,2026-08-02 05:00:00,test,15866,15985,120,24,0.15,15990,2026-08-02 06:00:00,15995,2026-08-02 07:00:00,16005,2026-08-02 09:00:00,16025,2026-08-02 13:00:00
16009,2026-08-02 09:48:00,test,15890,16009,120,24,0.15,16014,2026-08-02 10:48:00,16019,2026-08-02 11:48:00,16029,2026-08-02 13:48:00,16049,2026-08-02 17:48:00
16305,2026-08-04 21:00:00,test,16186,16305,120,24,0.15,16310,2026-08-04 22:00:00,16315,2026-08-04 23:00:00,16325,2026-08-05 01:00:00,16345,2026-08-05 05:00:00
16306,2026-08-04 21:12:00,test,16187,16306,120,24,0.15,16311,2026-08-04 22:12:00,16316,2026-08-04 23:12:00,16326,2026-08-05 01:12:00,16346,2026-08-05 05:12:00
16307,2026-08-04 21:24:00,test,16188,16307,120,24,0.15,16312,2026-08-04 22:24:00,16317,2026-08-04 23:24:00,16327,2026-08-05 01:24:00,16347,2026-08-05 05:24:00
16310,2026-08-04 22:00:00,test,16191,16310,120,24,0.15,16315,2026-08-04 23:00:00,16320,2026-08-05 00:00:00,16330,2026-08-05 02:00:00,16350,2026-08-05 06:00:00
16312,2026-08-04 22:24:00,test,16193,16312,120,24,0.15,16317,2026-08-04 23:24:00,16322,2026-08-05 00:24:00,16332,2026-08-05 02:24:00,16352,2026-08-05 06:24:00
16313,2026-08-04 22:36:00,test,16194,16313,120,24,0.15,16318,2026-08-04 23:36:00,16323,2026-08-05 00:36:00,16333,2026-08-05 02:36:00,16353,2026-08-05 06:36:00
16314,2026-08-04 22:48:00,test,16195,16314,120,24,0.15,16319,2026-08-04 23:48:00,16324,2026-08-05 00:48:00,16334,2026-08-05 02:48:00,16354,2026-08-05 06:48:00
16315,2026-08-04 23:00:00,test,16196,16315,120,24,0.15,16320,2026-08-05 00:00:00,16325,2026-08-05 01:00:00,16335,2026-08-05 03:00:00,16355,2026-08-05 07:00:00
16317,2026-08-04 23:24:00,test,16198,16317,120,24,0.15,16322,2026-08-05 00:24:00,16327,2026-08-05 01:24:00,16337,2026-08-05 03:24:00,16357,2026-08-05 07:24:00
16321,2026-08-05 00:12:00,test,16202,16321,120,24,0.15,16326,2026-08-05 01:12:00,16331,2026-08-05 02:12:00,16341,2026-08-05 04:12:00,16361,2026-08-05 08:12:00
16322,2026-08-05 00:24:00,test,16203,16322,120,24,0.15,16327,2026-08-05 01:24:00,16332,2026-08-05 02:24:00,16342,2026-08-05 04:24:00,16362,2026-08-05 08:24:00
16323,2026-08-05 00:36:00,test,16204,16323,120,24,0.15,16328,2026-08-05 01:36:00,16333,2026-08-05 02:36:00,16343,2026-08-05 04:36:00,16363,2026-08-05 08:36:00
16327,2026-08-05 01:24:00,test,16208,16327,120,24,0.15,16332,2026-08-05 02:24:00,16337,2026-08-05 03:24:00,16347,2026-08-05 05:24:00,16367,2026-08-05 09:24:00
16329,2026-08-05 01:48:00,test,16210,16329,120,24,0.15,16334,2026-08-05 02:48:00,16339,2026-08-05 03:48:00,16349,2026-08-05 05:48:00,16369,2026-08-05 09:48:00
16334,2026-08-05 02:48:00,test,16215,16334,120,24,0.15,16339,2026-08-05 03:48:00,16344,2026-08-05 04:48:00,16354,2026-08-05 06:48:00,16374,2026-08-05 10:48:00
16335,2026-08-05 03:00:00,test,16216,16335,120,24,0.15,16340,2026-08-05 04:00:00,16345,2026-08-05 05:00:00,16355,2026-08-05 07:00:00,16375,2026-08-05 11:00:00
16336,2026-08-05 03:12:00,test,16217,16336,120,24,0.15,16341,2026-08-05 04:12:00,16346,2026-08-05 05:12:00,16356,2026-08-05 07:12:00,16376,2026-08-05 11:12:00
16337,2026-08-05 03:24:00,test,16218,16337,120,24,0.15,16342,2026-08-05 04:24:00,16347,2026-08-05 05:24:00,16357,2026-08-05 07:24:00,16377,2026-08-05 11:24:00
16339,2026-08-05 03:48:00,test,16220,16339,120,24,0.15,16344,2026-08-05 04:48:00,16349,2026-08-05 05:48:00,16359,2026-08-05 07:48:00,16379,2026-08-05 11:48:00
16342,2026-08-05 04:24:00,test,16223,16342,120,24,0.15,16347,2026-08-05 05:24:00,16352,2026-08-05 06:24:00,16362,2026-08-05 08:24:00,16382,2026-08-05 12:24:00
16347,2026-08-05 05:24:00,test,16228,16347,120,24,0.15,16352,2026-08-05 06:24:00,16357,2026-08-05 07:24:00,16367,2026-08-05 09:24:00,16387,2026-08-05 13:24:00
16349,2026-08-05 05:48:00,test,16230,16349,120,24,0.15,16354,2026-08-05 06:48:00,16359,2026-08-05 07:48:00,16369,2026-08-05 09:48:00,16389,2026-08-05 13:48:00
16357,2026-08-05 07:24:00,test,16238,16357,120,24,0.15,16362,2026-08-05 08:24:00,16367,2026-08-05 09:24:00,16377,2026-08-05 11:24:00,16397,2026-08-05 15:24:00
16369,2026-08-05 09:48:00,test,16250,16369,120,24,0.15,16374,2026-08-05 10:48:00,16379,2026-08-05 11:48:00,16389,2026-08-05 13:48:00,16409,2026-08-05 17:48:00
16377,2026-08-05 11:24:00,test,16258,16377,120,24,0.15,16382,2026-08-05 12:24:00,16387,2026-08-05 13:24:00,16397,2026-08-05 15:24:00,16417,2026-08-05 19:24:00
16380,2026-08-05 12:00:00,test,16261,16380,120,24,0.15,16385,2026-08-05 13:00:00,16390,2026-08-05 14:00:00,16400,2026-08-05 16:00:00,16420,2026-08-05 20:00:00
16384,2026-08-05 12:48:00,test,16265,16384,120,24,0.15,16389,2026-08-05 13:48:00,16394,2026-08-05 14:48:00,16404,2026-08-05 16:48:00,16424,2026-08-05 20:48:00
16395,2026-08-05 15:00:00,test,16276,16395,120,24,0.15,16400,2026-08-05 16:00:00,16405,2026-08-05 17:00:00,16415,2026-08-05 19:00:00,16435,2026-08-05 23:00:00
16402,2026-08-05 16:24:00,test,16283,16402,120,24,0.15,16407,2026-08-05 17:24:00,16412,2026-08-05 18:24:00,16422,2026-08-05 20:24:00,16442,2026-08-06 00:24:00
16407,2026-08-05 17:24:00,test,16288,16407,120,24,0.15,16412,2026-08-05 18:24:00,16417,2026-08-05 19:24:00,16427,2026-08-05 21:24:00,16447,2026-08-06 01:24:00
16408,2026-08-05 17:36:00,test,16289,16408,120,24,0.15,16413,2026-08-05 18:36:00,16418,2026-08-05 19:36:00,16428,2026-08-05 21:36:00,16448,2026-08-06 01:36:00
16410,2026-08-05 18:00:00,test,16291,16410,120,24,0.15,16415,2026-08-05 19:00:00,16420,2026-08-05 20:00:00,16430,2026-08-05 22:00:00,16450,2026-08-06 02:00:00
16412,2026-08-05 18:24:00,test,16293,16412,120,24,0.15,16417,2026-08-05 19:24:00,16422,2026-08-05 20:24:00,16432,2026-08-05 22:24:00,16452,2026-08-06 02:24:00
16417,2026-08-05 19:24:00,test,16298,16417,120,24,0.15,16422,2026-08-05 20:24:00,16427,2026-08-05 21:24:00,16437,2026-08-05 23:24:00,16457,2026-08-06 03:24:00
16419,2026-08-05 19:48:00,test,16300,16419,120,24,0.15,16424,2026-08-05 20:48:00,16429,2026-08-05 21:48:00,16439,2026-08-05 23:48:00,16459,2026-08-06 03:48:00
16421,2026-08-05 20:12:00,test,16302,16421,120,24,0.15,16426,2026-08-05 21:12:00,16431,2026-08-05 22:12:00,16441,2026-08-06 00:12:00,16461,2026-08-06 04:12:00
16422,2026-08-05 20:24:00,test,16303,16422,120,24,0.15,16427,2026-08-05 21:24:00,16432,2026-08-05 22:24:00,16442,2026-08-06 00:24:00,16462,2026-08-06 04:24:00
16423,2026-08-05 20:36:00,test,16304,16423,120,24,0.15,16428,2026-08-05 21:36:00,16433,2026-08-05 22:36:00,16443,2026-08-06 00:36:00,16463,2026-08-06 04:36:00
16427,2026-08-05 21:24:00,test,16308,16427,120,24,0.15,16432,2026-08-05 22:24:00,16437,2026-08-05 23:24:00,16447,2026-08-06 01:24:00,16467,2026-08-06 05:24:00
16429,2026-08-05 21:48:00,test,16310,16429,120,24,0.15,16434,2026-08-05 22:48:00,16439,2026-08-05 23:48:00,16449,2026-08-06 01:48:00,16469,2026-08-06 05:48:00
16432,2026-08-05 22:24:00,test,16313,16432,120,24,0.15,16437,2026-08-05 23:24:00,16442,2026-08-06 00:24:00,16452,2026-08-06 02:24:00,16472,2026-08-06 06:24:00
16437,2026-08-05 23:24:00,test,16318,16437,120,24,0.15,16442,2026-08-06 00:24:00,16447,2026-08-06 01:24:00,16457,2026-08-06 03:24:00,16477,2026-08-06 07:24:00
16439,2026-08-05 23:48:00,test,16320,16439,120,24,0.15,16444,2026-08-06 00:48:00,16449,2026-08-06 01:48:00,16459,2026-08-06 03:48:00,16479,2026-08-06 07:48:00
16442,2026-08-06 00:24:00,test,16323,16442,120,24,0.15,16447,2026-08-06 01:24:00,16452,2026-08-06 02:24:00,16462,2026-08-06 04:24:00,16482,2026-08-06 08:24:00
16448,2026-08-06 01:36:00,test,16329,16448,120,24,0.15,16453,2026-08-06 02:36:00,16458,2026-08-06 03:36:00,16468,2026-08-06 05:36:00,16488,2026-08-06 09:36:00
16449,2026-08-06 01:48:00,test,16330,16449,120,24,0.15,16454,2026-08-06 02:48:00,16459,2026-08-06 03:48:00,16469,2026-08-06 05:48:00,16489,2026-08-06 09:48:00
16451,2026-08-06 02:12:00,test,16332,16451,120,24,0.15,16456,2026-08-06 03:12:00,16461,2026-08-06 04:12:00,16471,2026-08-06 06:12:00,16491,2026-08-06 10:12:00
16453,2026-08-06 02:36:00,test,16334,16453,120,24,0.15,16458,2026-08-06 03:36:00,16463,2026-08-06 04:36:00,16473,2026-08-06 06:36:00,16493,2026-08-06 10:36:00
16457,2026-08-06 03:24:00,test,16338,16457,120,24,0.15,16462,2026-08-06 04:24:00,16467,2026-08-06 05:24:00,16477,2026-08-06 07:24:00,16497,2026-08-06 11:24:00
16475,2026-08-06 07:00:00,test,16356,16475,120,24,0.15,16480,2026-08-06 08:00:00,16485,2026-08-06 09:00:00,16495,2026-08-06 11:00:00,16515,2026-08-06 15:00:00
16479,2026-08-06 07:48:00,test,16360,16479,120,24,0.15,16484,2026-08-06 08:48:00,16489,2026-08-06 09:48:00,16499,2026-08-06 11:48:00,16519,2026-08-06 15:48:00
16484,2026-08-06 08:48:00,test,16365,16484,120,24,0.15,16489,2026-08-06 09:48:00,16494,2026-08-06 10:48:00,16504,2026-08-06 12:48:00,16524,2026-08-06 16:48:00
16489,2026-08-06 09:48:00,test,16370,16489,120,24,0.15,16494,2026-08-06 10:48:00,16499,2026-08-06 11:48:00,16509,2026-08-06 13:48:00,16529,2026-08-06 17:48:00
16490,2026-08-06 10:00:00,test,16371,16490,120,24,0.15,16495,2026-08-06 11:00:00,16500,2026-08-06 12:00:00,16510,2026-08-06 14:00:00,16530,2026-08-06 18:00:00
16496,2026-08-06 11:12:00,test,16377,16496,120,24,0.15,16501,2026-08-06 12:12:00,16506,2026-08-06 13:12:00,16516,2026-08-06 15:12:00,16536,2026-08-06 19:12:00
16499,2026-08-06 11:48:00,test,16380,16499,120,24,0.15,16504,2026-08-06 12:48:00,16509,2026-08-06 13:48:00,16519,2026-08-06 15:48:00,16539,2026-08-06 19:48:00
16501,2026-08-06 12:12:00,test,16382,16501,120,24,0.15,16506,2026-08-06 13:12:00,16511,2026-08-06 14:12:00,16521,2026-08-06 16:12:00,16541,2026-08-06 20:12:00
16503,2026-08-06 12:36:00,test,16384,16503,120,24,0.15,16508,2026-08-06 13:36:00,16513,2026-08-06 14:36:00,16523,2026-08-06 16:36:00,16543,2026-08-06 20:36:00
16505,2026-08-06 13:00:00,test,16386,16505,120,24,0.15,16510,2026-08-06 14:00:00,16515,2026-08-06 15:00:00,16525,2026-08-06 17:00:00,16545,2026-08-06 21:00:00
16506,2026-08-06 13:12:00,test,16387,16506,120,24,0.15,16511,2026-08-06 14:12:00,16516,2026-08-06 15:12:00,16526,2026-08-06 17:12:00,16546,2026-08-06 21:12:00
16510,2026-08-06 14:00:00,test,16391,16510,120,24,0.15,16515,2026-08-06 15:00:00,16520,2026-08-06 16:00:00,16530,2026-08-06 18:00:00,16550,2026-08-06 22:00:00
16511,2026-08-06 14:12:00,test,16392,16511,120,24,0.15,16516,2026-08-06 15:12:00,16521,2026-08-06 16:12:00,16531,2026-08-06 18:12:00,16551,2026-08-06 22:12:00
16514,2026-08-06 14:48:00,test,16395,16514,120,24,0.15,16519,2026-08-06 15:48:00,16524,2026-08-06 16:48:00,16534,2026-08-06 18:48:00,16554,2026-08-06 22:48:00
16516,2026-08-06 15:12:00,test,16397,16516,120,24,0.15,16521,2026-08-06 16:12:00,16526,2026-08-06 17:12:00,16536,2026-08-06 19:12:00,16556,2026-08-06 23:12:00
16519,2026-08-06 15:48:00,test,16400,16519,120,24,0.15,16524,2026-08-06 16:48:00,16529,2026-08-06 17:48:00,16539,2026-08-06 19:48:00,16559,2026-08-06 23:48:00
16520,2026-08-06 16:00:00,test,16401,16520,120,24,0.15,16525,2026-08-06 17:00:00,16530,2026-08-06 18:00:00,16540,2026-08-06 20:00:00,16560,2026-08-07 00:00:00
16521,2026-08-06 16:12:00,test,16402,16521,120,24,0.15,16526,2026-08-06 17:12:00,16531,2026-08-06 18:12:00,16541,2026-08-06 20:12:00,16561,2026-08-07 00:12:00
16524,2026-08-06 16:48:00,test,16405,16524,120,24,0.15,16529,2026-08-06 17:48:00,16534,2026-08-06 18:48:00,16544,2026-08-06 20:48:00,16564,2026-08-07 00:48:00
16525,2026-08-06 17:00:00,test,16406,16525,120,24,0.15,16530,2026-08-06 18:00:00,16535,2026-08-06 19:00:00,16545,2026-08-06 21:00:00,16565,2026-08-07 01:00:00
16526,2026-08-06 17:12:00,test,16407,16526,120,24,0.15,16531,2026-08-06 18:12:00,16536,2026-08-06 19:12:00,16546,2026-08-06 21:12:00,16566,2026-08-07 01:12:00
16529,2026-08-06 17:48:00,test,16410,16529,120,24,0.15,16534,2026-08-06 18:48:00,16539,2026-08-06 19:48:00,16549,2026-08-06 21:48:00,16569,2026-08-07 01:48:00
16530,2026-08-06 18:00:00,test,16411,16530,120,24,0.15,16535,2026-08-06 19:00:00,16540,2026-08-06 20:00:00,16550,2026-08-06 22:00:00,16570,2026-08-07 02:00:00
16531,2026-08-06 18:12:00,test,16412,16531,120,24,0.15,16536,2026-08-06 19:12:00,16541,2026-08-06 20:12:00,16551,2026-08-06 22:12:00,16571,2026-08-07 02:12:00
16533,2026-08-06 18:36:00,test,16414,16533,120,24,0.15,16538,2026-08-06 19:36:00,16543,2026-08-06 20:36:00,16553,2026-08-06 22:36:00,16573,2026-08-07 02:36:00
16536,2026-08-06 19:12:00,test,16417,16536,120,24,0.15,16541,2026-08-06 20:12:00,16546,2026-08-06 21:12:00,16556,2026-08-06 23:12:00,16576,2026-08-07 03:12:00
16537,2026-08-06 19:24:00,test,16418,16537,120,24,0.15,16542,2026-08-06 20:24:00,16547,2026-08-06 21:24:00,16557,2026-08-06 23:24:00,16577,2026-08-07 03:24:00
16539,2026-08-06 19:48:00,test,16420,16539,120,24,0.15,16544,2026-08-06 20:48:00,16549,2026-08-06 21:48:00,16559,2026-08-06 23:48:00,16579,2026-08-07 03:48:00
16540,2026-08-06 20:00:00,test,16421,16540,120,24,0.15,16545,2026-08-06 21:00:00,16550,2026-08-06 22:00:00,16560,2026-08-07 00:00:00,16580,2026-08-07 04:00:00
16541,2026-08-06 20:12:00,test,16422,16541,120,24,0.15,16546,2026-08-06 21:12:00,16551,2026-08-06 22:12:00,16561,2026-08-07 00:12:00,16581,2026-08-07 04:12:00
16542,2026-08-06 20:24:00,test,16423,16542,120,24,0.15,16547,2026-08-06 21:24:00,16552,2026-08-06 22:24:00,16562,2026-08-07 00:24:00,16582,2026-08-07 04:24:00
16548,2026-08-06 21:36:00,test,16429,16548,120,24,0.15,16553,2026-08-06 22:36:00,16558,2026-08-06 23:36:00,16568,2026-08-07 01:36:00,16588,2026-08-07 05:36:00
16549,2026-08-06 21:48:00,test,16430,16549,120,24,0.15,16554,2026-08-06 22:48:00,16559,2026-08-06 23:48:00,16569,2026-08-07 01:48:00,16589,2026-08-07 05:48:00
16551,2026-08-06 22:12:00,test,16432,16551,120,24,0.15,16556,2026-08-06 23:12:00,16561,2026-08-07 00:12:00,16571,2026-08-07 02:12:00,16591,2026-08-07 06:12:00
16552,2026-08-06 22:24:00,test,16433,16552,120,24,0.15,16557,2026-08-06 23:24:00,16562,2026-08-07 00:24:00,16572,2026-08-07 02:24:00,16592,2026-08-07 06:24:00
16553,2026-08-06 22:36:00,test,16434,16553,120,24,0.15,16558,2026-08-06 23:36:00,16563,2026-08-07 00:36:00,16573,2026-08-07 02:36:00,16593,2026-08-07 06:36:00
16555,2026-08-06 23:00:00,test,16436,16555,120,24,0.15,16560,2026-08-07 00:00:00,16565,2026-08-07 01:00:00,16575,2026-08-07 03:00:00,16595,2026-08-07 07:00:00
16556,2026-08-06 23:12:00,test,16437,16556,120,24,0.15,16561,2026-08-07 00:12:00,16566,2026-08-07 01:12:00,16576,2026-08-07 03:12:00,16596,2026-08-07 07:12:00
16559,2026-08-06 23:48:00,test,16440,16559,120,24,0.15,16564,2026-08-07 00:48:00,16569,2026-08-07 01:48:00,16579,2026-08-07 03:48:00,16599,2026-08-07 07:48:00
16563,2026-08-07 00:36:00,test,16444,16563,120,24,0.15,16568,2026-08-07 01:36:00,16573,2026-08-07 02:36:00,16583,2026-08-07 04:36:00,16603,2026-08-07 08:36:00
16565,2026-08-07 01:00:00,test,16446,16565,120,24,0.15,16570,2026-08-07 02:00:00,16575,2026-08-07 03:00:00,16585,2026-08-07 05:00:00,16605,2026-08-07 09:00:00
16567,2026-08-07 01:24:00,test,16448,16567,120,24,0.15,16572,2026-08-07 02:24:00,16577,2026-08-07 03:24:00,16587,2026-08-07 05:24:00,16607,2026-08-07 09:24:00
16571,2026-08-07 02:12:00,test,16452,16571,120,24,0.15,16576,2026-08-07 03:12:00,16581,2026-08-07 04:12:00,16591,2026-08-07 06:12:00,16611,2026-08-07 10:12:00
16572,2026-08-07 02:24:00,test,16453,16572,120,24,0.15,16577,2026-08-07 03:24:00,16582,2026-08-07 04:24:00,16592,2026-08-07 06:24:00,16612,2026-08-07 10:24:00
16575,2026-08-07 03:00:00,test,16456,16575,120,24,0.15,16580,2026-08-07 04:00:00,16585,2026-08-07 05:00:00,16595,2026-08-07 07:00:00,16615,2026-08-07 11:00:00
16577,2026-08-07 03:24:00,test,16458,16577,120,24,0.15,16582,2026-08-07 04:24:00,16587,2026-08-07 05:24:00,16597,2026-08-07 07:24:00,16617,2026-08-07 11:24:00
16578,2026-08-07 03:36:00,test,16459,16578,120,24,0.15,16583,2026-08-07 04:36:00,16588,2026-08-07 05:36:00,16598,2026-08-07 07:36:00,16618,2026-08-07 11:36:00
16582,2026-08-07 04:24:00,test,16463,16582,120,24,0.15,16587,2026-08-07 05:24:00,16592,2026-08-07 06:24:00,16602,2026-08-07 08:24:00,16622,2026-08-07 12:24:00
16583,2026-08-07 04:36:00,test,16464,16583,120,24,0.15,16588,2026-08-07 05:36:00,16593,2026-08-07 06:36:00,16603,2026-08-07 08:36:00,16623,2026-08-07 12:36:00
16586,2026-08-07 05:12:00,test,16467,16586,120,24,0.15,16591,2026-08-07 06:12:00,16596,2026-08-07 07:12:00,16606,2026-08-07 09:12:00,16626,2026-08-07 13:12:00
16587,2026-08-07 05:24:00,test,16468,16587,120,24,0.15,16592,2026-08-07 06:24:00,16597,2026-08-07 07:24:00,16607,2026-08-07 09:24:00,16627,2026-08-07 13:24:00
16589,2026-08-07 05:48:00,test,16470,16589,120,24,0.15,16594,2026-08-07 06:48:00,16599,2026-08-07 07:48:00,16609,2026-08-07 09:48:00,16629,2026-08-07 13:48:00
16597,2026-08-07 07:24:00,test,16478,16597,120,24,0.15,16602,2026-08-07 08:24:00,16607,2026-08-07 09:24:00,16617,2026-08-07 11:24:00,16637,2026-08-07 15:24:00
16598,2026-08-07 07:36:00,test,16479,16598,120,24,0.15,16603,2026-08-07 08:36:00,16608,2026-08-07 09:36:00,16618,2026-08-07 11:36:00,16638,2026-08-07 15:36:00
16602,2026-08-07 08:24:00,test,16483,16602,120,24,0.15,16607,2026-08-07 09:24:00,16612,2026-08-07 10:24:00,16622,2026-08-07 12:24:00,16642,2026-08-07 16:24:00
16606,2026-08-07 09:12:00,test,16487,16606,120,24,0.15,16611,2026-08-07 10:12:00,16616,2026-08-07 11:12:00,16626,2026-08-07 13:12:00,16646,2026-08-07 17:12:00
16613,2026-08-07 10:36:00,test,16494,16613,120,24,0.15,16618,2026-08-07 11:36:00,16623,2026-08-07 12:36:00,16633,2026-08-07 14:36:00,16653,2026-08-07 18:36:00
16616,2026-08-07 11:12:00,test,16497,16616,120,24,0.15,16621,2026-08-07 12:12:00,16626,2026-08-07 13:12:00,16636,2026-08-07 15:12:00,16656,2026-08-07 19:12:00
16626,2026-08-07 13:12:00,test,16507,16626,120,24,0.15,16631,2026-08-07 14:12:00,16636,2026-08-07 15:12:00,16646,2026-08-07 17:12:00,16666,2026-08-07 21:12:00
16628,2026-08-07 13:36:00,test,16509,16628,120,24,0.15,16633,2026-08-07 14:36:00,16638,2026-08-07 15:36:00,16648,2026-08-07 17:36:00,16668,2026-08-07 21:36:00
16632,2026-08-07 14:24:00,test,16513,16632,120,24,0.15,16637,2026-08-07 15:24:00,16642,2026-08-07 16:24:00,16652,2026-08-07 18:24:00,16672,2026-08-07 22:24:00
16654,2026-08-07 18:48:00,test,16535,16654,120,24,0.15,16659,2026-08-07 19:48:00,16664,2026-08-07 20:48:00,16674,2026-08-07 22:48:00,16694,2026-08-08 02:48:00
16662,2026-08-07 20:24:00,test,16543,16662,120,24,0.15,16667,2026-08-07 21:24:00,16672,2026-08-07 22:24:00,16682,2026-08-08 00:24:00,16702,2026-08-08 04:24:00
16663,2026-08-07 20:36:00,test,16544,16663,120,24,0.15,16668,2026-08-07 21:36:00,16673,2026-08-07 22:36:00,16683,2026-08-08 00:36:00,16703,2026-08-08 04:36:00
16668,2026-08-07 21:36:00,test,16549,16668,120,24,0.15,16673,2026-08-07 22:36:00,16678,2026-08-07 23:36:00,16688,2026-08-08 01:36:00,16708,2026-08-08 05:36:00
16678,2026-08-07 23:36:00,test,16559,16678,120,24,0.15,16683,2026-08-08 00:36:00,16688,2026-08-08 01:36:00,16698,2026-08-08 03:36:00,16718,2026-08-08 07:36:00
16687,2026-08-08 01:24:00,test,16568,16687,120,24,0.15,16692,2026-08-08 02:24:00,16697,2026-08-08 03:24:00,16707,2026-08-08 05:24:00,16727,2026-08-08 09:24:00
16693,2026-08-08 02:36:00,test,16574,16693,120,24,0.15,16698,2026-08-08 03:36:00,16703,2026-08-08 04:36:00,16713,2026-08-08 06:36:00,16733,2026-08-08 10:36:00
16694,2026-08-08 02:48:00,test,16575,16694,120,24,0.15,16699,2026-08-08 03:48:00,16704,2026-08-08 04:48:00,16714,2026-08-08 06:48:00,16734,2026-08-08 10:48:00
16697,2026-08-08 03:24:00,test,16578,16697,120,24,0.15,16702,2026-08-08 04:24:00,16707,2026-08-08 05:24:00,16717,2026-08-08 07:24:00,16737,2026-08-08 11:24:00
16702,2026-08-08 04:24:00,test,16583,16702,120,24,0.15,16707,2026-08-08 05:24:00,16712,2026-08-08 06:24:00,16722,2026-08-08 08:24:00,16742,2026-08-08 12:24:00
16704,2026-08-08 04:48:00,test,16585,16704,120,24,0.15,16709,2026-08-08 05:48:00,16714,2026-08-08 06:48:00,16724,2026-08-08 08:48:00,16744,2026-08-08 12:48:00
16707,2026-08-08 05:24:00,test,16588,16707,120,24,0.15,16712,2026-08-08 06:24:00,16717,2026-08-08 07:24:00,16727,2026-08-08 09:24:00,16747,2026-08-08 13:24:00
16713,2026-08-08 06:36:00,test,16594,16713,120,24,0.15,16718,2026-08-08 07:36:00,16723,2026-08-08 08:36:00,16733,2026-08-08 10:36:00,16753,2026-08-08 14:36:00
16717,2026-08-08 07:24:00,test,16598,16717,120,24,0.15,16722,2026-08-08 08:24:00,16727,2026-08-08 09:24:00,16737,2026-08-08 11:24:00,16757,2026-08-08 15:24:00
16720,2026-08-08 08:00:00,test,16601,16720,120,24,0.15,16725,2026-08-08 09:00:00,16730,2026-08-08 10:00:00,16740,2026-08-08 12:00:00,16760,2026-08-08 16:00:00
16721,2026-08-08 08:12:00,test,16602,16721,120,24,0.15,16726,2026-08-08 09:12:00,16731,2026-08-08 10:12:00,16741,2026-08-08 12:12:00,16761,2026-08-08 16:12:00
16731,2026-08-08 10:12:00,test,16612,16731,120,24,0.15,16736,2026-08-08 11:12:00,16741,2026-08-08 12:12:00,16751,2026-08-08 14:12:00,16771,2026-08-08 18:12:00
16732,2026-08-08 10:24:00,test,16613,16732,120,24,0.15,16737,2026-08-08 11:24:00,16742,2026-08-08 12:24:00,16752,2026-08-08 14:24:00,16772,2026-08-08 18:24:00
16735,2026-08-08 11:00:00,test,16616,16735,120,24,0.15,16740,2026-08-08 12:00:00,16745,2026-08-08 13:00:00,16755,2026-08-08 15:00:00,16775,2026-08-08 19:00:00
16737,2026-08-08 11:24:00,test,16618,16737,120,24,0.15,16742,2026-08-08 12:24:00,16747,2026-08-08 13:24:00,16757,2026-08-08 15:24:00,16777,2026-08-08 19:24:00
16747,2026-08-08 13:24:00,test,16628,16747,120,24,0.15,16752,2026-08-08 14:24:00,16757,2026-08-08 15:24:00,16767,2026-08-08 17:24:00,16787,2026-08-08 21:24:00
16767,2026-08-08 17:24:00,test,16648,16767,120,24,0.15,16772,2026-08-08 18:24:00,16777,2026-08-08 19:24:00,16787,2026-08-08 21:24:00,16807,2026-08-09 01:24:00
16772,2026-08-08 18:24:00,test,16653,16772,120,24,0.15,16777,2026-08-08 19:24:00,16782,2026-08-08 20:24:00,16792,2026-08-08 22:24:00,16812,2026-08-09 02:24:00
16777,2026-08-08 19:24:00,test,16658,16777,120,24,0.15,16782,2026-08-08 20:24:00,16787,2026-08-08 21:24:00,16797,2026-08-08 23:24:00,16817,2026-08-09 03:24:00
16787,2026-08-08 21:24:00,test,16668,16787,120,24,0.15,16792,2026-08-08 22:24:00,16797,2026-08-08 23:24:00,16807,2026-08-09 01:24:00,16827,2026-08-09 05:24:00
16802,2026-08-09 00:24:00,test,16683,16802,120,24,0.15,16807,2026-08-09 01:24:00,16812,2026-08-09 02:24:00,16822,2026-08-09 04:24:00,16842,2026-08-09 08:24:00
16807,2026-08-09 01:24:00,test,16688,16807,120,24,0.15,16812,2026-08-09 02:24:00,16817,2026-08-09 03:24:00,16827,2026-08-09 05:24:00,16847,2026-08-09 09:24:00
16812,2026-08-09 02:24:00,test,16693,16812,120,24,0.15,16817,2026-08-09 03:24:00,16822,2026-08-09 04:24:00,16832,2026-08-09 06:24:00,16852,2026-08-09 10:24:00
16814,2026-08-09 02:48:00,test,16695,16814,120,24,0.15,16819,2026-08-09 03:48:00,16824,2026-08-09 04:48:00,16834,2026-08-09 06:48:00,16854,2026-08-09 10:48:00
16894,2026-08-09 18:48:00,test,16775,16894,120,24,0.15,16899,2026-08-09 19:48:00,16904,2026-08-09 20:48:00,16914,2026-08-09 22:48:00,16934,2026-08-10 02:48:00
16895,2026-08-09 19:00:00,test,16776,16895,120,24,0.15,16900,2026-08-09 20:00:00,16905,2026-08-09 21:00:00,16915,2026-08-09 23:00:00,16935,2026-08-10 03:00:00
16915,2026-08-09 23:00:00,test,16796,16915,120,24,0.15,16920,2026-08-10 00:00:00,16925,2026-08-10 01:00:00,16935,2026-08-10 03:00:00,16955,2026-08-10 07:00:00
16924,2026-08-10 00:48:00,test,16805,16924,120,24,0.15,16929,2026-08-10 01:48:00,16934,2026-08-10 02:48:00,16944,2026-08-10 04:48:00,16964,2026-08-10 08:48:00
16925,2026-08-10 01:00:00,test,16806,16925,120,24,0.15,16930,2026-08-10 02:00:00,16935,2026-08-10 03:00:00,16945,2026-08-10 05:00:00,16965,2026-08-10 09:00:00
16927,2026-08-10 01:24:00,test,16808,16927,120,24,0.15,16932,2026-08-10 02:24:00,16937,2026-08-10 03:24:00,16947,2026-08-10 05:24:00,16967,2026-08-10 09:24:00
16929,2026-08-10 01:48:00,test,16810,16929,120,24,0.15,16934,2026-08-10 02:48:00,16939,2026-08-10 03:48:00,16949,2026-08-10 05:48:00,16969,2026-08-10 09:48:00
16930,2026-08-10 02:00:00,test,16811,16930,120,24,0.15,16935,2026-08-10 03:00:00,16940,2026-08-10 04:00:00,16950,2026-08-10 06:00:00,16970,2026-08-10 10:00:00
16933,2026-08-10 02:36:00,test,16814,16933,120,24,0.15,16938,2026-08-10 03:36:00,16943,2026-08-10 04:36:00,16953,2026-08-10 06:36:00,16973,2026-08-10 10:36:00
16935,2026-08-10 03:00:00,test,16816,16935,120,24,0.15,16940,2026-08-10 04:00:00,16945,2026-08-10 05:00:00,16955,2026-08-10 07:00:00,16975,2026-08-10 11:00:00
16938,2026-08-10 03:36:00,test,16819,16938,120,24,0.15,16943,2026-08-10 04:36:00,16948,2026-08-10 05:36:00,16958,2026-08-10 07:36:00,16978,2026-08-10 11:36:00
16945,2026-08-10 05:00:00,test,16826,16945,120,24,0.15,16950,2026-08-10 06:00:00,16955,2026-08-10 07:00:00,16965,2026-08-10 09:00:00,16985,2026-08-10 13:00:00
16955,2026-08-10 07:00:00,test,16836,16955,120,24,0.15,16960,2026-08-10 08:00:00,16965,2026-08-10 09:00:00,16975,2026-08-10 11:00:00,16995,2026-08-10 15:00:00
16988,2026-08-10 13:36:00,test,16869,16988,120,24,0.15,16993,2026-08-10 14:36:00,16998,2026-08-10 15:36:00,17008,2026-08-10 17:36:00,17028,2026-08-10 21:36:00
17004,2026-08-10 16:48:00,test,16885,17004,120,24,0.15,17009,2026-08-10 17:48:00,17014,2026-08-10 18:48:00,17024,2026-08-10 20:48:00,17044,2026-08-11 00:48:00
17013,2026-08-10 18:36:00,test,16894,17013,120,24,0.15,17018,2026-08-10 19:36:00,17023,2026-08-10 20:36:00,17033,2026-08-10 22:36:00,17053,2026-08-11 02:36:00
17015,2026-08-10 19:00:00,test,16896,17015,120,24,0.15,17020,2026-08-10 20:00:00,17025,2026-08-10 21:00:00,17035,2026-08-10 23:00:00,17055,2026-08-11 03:00:00
17018,2026-08-10 19:36:00,test,16899,17018,120,24,0.15,17023,2026-08-10 20:36:00,17028,2026-08-10 21:36:00,17038,2026-08-10 23:36:00,17058,2026-08-11 03:36:00
17022,2026-08-10 20:24:00,test,16903,17022,120,24,0.15,17027,2026-08-10 21:24:00,17032,2026-08-10 22:24:00,17042,2026-08-11 00:24:00,17062,2026-08-11 04:24:00
17150,2026-08-11 22:00:00,test,17031,17150,120,24,0.15,17155,2026-08-11 23:00:00,17160,2026-08-12 00:00:00,17170,2026-08-12 02:00:00,17190,2026-08-12 06:00:00
17151,2026-08-11 22:12:00,test,17032,17151,120,24,0.15,17156,2026-08-11 23:12:00,17161,2026-08-12 00:12:00,17171,2026-08-12 02:12:00,17191,2026-08-12 06:12:00
17152,2026-08-11 22:24:00,test,17033,17152,120,24,0.15,17157,2026-08-11 23:24:00,17162,2026-08-12 00:24:00,17172,2026-08-12 02:24:00,17192,2026-08-12 06:24:00
17156,2026-08-11 23:12:00,test,17037,17156,120,24,0.15,17161,2026-08-12 00:12:00,17166,2026-08-12 01:12:00,17176,2026-08-12 03:12:00,17196,2026-08-12 07:12:00
17159,2026-08-11 23:48:00,test,17040,17159,120,24,0.15,17164,2026-08-12 00:48:00,17169,2026-08-12 01:48:00,17179,2026-08-12 03:48:00,17199,2026-08-12 07:48:00
17161,2026-08-12 00:12:00,test,17042,17161,120,24,0.15,17166,2026-08-12 01:12:00,17171,2026-08-12 02:12:00,17181,2026-08-12 04:12:00,17201,2026-08-12 08:12:00
17162,2026-08-12 00:24:00,test,17043,17162,120,24,0.15,17167,2026-08-12 01:24:00,17172,2026-08-12 02:24:00,17182,2026-08-12 04:24:00,17202,2026-08-12 08:24:00
17163,2026-08-12 00:36:00,test,17044,17163,120,24,0.15,17168,2026-08-12 01:36:00,17173,2026-08-12 02:36:00,17183,2026-08-12 04:36:00,17203,2026-08-12 08:36:00
17171,2026-08-12 02:12:00,test,17052,17171,120,24,0.15,17176,2026-08-12 03:12:00,17181,2026-08-12 04:12:00,17191,2026-08-12 06:12:00,17211,2026-08-12 10:12:00
17174,2026-08-12 02:48:00,test,17055,17174,120,24,0.15,17179,2026-08-12 03:48:00,17184,2026-08-12 04:48:00,17194,2026-08-12 06:48:00,17214,2026-08-12 10:48:00
17176,2026-08-12 03:12:00,test,17057,17176,120,24,0.15,17181,2026-08-12 04:12:00,17186,2026-08-12 05:12:00,17196,2026-08-12 07:12:00,17216,2026-08-12 11:12:00
17181,2026-08-12 04:12:00,test,17062,17181,120,24,0.15,17186,2026-08-12 05:12:00,17191,2026-08-12 06:12:00,17201,2026-08-12 08:12:00,17221,2026-08-12 12:12:00
17182,2026-08-12 04:24:00,test,17063,17182,120,24,0.15,17187,2026-08-12 05:24:00,17192,2026-08-12 06:24:00,17202,2026-08-12 08:24:00,17222,2026-08-12 12:24:00
17188,2026-08-12 05:36:00,test,17069,17188,120,24,0.15,17193,2026-08-12 06:36:00,17198,2026-08-12 07:36:00,17208,2026-08-12 09:36:00,17228,2026-08-12 13:36:00
17191,2026-08-12 06:12:00,test,17072,17191,120,24,0.15,17196,2026-08-12 07:12:00,17201,2026-08-12 08:12:00,17211,2026-08-12 10:12:00,17231,2026-08-12 14:12:00
17193,2026-08-12 06:36:00,test,17074,17193,120,24,0.15,17198,2026-08-12 07:36:00,17203,2026-08-12 08:36:00,17213,2026-08-12 10:36:00,17233,2026-08-12 14:36:00
17207,2026-08-12 09:24:00,test,17088,17207,120,24,0.15,17212,2026-08-12 10:24:00,17217,2026-08-12 11:24:00,17227,2026-08-12 13:24:00,17247,2026-08-12 17:24:00
17225,2026-08-12 13:00:00,test,17106,17225,120,24,0.15,17230,2026-08-12 14:00:00,17235,2026-08-12 15:00:00,17245,2026-08-12 17:00:00,17265,2026-08-12 21:00:00
17228,2026-08-12 13:36:00,test,17109,17228,120,24,0.15,17233,2026-08-12 14:36:00,17238,2026-08-12 15:36:00,17248,2026-08-12 17:36:00,17268,2026-08-12 21:36:00
17234,2026-08-12 14:48:00,test,17115,17234,120,24,0.15,17239,2026-08-12 15:48:00,17244,2026-08-12 16:48:00,17254,2026-08-12 18:48:00,17274,2026-08-12 22:48:00
17240,2026-08-12 16:00:00,test,17121,17240,120,24,0.15,17245,2026-08-12 17:00:00,17250,2026-08-12 18:00:00,17260,2026-08-12 20:00:00,17280,2026-08-13 00:00:00
17249,2026-08-12 17:48:00,test,17130,17249,120,24,0.15,17254,2026-08-12 18:48:00,17259,2026-08-12 19:48:00,17269,2026-08-12 21:48:00,17289,2026-08-13 01:48:00
17255,2026-08-12 19:00:00,test,17136,17255,120,24,0.15,17260,2026-08-12 20:00:00,17265,2026-08-12 21:00:00,17275,2026-08-12 23:00:00,17295,2026-08-13 03:00:00
17260,2026-08-12 20:00:00,test,17141,17260,120,24,0.15,17265,2026-08-12 21:00:00,17270,2026-08-12 22:00:00,17280,2026-08-13 00:00:00,17300,2026-08-13 04:00:00
17264,2026-08-12 20:48:00,test,17145,17264,120,24,0.15,17269,2026-08-12 21:48:00,17274,2026-08-12 22:48:00,17284,2026-08-13 00:48:00,17304,2026-08-13 04:48:00
17265,2026-08-12 21:00:00,test,17146,17265,120,24,0.15,17270,2026-08-12 22:00:00,17275,2026-08-12 23:00:00,17285,2026-08-13 01:00:00,17305,2026-08-13 05:00:00
17274,2026-08-12 22:48:00,test,17155,17274,120,24,0.15,17279,2026-08-12 23:48:00,17284,2026-08-13 00:48:00,17294,2026-08-13 02:48:00,17314,2026-08-13 06:48:00
17275,2026-08-12 23:00:00,test,17156,17275,120,24,0.15,17280,2026-08-13 00:00:00,17285,2026-08-13 01:00:00,17295,2026-08-13 03:00:00,17315,2026-08-13 07:00:00
17279,2026-08-12 23:48:00,test,17160,17279,120,24,0.15,17284,2026-08-13 00:48:00,17289,2026-08-13 01:48:00,17299,2026-08-13 03:48:00,17319,2026-08-13 07:48:00
17283,2026-08-13 00:36:00,test,17164,17283,120,24,0.15,17288,2026-08-13 01:36:00,17293,2026-08-13 02:36:00,17303,2026-08-13 04:36:00,17323,2026-08-13 08:36:00
17288,2026-08-13 01:36:00,test,17169,17288,120,24,0.15,17293,2026-08-13 02:36:00,17298,2026-08-13 03:36:00,17308,2026-08-13 05:36:00,17328,2026-08-13 09:36:00
17294,2026-08-13 02:48:00,test,17175,17294,120,24,0.15,17299,2026-08-13 03:48:00,17304,2026-08-13 04:48:00,17314,2026-08-13 06:48:00,17334,2026-08-13 10:48:00
17295,2026-08-13 03:00:00,test,17176,17295,120,24,0.15,17300,2026-08-13 04:00:00,17305,2026-08-13 05:00:00,17315,2026-08-13 07:00:00,17335,2026-08-13 11:00:00
17296,2026-08-13 03:12:00,test,17177,17296,120,24,0.15,17301,2026-08-13 04:12:00,17306,2026-08-13 05:12:00,17316,2026-08-13 07:12:00,17336,2026-08-13 11:12:00
17298,2026-08-13 03:36:00,test,17179,17298,120,24,0.15,17303,2026-08-13 04:36:00,17308,2026-08-13 05:36:00,17318,2026-08-13 07:36:00,17338,2026-08-13 11:36:00
17301,2026-08-13 04:12:00,test,17182,17301,120,24,0.15,17306,2026-08-13 05:12:00,17311,2026-08-13 06:12:00,17321,2026-08-13 08:12:00,17341,2026-08-13 12:12:00
17303,2026-08-13 04:36:00,test,17184,17303,120,24,0.15,17308,2026-08-13 05:36:00,17313,2026-08-13 06:36:00,17323,2026-08-13 08:36:00,17343,2026-08-13 12:36:00
17308,2026-08-13 05:36:00,test,17189,17308,120,24,0.15,17313,2026-08-13 06:36:00,17318,2026-08-13 07:36:00,17328,2026-08-13 09:36:00,17348,2026-08-13 13:36:00
17331,2026-08-13 10:12:00,test,17212,17331,120,24,0.15,17336,2026-08-13 11:12:00,17341,2026-08-13 12:12:00,17351,2026-08-13 14:12:00,17371,2026-08-13 18:12:00
17336,2026-08-13 11:12:00,test,17217,17336,120,24,0.15,17341,2026-08-13 12:12:00,17346,2026-08-13 13:12:00,17356,2026-08-13 15:12:00,17376,2026-08-13 19:12:00
17341,2026-08-13 12:12:00,test,17222,17341,120,24,0.15,17346,2026-08-13 13:12:00,17351,2026-08-13 14:12:00,17361,2026-08-13 16:12:00,17381,2026-08-13 20:12:00
17344,2026-08-13 12:48:00,test,17225,17344,120,24,0.15,17349,2026-08-13 13:48:00,17354,2026-08-13 14:48:00,17364,2026-08-13 16:48:00,17384,2026-08-13 20:48:00
17346,2026-08-13 13:12:00,test,17227,17346,120,24,0.15,17351,2026-08-13 14:12:00,17356,2026-08-13 15:12:00,17366,2026-08-13 17:12:00,17386,2026-08-13 21:12:00
17356,2026-08-13 15:12:00,test,17237,17356,120,24,0.15,17361,2026-08-13 16:12:00,17366,2026-08-13 17:12:00,17376,2026-08-13 19:12:00,17396,2026-08-13 23:12:00
17360,2026-08-13 16:00:00,test,17241,17360,120,24,0.15,17365,2026-08-13 17:00:00,17370,2026-08-13 18:00:00,17380,2026-08-13 20:00:00,17400,2026-08-14 00:00:00
17361,2026-08-13 16:12:00,test,17242,17361,120,24,0.15,17366,2026-08-13 17:12:00,17371,2026-08-13 18:12:00,17381,2026-08-13 20:12:00,17401,2026-08-14 00:12:00
17366,2026-08-13 17:12:00,test,17247,17366,120,24,0.15,17371,2026-08-13 18:12:00,17376,2026-08-13 19:12:00,17386,2026-08-13 21:12:00,17406,2026-08-14 01:12:00
17376,2026-08-13 19:12:00,test,17257,17376,120,24,0.15,17381,2026-08-13 20:12:00,17386,2026-08-13 21:12:00,17396,2026-08-13 23:12:00,17416,2026-08-14 03:12:00
17379,2026-08-13 19:48:00,test,17260,17379,120,24,0.15,17384,2026-08-13 20:48:00,17389,2026-08-13 21:48:00,17399,2026-08-13 23:48:00,17419,2026-08-14 03:48:00
17393,2026-08-13 22:36:00,test,17274,17393,120,24,0.15,17398,2026-08-13 23:36:00,17403,2026-08-14 00:36:00,17413,2026-08-14 02:36:00,17433,2026-08-14 06:36:00
17395,2026-08-13 23:00:00,test,17276,17395,120,24,0.15,17400,2026-08-14 00:00:00,17405,2026-08-14 01:00:00,17415,2026-08-14 03:00:00,17435,2026-08-14 07:00:00
17401,2026-08-14 00:12:00,test,17282,17401,120,24,0.15,17406,2026-08-14 01:12:00,17411,2026-08-14 02:12:00,17421,2026-08-14 04:12:00,17441,2026-08-14 08:12:00
17402,2026-08-14 00:24:00,test,17283,17402,120,24,0.15,17407,2026-08-14 01:24:00,17412,2026-08-14 02:24:00,17422,2026-08-14 04:24:00,17442,2026-08-14 08:24:00
17405,2026-08-14 01:00:00,test,17286,17405,120,24,0.15,17410,2026-08-14 02:00:00,17415,2026-08-14 03:00:00,17425,2026-08-14 05:00:00,17445,2026-08-14 09:00:00
17406,2026-08-14 01:12:00,test,17287,17406,120,24,0.15,17411,2026-08-14 02:12:00,17416,2026-08-14 03:12:00,17426,2026-08-14 05:12:00,17446,2026-08-14 09:12:00
17414,2026-08-14 02:48:00,test,17295,17414,120,24,0.15,17419,2026-08-14 03:48:00,17424,2026-08-14 04:48:00,17434,2026-08-14 06:48:00,17454,2026-08-14 10:48:00
17415,2026-08-14 03:00:00,test,17296,17415,120,24,0.15,17420,2026-08-14 04:00:00,17425,2026-08-14 05:00:00,17435,2026-08-14 07:00:00,17455,2026-08-14 11:00:00
17418,2026-08-14 03:36:00,test,17299,17418,120,24,0.15,17423,2026-08-14 04:36:00,17428,2026-08-14 05:36:00,17438,2026-08-14 07:36:00,17458,2026-08-14 11:36:00
17423,2026-08-14 04:36:00,test,17304,17423,120,24,0.15,17428,2026-08-14 05:36:00,17433,2026-08-14 06:36:00,17443,2026-08-14 08:36:00,17463,2026-08-14 12:36:00
17425,2026-08-14 05:00:00,test,17306,17425,120,24,0.15,17430,2026-08-14 06:00:00,17435,2026-08-14 07:00:00,17445,2026-08-14 09:00:00,17465,2026-08-14 13:00:00
17432,2026-08-14 06:24:00,test,17313,17432,120,24,0.15,17437,2026-08-14 07:24:00,17442,2026-08-14 08:24:00,17452,2026-08-14 10:24:00,17472,2026-08-14 14:24:00
17437,2026-08-14 07:24:00,test,17318,17437,120,24,0.15,17442,2026-08-14 08:24:00,17447,2026-08-14 09:24:00,17457,2026-08-14 11:24:00,17477,2026-08-14 15:24:00
17441,2026-08-14 08:12:00,test,17322,17441,120,24,0.15,17446,2026-08-14 09:12:00,17451,2026-08-14 10:12:00,17461,2026-08-14 12:12:00,17481,2026-08-14 16:12:00
17478,2026-08-14 15:36:00,test,17359,17478,120,24,0.15,17483,2026-08-14 16:36:00,17488,2026-08-14 17:36:00,17498,2026-08-14 19:36:00,17518,2026-08-14 23:36:00
17488,2026-08-14 17:36:00,test,17369,17488,120,24,0.15,17493,2026-08-14 18:36:00,17498,2026-08-14 19:36:00,17508,2026-08-14 21:36:00,17528,2026-08-15 01:36:00
