resolution,target,family,candidate_id,parameters,fit_partition,fit_rows,fit_median,fit_seconds,inference_seconds,aic,bic,status
4min,temperature,ARIMA,1,"{""order"": [1, 0, 0], ""trend"": ""c""}",train,37800,22.75,1.0442774000111967,6.561328599927947,-19221.62483674869,-19196.00464360387,ok
4min,temperature,ARIMA,2,"{""order"": [2, 0, 0], ""trend"": ""c""}",train,37800,22.75,1.6400678999489173,7.238911199965514,-33729.75414281685,-33695.593885290415,ok
4min,temperature,ARIMA,3,"{""order"": [1, 0, 1], ""trend"": ""c""}",train,37800,22.75,4.06782190001104,7.434332600096241,-28728.932924080287,-28694.772666553858,ok
4min,temperature,ARIMA,4,"{""order"": [1, 1, 1], ""trend"": ""t""}",train,37800,22.75,6.244590800022706,8.227778899949044,-35829.071407811905,-35794.91125610698,ok
4min,temperature,SARIMA_DAILY_DIFFERENCE,1,"{""order"": [1, 0, 0], ""seasonal_difference"": 1, ""trend"": ""c""}",train,37800,22.75,0.8330821999115869,6.379280099994503,-10392.666595791923,-10367.07511100015,ok
4min,temperature,SARIMA_DAILY_DIFFERENCE,2,"{""order"": [2, 0, 0], ""seasonal_difference"": 1, ""trend"": ""c""}",train,37800,22.75,1.4591877999482676,7.426838500075974,-14630.813190036706,-14596.69121031434,ok
4min,temperature,SARIMA_DAILY_DIFFERENCE,3,"{""order"": [1, 0, 1], ""seasonal_difference"": 1, ""trend"": ""c""}",train,37800,22.75,2.5651358000468463,7.9293168999720365,-14009.508131805782,-13975.386152083416,ok
4min,temperature,STATE_SPACE,1,"{""autoregressive"": 1, ""harmonics"": 3, ""level"": ""local level"", ""stochastic_level"": true}",train,37800,22.75,7.079497499973513,6.814067799947225,-32184.855748630216,-32142.156352733848,ok
4min,temperature,STATE_SPACE,2,"{""autoregressive"": 1, ""harmonics"": 3, ""level"": ""local linear trend"", ""stochastic_level"": true, ""stochastic_trend"": true}",train,37800,22.75,37.64576749992557,7.281297900015488,-34115.27909332214,-34064.03997700816,ok
4min,temperature,STATE_SPACE,3,"{""autoregressive"": 2, ""harmonics"": 6, ""level"": ""local linear trend"", ""stochastic_level"": true, ""stochastic_trend"": true}",train,37800,22.75,74.26204050006345,13.51484590000473,-37455.985389518464,-37396.20753192003,ok
4min,temperature,ARTFIMA_APPROX,1,"{""arma_order"": [1, 0], ""fractional_d"": 0.15, ""tempering_lambda"": 0.005}",train,37800,22.75,2.92305620003026,10.029823099961504,-30001.65779069002,-29976.037597545197,ok
4min,temperature,ARTFIMA_APPROX,2,"{""arma_order"": [1, 1], ""fractional_d"": 0.25, ""tempering_lambda"": 0.01}",train,37800,22.75,3.324263499933295,10.679509500041604,-33930.78242358156,-33896.622166055124,ok
4min,temperature,ARTFIMA_APPROX,3,"{""arma_order"": [2, 0], ""fractional_d"": 0.35, ""tempering_lambda"": 0.01}",train,37800,22.75,10.610891600023024,10.313745200051926,-32923.58246123905,-32889.42220371262,ok
4min,temperature,ARTFIMA_APPROX,4,"{""arma_order"": [2, 1], ""fractional_d"": 0.25, ""tempering_lambda"": 0.02}",train,37800,22.75,17.221883099991828,9.797560999984853,-34758.14635110721,-34715.44602919917,ok
4min,relative_humidity,ARIMA,1,"{""order"": [1, 0, 0], ""trend"": ""c""}",train,37800,70.22,0.8613551000598818,6.7234838999575,58098.13510073626,58123.755293881084,ok
4min,relative_humidity,ARIMA,2,"{""order"": [2, 0, 0], ""trend"": ""c""}",train,37800,70.22,1.5804684000322595,7.722481300006621,49782.77408137245,49816.934338898885,ok
4min,relative_humidity,ARIMA,3,"{""order"": [1, 0, 1], ""trend"": ""c""}",train,37800,70.22,2.6354152999119833,7.7631541000446305,52489.139441861465,52523.2996993879,ok
4min,relative_humidity,ARIMA,4,"{""order"": [1, 1, 1], ""trend"": ""t""}",train,37800,70.22,5.725345400045626,9.015847299946472,46259.55624959218,46293.716401297104,ok
4min,relative_humidity,SARIMA_DAILY_DIFFERENCE,1,"{""order"": [1, 0, 0], ""seasonal_difference"": 1, ""trend"": ""c""}",train,37800,70.22,0.6949293999932706,7.257497999933548,69240.25279004872,69265.84427484049,ok
4min,relative_humidity,SARIMA_DAILY_DIFFERENCE,2,"{""order"": [2, 0, 0], ""seasonal_difference"": 1, ""trend"": ""c""}",train,37800,70.22,1.1666891999775544,8.057737000053748,67750.16756242415,67784.28954214651,ok
4min,relative_humidity,SARIMA_DAILY_DIFFERENCE,3,"{""order"": [1, 0, 1], ""seasonal_difference"": 1, ""trend"": ""c""}",train,37800,70.22,2.4203409000765532,7.477265499997884,67953.34405961931,67987.46603934167,ok
4min,relative_humidity,STATE_SPACE,1,"{""autoregressive"": 1, ""harmonics"": 3, ""level"": ""local level"", ""stochastic_level"": true}",train,37800,70.22,9.084040499990806,6.630764300003648,47058.548433509044,47101.24782940541,ok
4min,relative_humidity,STATE_SPACE,2,"{""autoregressive"": 1, ""harmonics"": 3, ""level"": ""local linear trend"", ""stochastic_level"": true, ""stochastic_trend"": true}",train,37800,70.22,31.088657000102103,6.988811100018211,46902.07986510281,46953.31898141679,ok
4min,relative_humidity,STATE_SPACE,3,"{""autoregressive"": 2, ""harmonics"": 6, ""level"": ""local linear trend"", ""stochastic_level"": true, ""stochastic_trend"": true}",train,37800,70.22,114.77230050007347,11.386888299952261,43973.60384557575,44033.381703174186,ok
4min,relative_humidity,ARTFIMA_APPROX,1,"{""arma_order"": [1, 0], ""fractional_d"": 0.15, ""tempering_lambda"": 0.005}",train,37800,70.22,1.2540196999907494,11.260160900070332,49438.34822842071,49463.968421565536,ok
4min,relative_humidity,ARTFIMA_APPROX,2,"{""arma_order"": [1, 1], ""fractional_d"": 0.25, ""tempering_lambda"": 0.01}",train,37800,70.22,5.807433600071818,11.598277400014922,47770.98240010593,47805.142657632365,ok
4min,relative_humidity,ARTFIMA_APPROX,3,"{""arma_order"": [2, 0], ""fractional_d"": 0.35, ""tempering_lambda"": 0.01}",train,37800,70.22,6.58211019996088,11.426135699963197,48445.125400439734,48479.28565796617,ok
4min,relative_humidity,ARTFIMA_APPROX,4,"{""arma_order"": [2, 1], ""fractional_d"": 0.25, ""tempering_lambda"": 0.02}",train,37800,70.22,17.07081130007282,10.152717799996026,46674.77730192906,46717.4776238371,ok
12min,temperature,ARIMA,1,"{""order"": [1, 0, 0], ""trend"": ""c""}",train,12600,22.746111111111112,0.326841100002639,0.43955420004203916,15309.368187953885,15331.692544232705,ok
12min,temperature,ARIMA,2,"{""order"": [2, 0, 0], ""trend"": ""c""}",train,12600,22.746111111111112,0.6393476999364793,0.49588740000035614,7202.433297839218,7232.1991062109755,ok
12min,temperature,ARIMA,3,"{""order"": [1, 0, 1], ""trend"": ""c""}",train,12600,22.746111111111112,2.2315729000838473,0.48814280005171895,9936.978773843459,9966.744582215217,ok
12min,temperature,ARIMA,4,"{""order"": [1, 1, 1], ""trend"": ""t""}",train,12600,22.746111111111112,1.2492944999830797,0.5551539999432862,7259.01775480845,7288.783245707293,ok
12min,temperature,SARIMA_DAILY_DIFFERENCE,1,"{""order"": [1, 0, 0], ""seasonal_difference"": 1, ""trend"": ""c""}",train,12600,22.746111111111112,0.2751967000076547,0.4605695999925956,13029.166396539385,13051.462044465155,ok
12min,temperature,SARIMA_DAILY_DIFFERENCE,2,"{""order"": [2, 0, 0], ""seasonal_difference"": 1, ""trend"": ""c""}",train,12600,22.746111111111112,0.6637374999700114,0.47897309996187687,11306.384264847879,11336.111795415572,ok
12min,temperature,SARIMA_DAILY_DIFFERENCE,3,"{""order"": [1, 0, 1], ""seasonal_difference"": 1, ""trend"": ""c""}",train,12600,22.746111111111112,1.4667077000485733,0.4914969999808818,11385.64113626217,11415.368666829863,ok
12min,temperature,STATE_SPACE,1,"{""autoregressive"": 1, ""harmonics"": 3, ""level"": ""local level"", ""stochastic_level"": true}",train,12600,22.746111111111112,2.435104400035925,0.3481769999489188,8176.459931528348,8213.664413443377,ok
12min,temperature,STATE_SPACE,2,"{""autoregressive"": 1, ""harmonics"": 3, ""level"": ""local linear trend"", ""stochastic_level"": true, ""stochastic_trend"": true}",train,12600,22.746111111111112,11.948277999996208,0.3448052000021562,8195.143458150505,8239.788359974447,ok
12min,temperature,STATE_SPACE,3,"{""autoregressive"": 2, ""harmonics"": 6, ""level"": ""local linear trend"", ""stochastic_level"": true, ""stochastic_trend"": true}",train,12600,22.746111111111112,40.20034739992116,0.49189609999302775,4845.168924319757,4897.251306868365,ok
12min,temperature,ARTFIMA_APPROX,1,"{""arma_order"": [1, 0], ""fractional_d"": 0.15, ""tempering_lambda"": 0.005}",train,12600,22.746111111111112,1.106352600036189,0.720905700000003,11360.400881907806,11382.725238186626,ok
12min,temperature,ARTFIMA_APPROX,2,"{""arma_order"": [1, 1], ""fractional_d"": 0.25, ""tempering_lambda"": 0.01}",train,12600,22.746111111111112,2.293324499973096,0.6753048000391573,7806.914649492645,7836.680457864403,ok
12min,temperature,ARTFIMA_APPROX,3,"{""arma_order"": [2, 0], ""fractional_d"": 0.35, ""tempering_lambda"": 0.01}",train,12600,22.746111111111112,2.8573753000237048,0.6131180999800563,7691.428063806421,7721.193872178179,ok
12min,temperature,ARTFIMA_APPROX,4,"{""arma_order"": [2, 1], ""fractional_d"": 0.25, ""tempering_lambda"": 0.02}",train,12600,22.746111111111112,3.701625799993053,0.573864399921149,7362.080147232757,7399.287407697455,ok
12min,relative_humidity,ARIMA,1,"{""order"": [1, 0, 0], ""trend"": ""c""}",train,12600,70.21583333333332,0.2617385999765247,0.4440047999378294,39531.70132524797,39554.025681526786,ok
12min,relative_humidity,ARIMA,2,"{""order"": [2, 0, 0], ""trend"": ""c""}",train,12600,70.21583333333332,0.46022330003324896,0.47253140003886074,32016.6860217653,32046.45183013706,ok
12min,relative_humidity,ARIMA,3,"{""order"": [1, 0, 1], ""trend"": ""c""}",train,12600,70.21583333333332,0.7715902000200003,0.44982939993496984,34763.80800968028,34793.57381805204,ok
12min,relative_humidity,ARIMA,4,"{""order"": [1, 1, 1], ""trend"": ""t""}",train,12600,70.21583333333332,0.8762923999456689,0.5193339999532327,31767.049332338203,31796.814823237048,ok
12min,relative_humidity,SARIMA_DAILY_DIFFERENCE,1,"{""order"": [1, 0, 0], ""seasonal_difference"": 1, ""trend"": ""c""}",train,12600,70.21583333333332,0.2323060999624431,0.43513620004523546,37623.92313029479,37646.21877822056,ok
12min,relative_humidity,SARIMA_DAILY_DIFFERENCE,2,"{""order"": [2, 0, 0], ""seasonal_difference"": 1, ""trend"": ""c""}",train,12600,70.21583333333332,0.41037559998221695,0.455142299993895,36238.59703675506,36268.32456732276,ok
12min,relative_humidity,SARIMA_DAILY_DIFFERENCE,3,"{""order"": [1, 0, 1], ""seasonal_difference"": 1, ""trend"": ""c""}",train,12600,70.21583333333332,1.1553493000101298,0.43878359999507666,36362.02241978771,36391.749950355406,ok
12min,relative_humidity,STATE_SPACE,1,"{""autoregressive"": 1, ""harmonics"": 3, ""level"": ""local level"", ""stochastic_level"": true}",train,12600,70.21583333333332,2.2091971000190824,0.32635780004784465,32157.51828979865,32194.722771713678,ok
12min,relative_humidity,STATE_SPACE,2,"{""autoregressive"": 1, ""harmonics"": 3, ""level"": ""local linear trend"", ""stochastic_level"": true, ""stochastic_trend"": true}",train,12600,70.21583333333332,9.14945839997381,0.33517310000024736,32175.58816789344,32220.233069717382,ok
12min,relative_humidity,STATE_SPACE,3,"{""autoregressive"": 2, ""harmonics"": 6, ""level"": ""local linear trend"", ""stochastic_level"": true, ""stochastic_trend"": true}",train,12600,70.21583333333332,25.356389199965633,0.43298539996612817,29499.136155944907,29551.218538493515,ok
12min,relative_humidity,ARTFIMA_APPROX,1,"{""arma_order"": [1, 0], ""fractional_d"": 0.15, ""tempering_lambda"": 0.005}",train,12600,70.21583333333332,0.894767599995248,0.6393884000135586,35472.58015346346,35494.90450974228,ok
12min,relative_humidity,ARTFIMA_APPROX,2,"{""arma_order"": [1, 1], ""fractional_d"": 0.25, ""tempering_lambda"": 0.01}",train,12600,70.21583333333332,2.1909521999768913,0.6497236000141129,32423.10261720256,32452.868425574317,ok
12min,relative_humidity,ARTFIMA_APPROX,3,"{""arma_order"": [2, 0], ""fractional_d"": 0.35, ""tempering_lambda"": 0.01}",train,12600,70.21583333333332,2.3693525000708178,0.6524169000331312,32199.879783809098,32229.645592180856,ok
12min,relative_humidity,ARTFIMA_APPROX,4,"{""arma_order"": [2, 1], ""fractional_d"": 0.25, ""tempering_lambda"": 0.02}",train,12600,70.21583333333332,2.8649191999575123,0.5699461000040174,31719.961389992248,31757.168650456944,ok
20min,temperature,ARIMA,1,"{""order"": [1, 0, 0], ""trend"": ""c""}",train,7560,22.7515,0.1301786000840366,0.6453437999589369,15615.637810226543,15636.429689634064,ok
20min,temperature,ARIMA,2,"{""order"": [2, 0, 0], ""trend"": ""c""}",train,7560,22.7515,0.788956500007771,0.7059830999933183,10574.829618066964,10602.552123943658,ok
20min,temperature,ARIMA,3,"{""order"": [1, 0, 1], ""trend"": ""c""}",train,7560,22.7515,1.0750906000612304,0.7463241999503225,12143.741773271442,12171.464279148136,ok
20min,temperature,ARIMA,4,"{""order"": [1, 1, 1], ""trend"": ""t""}",train,7560,22.7515,0.7406284000026062,0.8334582999814302,10765.108894826197,10792.830871567365,ok
20min,temperature,SARIMA_DAILY_DIFFERENCE,1,"{""order"": [1, 0, 0], ""seasonal_difference"": 1, ""trend"": ""c""}",train,7560,22.7515,0.19736280001234263,0.7086140000028536,12477.616380003179,12498.379551057651,ok
20min,temperature,SARIMA_DAILY_DIFFERENCE,2,"{""order"": [2, 0, 0], ""seasonal_difference"": 1, ""trend"": ""c""}",train,7560,22.7515,0.31087609997484833,0.7268146999413148,11655.240453475208,11682.924681547838,ok
20min,temperature,SARIMA_DAILY_DIFFERENCE,3,"{""order"": [1, 0, 1], ""seasonal_difference"": 1, ""trend"": ""c""}",train,7560,22.7515,0.7080588000826538,0.7721738000400364,11625.178193671201,11652.862421743832,ok
20min,temperature,SARIMA_EXACT,1,"{""order"": [1, 0, 0], ""seasonal_order_base"": [1, 0, 0], ""trend"": ""c""}",train,7560,22.7515,190.8506642000284,28.545138300047256,11101.634174029474,11129.317867878397,ok
20min,temperature,STATE_SPACE,1,"{""autoregressive"": 1, ""harmonics"": 3, ""level"": ""local level"", ""stochastic_level"": true}",train,7560,22.7515,3.547776799998246,0.6132182000437751,10644.415051178159,10679.063551749727,ok
20min,temperature,STATE_SPACE,2,"{""autoregressive"": 1, ""harmonics"": 3, ""level"": ""local linear trend"", ""stochastic_level"": true, ""stochastic_trend"": true}",train,7560,22.7515,8.64238249999471,0.5365761000430211,11157.122051818104,11198.699458065055,ok
20min,temperature,STATE_SPACE,3,"{""autoregressive"": 2, ""harmonics"": 6, ""level"": ""local linear trend"", ""stochastic_level"": true, ""stochastic_trend"": true}",train,7560,22.7515,25.585725600016303,0.56242710002698,8520.075102742567,8568.576513046237,ok
20min,temperature,ARTFIMA_APPROX,1,"{""arma_order"": [1, 0], ""fractional_d"": 0.15, ""tempering_lambda"": 0.005}",train,7560,22.7515,0.5726253000320867,0.9788360999664292,13496.780024427328,13517.571903834849,ok
20min,temperature,ARTFIMA_APPROX,2,"{""arma_order"": [1, 1], ""fractional_d"": 0.25, ""tempering_lambda"": 0.01}",train,7560,22.7515,1.4616347000701353,1.0722205000929534,11044.102885298124,11071.825391174818,ok
20min,temperature,ARTFIMA_APPROX,3,"{""arma_order"": [2, 0], ""fractional_d"": 0.35, ""tempering_lambda"": 0.01}",train,7560,22.7515,0.8751754999393597,1.0101874000392854,10905.6848169071,10933.407322783794,ok
20min,temperature,ARTFIMA_APPROX,4,"{""arma_order"": [2, 1], ""fractional_d"": 0.25, ""tempering_lambda"": 0.02}",train,7560,22.7515,1.9737958000041544,1.0149120999267325,10706.042787109307,10740.695919455175,ok
20min,relative_humidity,ARIMA,1,"{""order"": [1, 0, 0], ""trend"": ""c""}",train,7560,70.21066666666667,0.187546799890697,0.6829830999486148,30093.159641256054,30113.951520663573,ok
20min,relative_humidity,ARIMA,2,"{""order"": [2, 0, 0], ""trend"": ""c""}",train,7560,70.21066666666667,0.49812260002363473,0.6669078000122681,24911.77736398472,24939.49986986141,ok
20min,relative_humidity,ARIMA,3,"{""order"": [1, 0, 1], ""trend"": ""c""}",train,7560,70.21066666666667,0.8821650000754744,0.713261800003238,26792.247616157456,26819.97012203415,ok
20min,relative_humidity,ARIMA,4,"{""order"": [1, 1, 1], ""trend"": ""t""}",train,7560,70.21066666666667,0.6183276999508962,0.8082812000066042,25022.171733311097,25049.893710052267,ok
20min,relative_humidity,SARIMA_DAILY_DIFFERENCE,1,"{""order"": [1, 0, 0], ""seasonal_difference"": 1, ""trend"": ""c""}",train,7560,70.21066666666667,0.33782789995893836,0.686238200054504,27140.767022485357,27161.53019353983,ok
20min,relative_humidity,SARIMA_DAILY_DIFFERENCE,2,"{""order"": [2, 0, 0], ""seasonal_difference"": 1, ""trend"": ""c""}",train,7560,70.21066666666667,0.32485729991458356,0.6847864999435842,26319.441198047392,26347.125426120023,ok
20min,relative_humidity,SARIMA_DAILY_DIFFERENCE,3,"{""order"": [1, 0, 1], ""seasonal_difference"": 1, ""trend"": ""c""}",train,7560,70.21066666666667,0.6247398999985307,0.7211272999411449,26389.26128960643,26416.94551767906,ok
20min,relative_humidity,SARIMA_EXACT,1,"{""order"": [1, 0, 0], ""seasonal_order_base"": [1, 0, 0], ""trend"": ""c""}",train,7560,70.21066666666667,248.8070128998952,24.30104529997334,25708.757540891027,25736.44123473995,ok
20min,relative_humidity,STATE_SPACE,1,"{""autoregressive"": 1, ""harmonics"": 3, ""level"": ""local level"", ""stochastic_level"": true}",train,7560,70.21066666666667,1.3433288000524044,0.5823542999569327,24818.03558581481,24852.684086386376,ok
20min,relative_humidity,STATE_SPACE,2,"{""autoregressive"": 1, ""harmonics"": 3, ""level"": ""local linear trend"", ""stochastic_level"": true, ""stochastic_trend"": true}",train,7560,70.21066666666667,8.18652640003711,1.074003600049764,24834.0016190429,24875.579025289855,ok
20min,relative_humidity,STATE_SPACE,3,"{""autoregressive"": 2, ""harmonics"": 6, ""level"": ""local linear trend"", ""stochastic_level"": true, ""stochastic_trend"": true}",train,7560,70.21066666666667,17.679973399965093,0.5836560999741778,22881.88503404279,22930.38644434646,ok
20min,relative_humidity,ARTFIMA_APPROX,1,"{""arma_order"": [1, 0], ""fractional_d"": 0.15, ""tempering_lambda"": 0.005}",train,7560,70.21066666666667,0.697240800014697,0.9807615000754595,27836.287933686443,27857.079813093962,ok
20min,relative_humidity,ARTFIMA_APPROX,2,"{""arma_order"": [1, 1], ""fractional_d"": 0.25, ""tempering_lambda"": 0.01}",train,7560,70.21066666666667,1.2072838000021875,0.9633389000082389,25486.263245804075,25513.985751680768,ok
20min,relative_humidity,ARTFIMA_APPROX,3,"{""arma_order"": [2, 0], ""fractional_d"": 0.35, ""tempering_lambda"": 0.01}",train,7560,70.21066666666667,1.2462407000130042,0.9601177999284118,25203.219913054883,25230.942418931576,ok
20min,relative_humidity,ARTFIMA_APPROX,4,"{""arma_order"": [2, 1], ""fractional_d"": 0.25, ""tempering_lambda"": 0.02}",train,7560,70.21066666666667,1.4637966000009328,0.8727124000433832,24884.409602785097,24919.062735130967,ok
30min,temperature,ARIMA,1,"{""order"": [1, 0, 0], ""trend"": ""c""}",train,5040,22.767544642857146,0.2143677999265492,0.390157200046815,13749.828254083466,13769.403738166662,ok
30min,temperature,ARIMA,2,"{""order"": [2, 0, 0], ""trend"": ""c""}",train,5040,22.767544642857146,0.32817859994247556,0.41104819998145103,10160.051840038916,10186.152485483177,ok
30min,temperature,ARIMA,3,"{""order"": [1, 0, 1], ""trend"": ""c""}",train,5040,22.767544642857146,0.5578141999430954,0.3908034999622032,11339.01998526278,11365.12063070704,ok
30min,temperature,ARIMA,4,"{""order"": [1, 1, 1], ""trend"": ""t""}",train,5040,22.767544642857146,0.33370869990903884,0.5089593000011519,10434.84100893449,10460.940860649212,ok
30min,temperature,SARIMA_DAILY_DIFFERENCE,1,"{""order"": [1, 0, 0], ""seasonal_difference"": 1, ""trend"": ""c""}",train,5040,22.767544642857146,0.1736760000931099,0.382289299974218,10536.879794602955,10556.426570333104,ok
30min,temperature,SARIMA_DAILY_DIFFERENCE,2,"{""order"": [2, 0, 0], ""seasonal_difference"": 1, ""trend"": ""c""}",train,5040,22.767544642857146,0.20043780002743006,0.40850360004696995,10072.81281039109,10098.875178031287,ok
30min,temperature,SARIMA_DAILY_DIFFERENCE,3,"{""order"": [1, 0, 1], ""seasonal_difference"": 1, ""trend"": ""c""}",train,5040,22.767544642857146,0.41278800007421523,0.45457219996023923,10050.443025548971,10076.505393189169,ok
30min,temperature,SARIMA_EXACT,1,"{""order"": [1, 0, 0], ""seasonal_order_base"": [1, 0, 0], ""trend"": ""c""}",train,5040,22.767544642857146,62.28808359999675,6.946310199913569,9816.397840388505,9842.459406666383,ok
30min,temperature,SARIMA_EXACT,2,"{""order"": [1, 0, 1], ""seasonal_order_base"": [0, 1, 1], ""trend"": ""c""}",train,5040,22.767544642857146,173.38926349999383,12.65946230001282,7303.323908314047,7335.851535246789,ok
30min,temperature,STATE_SPACE,1,"{""autoregressive"": 1, ""harmonics"": 3, ""level"": ""local level"", ""stochastic_level"": true}",train,5040,22.767544642857146,3.218507400015369,0.2891929999459535,9583.41338929776,9616.032246831643,ok
30min,temperature,STATE_SPACE,2,"{""autoregressive"": 1, ""harmonics"": 3, ""level"": ""local linear trend"", ""stochastic_level"": true, ""stochastic_trend"": true}",train,5040,22.767544642857146,7.779650900047272,0.29951849998906255,9599.452120667827,9638.593557458109,ok
30min,temperature,STATE_SPACE,3,"{""autoregressive"": 2, ""harmonics"": 6, ""level"": ""local linear trend"", ""stochastic_level"": true, ""stochastic_trend"": true}",train,5040,22.767544642857146,9.911069500027224,0.3249297000002116,8221.571778854777,8267.228436881502,ok
30min,temperature,ARTFIMA_APPROX,1,"{""arma_order"": [1, 0], ""fractional_d"": 0.15, ""tempering_lambda"": 0.005}",train,5040,22.767544642857146,0.3141806999919936,0.5379954000236467,12493.499274395315,12513.074758478511,ok
30min,temperature,ARTFIMA_APPROX,2,"{""arma_order"": [1, 1], ""fractional_d"": 0.25, ""tempering_lambda"": 0.01}",train,5040,22.767544642857146,0.7765921000391245,0.5144188000122085,10685.633485088467,10711.734130532728,ok
30min,temperature,ARTFIMA_APPROX,3,"{""arma_order"": [2, 0], ""fractional_d"": 0.35, ""tempering_lambda"": 0.01}",train,5040,22.767544642857146,0.6896427000174299,0.5300394999794662,10441.700551239232,10467.801196683493,ok
30min,temperature,ARTFIMA_APPROX,4,"{""arma_order"": [2, 1], ""fractional_d"": 0.25, ""tempering_lambda"": 0.02}",train,5040,22.767544642857146,0.9098094999790192,0.4696834000060335,10256.096105477383,10288.72191228271,ok
30min,relative_humidity,ARIMA,1,"{""order"": [1, 0, 0], ""trend"": ""c""}",train,5040,70.23,0.2778217000886798,0.3965099999913946,23426.22785283358,23445.80333691678,ok
30min,relative_humidity,ARIMA,2,"{""order"": [2, 0, 0], ""trend"": ""c""}",train,5040,70.23,0.2758814999833703,0.4403631999157369,19473.364254861437,19499.4649003057,ok
30min,relative_humidity,ARIMA,3,"{""order"": [1, 0, 1], ""trend"": ""c""}",train,5040,70.23,0.47703890001866966,0.3895030999556184,20904.41393704548,20930.51458248974,ok
30min,relative_humidity,ARIMA,4,"{""order"": [1, 1, 1], ""trend"": ""t""}",train,5040,70.23,0.3222550000064075,0.4786452999105677,19758.017099091885,19784.11695080661,ok
30min,relative_humidity,SARIMA_DAILY_DIFFERENCE,1,"{""order"": [1, 0, 0], ""seasonal_difference"": 1, ""trend"": ""c""}",train,5040,70.23,0.15607349993661046,0.39575069991406053,20336.626421094203,20356.17319682435,ok
30min,relative_humidity,SARIMA_DAILY_DIFFERENCE,2,"{""order"": [2, 0, 0], ""seasonal_difference"": 1, ""trend"": ""c""}",train,5040,70.23,0.3349213000619784,0.42969430005177855,19726.022765739715,19752.08513337991,ok
30min,relative_humidity,SARIMA_DAILY_DIFFERENCE,3,"{""order"": [1, 0, 1], ""seasonal_difference"": 1, ""trend"": ""c""}",train,5040,70.23,0.40586729999631643,0.40695870004128665,19719.07492161426,19745.137289254457,ok
30min,relative_humidity,SARIMA_EXACT,1,"{""order"": [1, 0, 0], ""seasonal_order_base"": [1, 0, 0], ""trend"": ""c""}",train,5040,70.23,84.64938269997947,6.948920499999076,19585.85358916846,19611.91515544634,ok
30min,relative_humidity,SARIMA_EXACT,2,"{""order"": [1, 0, 1], ""seasonal_order_base"": [0, 1, 1], ""trend"": ""c""}",train,5040,70.23,162.3364935000427,12.327132600010373,16827.8686976721,16860.396324604844,ok
30min,relative_humidity,STATE_SPACE,1,"{""autoregressive"": 1, ""harmonics"": 3, ""level"": ""local level"", ""stochastic_level"": true}",train,5040,70.23,2.7813172000460327,0.24964249995537102,19151.939485537197,19184.55834307108,ok
30min,relative_humidity,STATE_SPACE,2,"{""autoregressive"": 1, ""harmonics"": 3, ""level"": ""local linear trend"", ""stochastic_level"": true, ""stochastic_trend"": true}",train,5040,70.23,6.670189499971457,0.24321740004234016,19820.04647085083,19859.187907641113,ok
30min,relative_humidity,STATE_SPACE,3,"{""autoregressive"": 2, ""harmonics"": 6, ""level"": ""local linear trend"", ""stochastic_level"": true, ""stochastic_trend"": true}",train,5040,70.23,10.276489999960177,0.3183911999221891,17674.763678910065,17720.42033693679,ok
30min,relative_humidity,ARTFIMA_APPROX,1,"{""arma_order"": [1, 0], ""fractional_d"": 0.15, ""tempering_lambda"": 0.005}",train,5040,70.23,0.396788900019601,0.5534230000339448,22067.40850178213,22086.98398586533,ok
30min,relative_humidity,ARTFIMA_APPROX,2,"{""arma_order"": [1, 1], ""fractional_d"": 0.25, ""tempering_lambda"": 0.01}",train,5040,70.23,0.6459877999732271,0.5313531999709085,20121.547027938315,20147.647673382577,ok
30min,relative_humidity,ARTFIMA_APPROX,3,"{""arma_order"": [2, 0], ""fractional_d"": 0.35, ""tempering_lambda"": 0.01}",train,5040,70.23,0.625626299995929,0.5276720999972895,19766.44031938517,19792.54096482943,ok
30min,relative_humidity,ARTFIMA_APPROX,4,"{""arma_order"": [2, 1], ""fractional_d"": 0.25, ""tempering_lambda"": 0.02}",train,5040,70.23,0.9075234000338241,0.4962326999520883,19570.73979032239,19603.36559712772,ok
60min,temperature,ARIMA,1,"{""order"": [1, 0, 0], ""trend"": ""c""}",train,2520,22.772833333333335,0.13179660006426275,0.16504989995155483,9706.727954315453,9724.223996856968,ok
60min,temperature,ARIMA,2,"{""order"": [2, 0, 0], ""trend"": ""c""}",train,2520,22.772833333333335,0.15881199995055795,0.1591163999401033,7870.325844834175,7893.653901556197,ok
60min,temperature,ARIMA,3,"{""order"": [1, 0, 1], ""trend"": ""c""}",train,2520,22.772833333333335,0.3171618999913335,0.1566781000001356,8311.776951668877,8335.1050083909,ok
60min,temperature,ARIMA,4,"{""order"": [1, 1, 1], ""trend"": ""t""}",train,2520,22.772833333333335,0.1965573999332264,0.18793959997128695,8142.307603953575,8165.634073058985,ok
60min,temperature,SARIMA_DAILY_DIFFERENCE,1,"{""order"": [1, 0, 0], ""seasonal_difference"": 1, ""trend"": ""c""}",train,2520,22.772833333333335,0.12013000005390495,0.14643180009443313,6863.9174452436655,6881.384779432134,ok
60min,temperature,SARIMA_DAILY_DIFFERENCE,2,"{""order"": [2, 0, 0], ""seasonal_difference"": 1, ""trend"": ""c""}",train,2520,22.772833333333335,0.1790923000080511,0.17032730008941144,6718.34677300581,6741.636551923767,ok
60min,temperature,SARIMA_DAILY_DIFFERENCE,3,"{""order"": [1, 0, 1], ""seasonal_difference"": 1, ""trend"": ""c""}",train,2520,22.772833333333335,0.16859269991982728,0.1630782000720501,6708.5026966028945,6731.792475520851,ok
60min,temperature,SARIMA_EXACT,1,"{""order"": [1, 0, 0], ""seasonal_order_base"": [1, 0, 0], ""trend"": ""c""}",train,2520,22.772833333333335,1.9410614999942482,0.23003269999753684,6643.089482998417,6666.37765903116,ok
60min,temperature,SARIMA_EXACT,2,"{""order"": [1, 0, 1], ""seasonal_order_base"": [0, 1, 1], ""trend"": ""c""}",train,2520,22.772833333333335,36.59950219991151,1.5635302000446245,5315.674451291153,5344.734318439263,ok
60min,temperature,STATE_SPACE,1,"{""autoregressive"": 1, ""harmonics"": 3, ""level"": ""local level"", ""stochastic_level"": true}",train,2520,22.772833333333335,1.2877675999188796,0.09659650002140552,6681.859965731881,6711.006128419599,ok
60min,temperature,STATE_SPACE,2,"{""autoregressive"": 1, ""harmonics"": 3, ""level"": ""local linear trend"", ""stochastic_level"": true, ""stochastic_trend"": true}",train,2520,22.772833333333335,3.3914090000325814,0.0984666000586003,6695.661496563881,6730.6345037294095,ok
60min,temperature,STATE_SPACE,3,"{""autoregressive"": 2, ""harmonics"": 6, ""level"": ""local linear trend"", ""stochastic_level"": true, ""stochastic_trend"": true}",train,2520,22.772833333333335,4.880412600003183,0.11115319991949946,5860.6169957570855,5901.402097705278,ok
60min,temperature,ARTFIMA_APPROX,1,"{""arma_order"": [1, 0], ""fractional_d"": 0.15, ""tempering_lambda"": 0.005}",train,2520,22.772833333333335,0.17194679996464401,0.21019010001327842,9286.79928196791,9304.295324509425,ok
60min,temperature,ARTFIMA_APPROX,2,"{""arma_order"": [1, 1], ""fractional_d"": 0.25, ""tempering_lambda"": 0.01}",train,2520,22.772833333333335,0.25394890003371984,0.21718079992569983,8133.902182432056,8157.230239154078,ok
60min,temperature,ARTFIMA_APPROX,3,"{""arma_order"": [2, 0], ""fractional_d"": 0.35, ""tempering_lambda"": 0.01}",train,2520,22.772833333333335,0.225958599941805,0.20244040002580732,7941.35848100743,7964.686537729452,ok
60min,temperature,ARTFIMA_APPROX,4,"{""arma_order"": [2, 1], ""fractional_d"": 0.25, ""tempering_lambda"": 0.02}",train,2520,22.772833333333335,0.2873901000712067,0.18724050000309944,7880.962810814092,7910.122881716619,ok
60min,relative_humidity,ARIMA,1,"{""order"": [1, 0, 0], ""trend"": ""c""}",train,2520,70.21733333333333,0.05901850003283471,0.15521159989293665,14611.726284608678,14629.222327150193,ok
60min,relative_humidity,ARIMA,2,"{""order"": [2, 0, 0], ""trend"": ""c""}",train,2520,70.21733333333333,0.12744950002525002,0.15872740000486374,12662.817142810549,12686.145199532571,ok
60min,relative_humidity,ARIMA,3,"{""order"": [1, 0, 1], ""trend"": ""c""}",train,2520,70.21733333333333,0.19736260001081973,0.16141619998961687,13145.994155352619,13169.322212074641,ok
60min,relative_humidity,ARIMA,4,"{""order"": [1, 1, 1], ""trend"": ""t""}",train,2520,70.21733333333333,0.12497960007749498,0.18524630006868392,12923.423228657943,12946.749697763353,ok
60min,relative_humidity,SARIMA_DAILY_DIFFERENCE,1,"{""order"": [1, 0, 0], ""seasonal_difference"": 1, ""trend"": ""c""}",train,2520,70.21733333333333,0.06782120000571012,0.15278020000550896,11976.408702575327,11993.876036763795,ok
60min,relative_humidity,SARIMA_DAILY_DIFFERENCE,2,"{""order"": [2, 0, 0], ""seasonal_difference"": 1, ""trend"": ""c""}",train,2520,70.21733333333333,0.0965165999950841,0.16409830003976822,11803.512039390815,11826.801818308772,ok
60min,relative_humidity,SARIMA_DAILY_DIFFERENCE,3,"{""order"": [1, 0, 1], ""seasonal_difference"": 1, ""trend"": ""c""}",train,2520,70.21733333333333,0.14358399994671345,0.1577017999952659,11779.85638902614,11803.146167944096,ok
60min,relative_humidity,SARIMA_EXACT,1,"{""order"": [1, 0, 0], ""seasonal_order_base"": [1, 0, 0], ""trend"": ""c""}",train,2520,70.21733333333333,2.673682500026189,0.22823940007947385,11733.212335790176,11756.500511822918,ok
60min,relative_humidity,SARIMA_EXACT,2,"{""order"": [1, 0, 1], ""seasonal_order_base"": [0, 1, 1], ""trend"": ""c""}",train,2520,70.21733333333333,30.188822900061496,1.9427982000634074,10310.32622143064,10339.386088578749,ok
60min,relative_humidity,STATE_SPACE,1,"{""autoregressive"": 1, ""harmonics"": 3, ""level"": ""local level"", ""stochastic_level"": true}",train,2520,70.21733333333333,1.0684355999110267,0.12931840005330741,11636.795171860736,11665.941334548454,ok
60min,relative_humidity,STATE_SPACE,2,"{""autoregressive"": 1, ""harmonics"": 3, ""level"": ""local linear trend"", ""stochastic_level"": true, ""stochastic_trend"": true}",train,2520,70.21733333333333,4.0973905000137165,0.09452919999603182,11645.909568402247,11680.882575567775,ok
60min,relative_humidity,STATE_SPACE,3,"{""autoregressive"": 2, ""harmonics"": 6, ""level"": ""local linear trend"", ""stochastic_level"": true, ""stochastic_trend"": true}",train,2520,70.21733333333333,7.483221700065769,0.10893860005307943,10796.113030566783,10836.898132514974,ok
60min,relative_humidity,ARTFIMA_APPROX,1,"{""arma_order"": [1, 0], ""fractional_d"": 0.15, ""tempering_lambda"": 0.005}",train,2520,70.21733333333333,0.13225679995957762,0.23475320008583367,14155.188943138739,14172.684985680255,ok
60min,relative_humidity,ARTFIMA_APPROX,2,"{""arma_order"": [1, 1], ""fractional_d"": 0.25, ""tempering_lambda"": 0.01}",train,2520,70.21733333333333,0.25466490001417696,0.22880639997310936,12925.373105393008,12948.70116211503,ok
60min,relative_humidity,ARTFIMA_APPROX,3,"{""arma_order"": [2, 0], ""fractional_d"": 0.35, ""tempering_lambda"": 0.01}",train,2520,70.21733333333333,0.27895780000835657,0.23632429994177073,12721.005617310571,12744.333674032594,ok
60min,relative_humidity,ARTFIMA_APPROX,4,"{""arma_order"": [2, 1], ""fractional_d"": 0.25, ""tempering_lambda"": 0.02}",train,2520,70.21733333333333,0.3927266000537202,0.18549590010661632,12663.842231299946,12693.002302202474,ok
