resolution,feature_set,history_hours,history_steps,n_features,features,n_samples,file,sha256
4min,SHT_BASE,6,90,2,temperature | relative_humidity,676,data\processed\sample_indices\4min\SHT_BASE\indices_4min_SHT_BASE_hist_06h.csv,60805ba4d19238b364bb3851461af7887e4c3b39bbd52f3c00e95d635a75b647
4min,SHT_BASE,12,180,2,temperature | relative_humidity,559,data\processed\sample_indices\4min\SHT_BASE\indices_4min_SHT_BASE_hist_12h.csv,f505e91d0aab9a5ac77568e227b7fae2a4743bf51c622762f0acca2d423dc95f
4min,SHT_BASE,24,360,2,temperature | relative_humidity,182,data\processed\sample_indices\4min\SHT_BASE\indices_4min_SHT_BASE_hist_24h.csv,d927342c747f3960019dc244e47bd458eaf6d5889b094d11c81f197dcb1f0ab4
4min,SHT_BASE,48,720,2,temperature | relative_humidity,0,data\processed\sample_indices\4min\SHT_BASE\indices_4min_SHT_BASE_hist_48h.csv,166f1d55d0e9bb6bba3a45ef8aaebc4eee5cf6f2ee2cea23725f610aa9a60a42
4min,SHT_TIME,6,90,6,temperature | relative_humidity | hour_sin | hour_cos | day_of_year_sin | day_of_year_cos,676,data\processed\sample_indices\4min\SHT_TIME\indices_4min_SHT_TIME_hist_06h.csv,70d9126718202459a956c25262d5bb755fee2b51e0739422992df98ad72c32d4
4min,SHT_TIME,12,180,6,temperature | relative_humidity | hour_sin | hour_cos | day_of_year_sin | day_of_year_cos,559,data\processed\sample_indices\4min\SHT_TIME\indices_4min_SHT_TIME_hist_12h.csv,28f376bc4a220b04081b9e180b5bfb6da7f0bd59a9efec60d5ab6a403474ca3e
4min,SHT_TIME,24,360,6,temperature | relative_humidity | hour_sin | hour_cos | day_of_year_sin | day_of_year_cos,182,data\processed\sample_indices\4min\SHT_TIME\indices_4min_SHT_TIME_hist_24h.csv,87289c9d824d16a5f775745afd9a5835df1434c361db17939d9fd88a1af8d5ac
4min,SHT_TIME,48,720,6,temperature | relative_humidity | hour_sin | hour_cos | day_of_year_sin | day_of_year_cos,0,data\processed\sample_indices\4min\SHT_TIME\indices_4min_SHT_TIME_hist_48h.csv,166f1d55d0e9bb6bba3a45ef8aaebc4eee5cf6f2ee2cea23725f610aa9a60a42
4min,SHT_AUX_TIME,6,90,8,temperature | relative_humidity | temperature_bme280 | pressure | hour_sin | hour_cos | day_of_year_sin | day_of_year_cos,676,data\processed\sample_indices\4min\SHT_AUX_TIME\indices_4min_SHT_AUX_TIME_hist_06h.csv,3294a34e02e275c9de770a9d11c2601f23e591dc4b5a7445431e26ff0622575a
4min,SHT_AUX_TIME,12,180,8,temperature | relative_humidity | temperature_bme280 | pressure | hour_sin | hour_cos | day_of_year_sin | day_of_year_cos,559,data\processed\sample_indices\4min\SHT_AUX_TIME\indices_4min_SHT_AUX_TIME_hist_12h.csv,c58ad3f549af45c537b7b7afaf3240d58a6a4760c3dee32c130e108f9c232d3c
4min,SHT_AUX_TIME,24,360,8,temperature | relative_humidity | temperature_bme280 | pressure | hour_sin | hour_cos | day_of_year_sin | day_of_year_cos,182,data\processed\sample_indices\4min\SHT_AUX_TIME\indices_4min_SHT_AUX_TIME_hist_24h.csv,ba577eee40a0d7768ef232ee695a10eba3488e336123e1529aa0fecc0b62fcab
4min,SHT_AUX_TIME,48,720,8,temperature | relative_humidity | temperature_bme280 | pressure | hour_sin | hour_cos | day_of_year_sin | day_of_year_cos,0,data\processed\sample_indices\4min\SHT_AUX_TIME\indices_4min_SHT_AUX_TIME_hist_48h.csv,166f1d55d0e9bb6bba3a45ef8aaebc4eee5cf6f2ee2cea23725f610aa9a60a42
4min,SHT_MULTISENSOR_TIME,6,90,10,temperature | relative_humidity | temperature_bme280 | relative_humidity_bme280 | pressure | rh_bme280_saturated_fraction | hour_sin | hour_cos | day_of_year_sin | day_of_year_cos,0,data\processed\sample_indices\4min\SHT_MULTISENSOR_TIME\indices_4min_SHT_MULTISENSOR_TIME_hist_06h.csv,166f1d55d0e9bb6bba3a45ef8aaebc4eee5cf6f2ee2cea23725f610aa9a60a42
4min,SHT_MULTISENSOR_TIME,12,180,10,temperature | relative_humidity | temperature_bme280 | relative_humidity_bme280 | pressure | rh_bme280_saturated_fraction | hour_sin | hour_cos | day_of_year_sin | day_of_year_cos,0,data\processed\sample_indices\4min\SHT_MULTISENSOR_TIME\indices_4min_SHT_MULTISENSOR_TIME_hist_12h.csv,166f1d55d0e9bb6bba3a45ef8aaebc4eee5cf6f2ee2cea23725f610aa9a60a42
4min,SHT_MULTISENSOR_TIME,24,360,10,temperature | relative_humidity | temperature_bme280 | relative_humidity_bme280 | pressure | rh_bme280_saturated_fraction | hour_sin | hour_cos | day_of_year_sin | day_of_year_cos,0,data\processed\sample_indices\4min\SHT_MULTISENSOR_TIME\indices_4min_SHT_MULTISENSOR_TIME_hist_24h.csv,166f1d55d0e9bb6bba3a45ef8aaebc4eee5cf6f2ee2cea23725f610aa9a60a42
4min,SHT_MULTISENSOR_TIME,48,720,10,temperature | relative_humidity | temperature_bme280 | relative_humidity_bme280 | pressure | rh_bme280_saturated_fraction | hour_sin | hour_cos | day_of_year_sin | day_of_year_cos,0,data\processed\sample_indices\4min\SHT_MULTISENSOR_TIME\indices_4min_SHT_MULTISENSOR_TIME_hist_48h.csv,166f1d55d0e9bb6bba3a45ef8aaebc4eee5cf6f2ee2cea23725f610aa9a60a42
12min,SHT_BASE,6,30,2,temperature | relative_humidity,124,data\processed\sample_indices\12min\SHT_BASE\indices_12min_SHT_BASE_hist_06h.csv,835a79003eba352710c05e104e7dbd38b0e1123f12b258590f2f62be4fab488c
12min,SHT_BASE,12,60,2,temperature | relative_humidity,98,data\processed\sample_indices\12min\SHT_BASE\indices_12min_SHT_BASE_hist_12h.csv,8636cf783a28db984d392aa98f4e6e61abcf1cef458a036d11860f2a5b381526
12min,SHT_BASE,24,120,2,temperature | relative_humidity,32,data\processed\sample_indices\12min\SHT_BASE\indices_12min_SHT_BASE_hist_24h.csv,c0f42333706fd0c2e669e7d3834798d2b2381a0a2c55c3a5ccd8d9462a3b8226
12min,SHT_BASE,48,240,2,temperature | relative_humidity,0,data\processed\sample_indices\12min\SHT_BASE\indices_12min_SHT_BASE_hist_48h.csv,166f1d55d0e9bb6bba3a45ef8aaebc4eee5cf6f2ee2cea23725f610aa9a60a42
12min,SHT_TIME,6,30,6,temperature | relative_humidity | hour_sin | hour_cos | day_of_year_sin | day_of_year_cos,124,data\processed\sample_indices\12min\SHT_TIME\indices_12min_SHT_TIME_hist_06h.csv,952c2162897beceb166ebe0c31f39d2a1990c69586c44cbf50f79b4d446e6595
12min,SHT_TIME,12,60,6,temperature | relative_humidity | hour_sin | hour_cos | day_of_year_sin | day_of_year_cos,98,data\processed\sample_indices\12min\SHT_TIME\indices_12min_SHT_TIME_hist_12h.csv,f25be94173c0122495a18e416450a7c3fd401b0075546a134abaffa3fd06b8bd
12min,SHT_TIME,24,120,6,temperature | relative_humidity | hour_sin | hour_cos | day_of_year_sin | day_of_year_cos,32,data\processed\sample_indices\12min\SHT_TIME\indices_12min_SHT_TIME_hist_24h.csv,8b69e9d269b1b708511da72be84ce052c38e3ae37c85c6f04071209b3fdc3b54
12min,SHT_TIME,48,240,6,temperature | relative_humidity | hour_sin | hour_cos | day_of_year_sin | day_of_year_cos,0,data\processed\sample_indices\12min\SHT_TIME\indices_12min_SHT_TIME_hist_48h.csv,166f1d55d0e9bb6bba3a45ef8aaebc4eee5cf6f2ee2cea23725f610aa9a60a42
12min,SHT_AUX_TIME,6,30,8,temperature | relative_humidity | temperature_bme280 | pressure | hour_sin | hour_cos | day_of_year_sin | day_of_year_cos,124,data\processed\sample_indices\12min\SHT_AUX_TIME\indices_12min_SHT_AUX_TIME_hist_06h.csv,a7cb4f2958dcb216ec6f8afccab2f1dab828820fdcfe730a0f3e2ad9a7347359
12min,SHT_AUX_TIME,12,60,8,temperature | relative_humidity | temperature_bme280 | pressure | hour_sin | hour_cos | day_of_year_sin | day_of_year_cos,98,data\processed\sample_indices\12min\SHT_AUX_TIME\indices_12min_SHT_AUX_TIME_hist_12h.csv,d191c41bf3c07f47ec12cfc27df470f7c0df4b07a98fb2aa727022bbf9ccfc32
12min,SHT_AUX_TIME,24,120,8,temperature | relative_humidity | temperature_bme280 | pressure | hour_sin | hour_cos | day_of_year_sin | day_of_year_cos,32,data\processed\sample_indices\12min\SHT_AUX_TIME\indices_12min_SHT_AUX_TIME_hist_24h.csv,cfd0a6b7f9b711f1454ad38590e8df39796887b375115e57520fc21a9849e71e
12min,SHT_AUX_TIME,48,240,8,temperature | relative_humidity | temperature_bme280 | pressure | hour_sin | hour_cos | day_of_year_sin | day_of_year_cos,0,data\processed\sample_indices\12min\SHT_AUX_TIME\indices_12min_SHT_AUX_TIME_hist_48h.csv,166f1d55d0e9bb6bba3a45ef8aaebc4eee5cf6f2ee2cea23725f610aa9a60a42
12min,SHT_MULTISENSOR_TIME,6,30,10,temperature | relative_humidity | temperature_bme280 | relative_humidity_bme280 | pressure | rh_bme280_saturated_fraction | hour_sin | hour_cos | day_of_year_sin | day_of_year_cos,0,data\processed\sample_indices\12min\SHT_MULTISENSOR_TIME\indices_12min_SHT_MULTISENSOR_TIME_hist_06h.csv,166f1d55d0e9bb6bba3a45ef8aaebc4eee5cf6f2ee2cea23725f610aa9a60a42
12min,SHT_MULTISENSOR_TIME,12,60,10,temperature | relative_humidity | temperature_bme280 | relative_humidity_bme280 | pressure | rh_bme280_saturated_fraction | hour_sin | hour_cos | day_of_year_sin | day_of_year_cos,0,data\processed\sample_indices\12min\SHT_MULTISENSOR_TIME\indices_12min_SHT_MULTISENSOR_TIME_hist_12h.csv,166f1d55d0e9bb6bba3a45ef8aaebc4eee5cf6f2ee2cea23725f610aa9a60a42
12min,SHT_MULTISENSOR_TIME,24,120,10,temperature | relative_humidity | temperature_bme280 | relative_humidity_bme280 | pressure | rh_bme280_saturated_fraction | hour_sin | hour_cos | day_of_year_sin | day_of_year_cos,0,data\processed\sample_indices\12min\SHT_MULTISENSOR_TIME\indices_12min_SHT_MULTISENSOR_TIME_hist_24h.csv,166f1d55d0e9bb6bba3a45ef8aaebc4eee5cf6f2ee2cea23725f610aa9a60a42
12min,SHT_MULTISENSOR_TIME,48,240,10,temperature | relative_humidity | temperature_bme280 | relative_humidity_bme280 | pressure | rh_bme280_saturated_fraction | hour_sin | hour_cos | day_of_year_sin | day_of_year_cos,0,data\processed\sample_indices\12min\SHT_MULTISENSOR_TIME\indices_12min_SHT_MULTISENSOR_TIME_hist_48h.csv,166f1d55d0e9bb6bba3a45ef8aaebc4eee5cf6f2ee2cea23725f610aa9a60a42
20min,SHT_BASE,6,18,2,temperature | relative_humidity,149,data\processed\sample_indices\20min\SHT_BASE\indices_20min_SHT_BASE_hist_06h.csv,8233f511f623c68f9b89d81f957eba096b4884cb15eb6bea27d43ac5c9685dd6
20min,SHT_BASE,12,36,2,temperature | relative_humidity,114,data\processed\sample_indices\20min\SHT_BASE\indices_20min_SHT_BASE_hist_12h.csv,528344c2dbb9517a46aa22ffde26991cc77bc6a026e6ea814462d5abc71f107e
20min,SHT_BASE,24,72,2,temperature | relative_humidity,37,data\processed\sample_indices\20min\SHT_BASE\indices_20min_SHT_BASE_hist_24h.csv,956bb60c09f69ec4c5063709d8e3a5b4206605159714b213ac72d7485fc49ef5
20min,SHT_BASE,48,144,2,temperature | relative_humidity,0,data\processed\sample_indices\20min\SHT_BASE\indices_20min_SHT_BASE_hist_48h.csv,166f1d55d0e9bb6bba3a45ef8aaebc4eee5cf6f2ee2cea23725f610aa9a60a42
20min,SHT_TIME,6,18,6,temperature | relative_humidity | hour_sin | hour_cos | day_of_year_sin | day_of_year_cos,149,data\processed\sample_indices\20min\SHT_TIME\indices_20min_SHT_TIME_hist_06h.csv,ede84607ba380ddf1724651df9ac1b2a8f596972bbebed361cbe813134c0ec19
20min,SHT_TIME,12,36,6,temperature | relative_humidity | hour_sin | hour_cos | day_of_year_sin | day_of_year_cos,114,data\processed\sample_indices\20min\SHT_TIME\indices_20min_SHT_TIME_hist_12h.csv,8dfaef11d05335014848caeb929f7190032be96a957daa2f4f375378fcceaa0a
20min,SHT_TIME,24,72,6,temperature | relative_humidity | hour_sin | hour_cos | day_of_year_sin | day_of_year_cos,37,data\processed\sample_indices\20min\SHT_TIME\indices_20min_SHT_TIME_hist_24h.csv,e5f747a8bc16a9a4914f839c9a5fd788ef0da5f9a01c20709656e70b2cae193d
20min,SHT_TIME,48,144,6,temperature | relative_humidity | hour_sin | hour_cos | day_of_year_sin | day_of_year_cos,0,data\processed\sample_indices\20min\SHT_TIME\indices_20min_SHT_TIME_hist_48h.csv,166f1d55d0e9bb6bba3a45ef8aaebc4eee5cf6f2ee2cea23725f610aa9a60a42
20min,SHT_AUX_TIME,6,18,8,temperature | relative_humidity | temperature_bme280 | pressure | hour_sin | hour_cos | day_of_year_sin | day_of_year_cos,149,data\processed\sample_indices\20min\SHT_AUX_TIME\indices_20min_SHT_AUX_TIME_hist_06h.csv,b6a3867870afa7fea4fec3360e7d3f20b97ff12981c295bddf48ea4e0dd843a4
20min,SHT_AUX_TIME,12,36,8,temperature | relative_humidity | temperature_bme280 | pressure | hour_sin | hour_cos | day_of_year_sin | day_of_year_cos,114,data\processed\sample_indices\20min\SHT_AUX_TIME\indices_20min_SHT_AUX_TIME_hist_12h.csv,f385d7272de21ad9d7c103864bf2760805bdcbd82feb3437b72b15f34030b735
20min,SHT_AUX_TIME,24,72,8,temperature | relative_humidity | temperature_bme280 | pressure | hour_sin | hour_cos | day_of_year_sin | day_of_year_cos,37,data\processed\sample_indices\20min\SHT_AUX_TIME\indices_20min_SHT_AUX_TIME_hist_24h.csv,0537233821f179dfe8e41345127cf9146428ef9578f4e870c7406b79eb94afe0
20min,SHT_AUX_TIME,48,144,8,temperature | relative_humidity | temperature_bme280 | pressure | hour_sin | hour_cos | day_of_year_sin | day_of_year_cos,0,data\processed\sample_indices\20min\SHT_AUX_TIME\indices_20min_SHT_AUX_TIME_hist_48h.csv,166f1d55d0e9bb6bba3a45ef8aaebc4eee5cf6f2ee2cea23725f610aa9a60a42
20min,SHT_MULTISENSOR_TIME,6,18,10,temperature | relative_humidity | temperature_bme280 | relative_humidity_bme280 | pressure | rh_bme280_saturated_fraction | hour_sin | hour_cos | day_of_year_sin | day_of_year_cos,76,data\processed\sample_indices\20min\SHT_MULTISENSOR_TIME\indices_20min_SHT_MULTISENSOR_TIME_hist_06h.csv,3463f88b826ec86867f4cbd8bd27d3aa873e19929fdbcf7c7521900556eb0c92
20min,SHT_MULTISENSOR_TIME,12,36,10,temperature | relative_humidity | temperature_bme280 | relative_humidity_bme280 | pressure | rh_bme280_saturated_fraction | hour_sin | hour_cos | day_of_year_sin | day_of_year_cos,41,data\processed\sample_indices\20min\SHT_MULTISENSOR_TIME\indices_20min_SHT_MULTISENSOR_TIME_hist_12h.csv,06aaa717daa4add0948e4de234a9ba2f52ea4d23af0247550db0fcc416aebd86
20min,SHT_MULTISENSOR_TIME,24,72,10,temperature | relative_humidity | temperature_bme280 | relative_humidity_bme280 | pressure | rh_bme280_saturated_fraction | hour_sin | hour_cos | day_of_year_sin | day_of_year_cos,6,data\processed\sample_indices\20min\SHT_MULTISENSOR_TIME\indices_20min_SHT_MULTISENSOR_TIME_hist_24h.csv,fd624e7d56e6a8657bc4e54e2228c11bed3235e29d8e69e655faced8ef7205f2
20min,SHT_MULTISENSOR_TIME,48,144,10,temperature | relative_humidity | temperature_bme280 | relative_humidity_bme280 | pressure | rh_bme280_saturated_fraction | hour_sin | hour_cos | day_of_year_sin | day_of_year_cos,0,data\processed\sample_indices\20min\SHT_MULTISENSOR_TIME\indices_20min_SHT_MULTISENSOR_TIME_hist_48h.csv,166f1d55d0e9bb6bba3a45ef8aaebc4eee5cf6f2ee2cea23725f610aa9a60a42
30min,SHT_BASE,6,12,2,temperature | relative_humidity,95,data\processed\sample_indices\30min\SHT_BASE\indices_30min_SHT_BASE_hist_06h.csv,44cbc42a883112ff7efa7f3754325ad0c83b5dcfbb7b6925b4d48153eae3aaa3
30min,SHT_BASE,12,24,2,temperature | relative_humidity,75,data\processed\sample_indices\30min\SHT_BASE\indices_30min_SHT_BASE_hist_12h.csv,e184ac3b4b0cfd26c6f46f8ea94a0a86e1b7acf3eee88567156bbe3500393a02
30min,SHT_BASE,24,48,2,temperature | relative_humidity,27,data\processed\sample_indices\30min\SHT_BASE\indices_30min_SHT_BASE_hist_24h.csv,e3489aa76d3c296bd78860b76828cdfaf1223f724de5bc641f7a6eab4ff3d749
30min,SHT_BASE,48,96,2,temperature | relative_humidity,0,data\processed\sample_indices\30min\SHT_BASE\indices_30min_SHT_BASE_hist_48h.csv,166f1d55d0e9bb6bba3a45ef8aaebc4eee5cf6f2ee2cea23725f610aa9a60a42
30min,SHT_TIME,6,12,6,temperature | relative_humidity | hour_sin | hour_cos | day_of_year_sin | day_of_year_cos,95,data\processed\sample_indices\30min\SHT_TIME\indices_30min_SHT_TIME_hist_06h.csv,6a3245284f978d559569a962b53407a99d67291b27bf09cf4681be7c5d84cde6
30min,SHT_TIME,12,24,6,temperature | relative_humidity | hour_sin | hour_cos | day_of_year_sin | day_of_year_cos,75,data\processed\sample_indices\30min\SHT_TIME\indices_30min_SHT_TIME_hist_12h.csv,0e4bcb4e0f42b31adec5b0bd865aa8450310899aba7464a753a7163b579a3022
30min,SHT_TIME,24,48,6,temperature | relative_humidity | hour_sin | hour_cos | day_of_year_sin | day_of_year_cos,27,data\processed\sample_indices\30min\SHT_TIME\indices_30min_SHT_TIME_hist_24h.csv,448852c21f099bdd438d1358c0bf93580ad29b71c221e6c7e60bb567c3f5c3ad
30min,SHT_TIME,48,96,6,temperature | relative_humidity | hour_sin | hour_cos | day_of_year_sin | day_of_year_cos,0,data\processed\sample_indices\30min\SHT_TIME\indices_30min_SHT_TIME_hist_48h.csv,166f1d55d0e9bb6bba3a45ef8aaebc4eee5cf6f2ee2cea23725f610aa9a60a42
30min,SHT_AUX_TIME,6,12,8,temperature | relative_humidity | temperature_bme280 | pressure | hour_sin | hour_cos | day_of_year_sin | day_of_year_cos,95,data\processed\sample_indices\30min\SHT_AUX_TIME\indices_30min_SHT_AUX_TIME_hist_06h.csv,cb4358cdf0743a9f87b82723e201920b629bf22abd40e68a2a217043bd64bcda
30min,SHT_AUX_TIME,12,24,8,temperature | relative_humidity | temperature_bme280 | pressure | hour_sin | hour_cos | day_of_year_sin | day_of_year_cos,75,data\processed\sample_indices\30min\SHT_AUX_TIME\indices_30min_SHT_AUX_TIME_hist_12h.csv,1a220d0075324881a82a79a9aa14d54f376d9a18a8664e60024f13e75ee7fc2f
30min,SHT_AUX_TIME,24,48,8,temperature | relative_humidity | temperature_bme280 | pressure | hour_sin | hour_cos | day_of_year_sin | day_of_year_cos,27,data\processed\sample_indices\30min\SHT_AUX_TIME\indices_30min_SHT_AUX_TIME_hist_24h.csv,c7f66ec2ed885a5aaf94fd554d19c143a6a8b83e469ec7b187afa8f246891fee
30min,SHT_AUX_TIME,48,96,8,temperature | relative_humidity | temperature_bme280 | pressure | hour_sin | hour_cos | day_of_year_sin | day_of_year_cos,0,data\processed\sample_indices\30min\SHT_AUX_TIME\indices_30min_SHT_AUX_TIME_hist_48h.csv,166f1d55d0e9bb6bba3a45ef8aaebc4eee5cf6f2ee2cea23725f610aa9a60a42
30min,SHT_MULTISENSOR_TIME,6,12,10,temperature | relative_humidity | temperature_bme280 | relative_humidity_bme280 | pressure | rh_bme280_saturated_fraction | hour_sin | hour_cos | day_of_year_sin | day_of_year_cos,50,data\processed\sample_indices\30min\SHT_MULTISENSOR_TIME\indices_30min_SHT_MULTISENSOR_TIME_hist_06h.csv,c40549b5c5ec251575862eb816242006823a017f79c6e9f963de0e34a30107ae
30min,SHT_MULTISENSOR_TIME,12,24,10,temperature | relative_humidity | temperature_bme280 | relative_humidity_bme280 | pressure | rh_bme280_saturated_fraction | hour_sin | hour_cos | day_of_year_sin | day_of_year_cos,32,data\processed\sample_indices\30min\SHT_MULTISENSOR_TIME\indices_30min_SHT_MULTISENSOR_TIME_hist_12h.csv,9b4d73d85b6a310ea0899fcf40a008a54e10b025722ee6ff08817757b7926fed
30min,SHT_MULTISENSOR_TIME,24,48,10,temperature | relative_humidity | temperature_bme280 | relative_humidity_bme280 | pressure | rh_bme280_saturated_fraction | hour_sin | hour_cos | day_of_year_sin | day_of_year_cos,6,data\processed\sample_indices\30min\SHT_MULTISENSOR_TIME\indices_30min_SHT_MULTISENSOR_TIME_hist_24h.csv,29be07fc713016193f4f3519c073b00e8ef7124bf2281e61334e88a4fbef944a
30min,SHT_MULTISENSOR_TIME,48,96,10,temperature | relative_humidity | temperature_bme280 | relative_humidity_bme280 | pressure | rh_bme280_saturated_fraction | hour_sin | hour_cos | day_of_year_sin | day_of_year_cos,0,data\processed\sample_indices\30min\SHT_MULTISENSOR_TIME\indices_30min_SHT_MULTISENSOR_TIME_hist_48h.csv,166f1d55d0e9bb6bba3a45ef8aaebc4eee5cf6f2ee2cea23725f610aa9a60a42
60min,SHT_BASE,6,6,2,temperature | relative_humidity,47,data\processed\sample_indices\60min\SHT_BASE\indices_60min_SHT_BASE_hist_06h.csv,79af8ab6d30de811fbfcc0e479d282e330879cd5addce1c70bb64c39e479d87b
60min,SHT_BASE,12,12,2,temperature | relative_humidity,40,data\processed\sample_indices\60min\SHT_BASE\indices_60min_SHT_BASE_hist_12h.csv,3a80f92269107082d382fff374e78636b7f3bee8709638be79d729761761fd56
60min,SHT_BASE,24,24,2,temperature | relative_humidity,12,data\processed\sample_indices\60min\SHT_BASE\indices_60min_SHT_BASE_hist_24h.csv,2d5a8b5bf43d99c784e5922fe880993109a31009ced0408ad79dac69ff7a4f3c
60min,SHT_BASE,48,48,2,temperature | relative_humidity,0,data\processed\sample_indices\60min\SHT_BASE\indices_60min_SHT_BASE_hist_48h.csv,166f1d55d0e9bb6bba3a45ef8aaebc4eee5cf6f2ee2cea23725f610aa9a60a42
60min,SHT_TIME,6,6,6,temperature | relative_humidity | hour_sin | hour_cos | day_of_year_sin | day_of_year_cos,47,data\processed\sample_indices\60min\SHT_TIME\indices_60min_SHT_TIME_hist_06h.csv,d8d02d6905567a4db2259a0e0b92aad2d9a6b9b8261f461b1202f1874d1d5ee4
60min,SHT_TIME,12,12,6,temperature | relative_humidity | hour_sin | hour_cos | day_of_year_sin | day_of_year_cos,40,data\processed\sample_indices\60min\SHT_TIME\indices_60min_SHT_TIME_hist_12h.csv,d511f2c3a17fe1e72c2b7c9ba4e8cada31af63dbf7160d7e0d6d101c8f37711f
60min,SHT_TIME,24,24,6,temperature | relative_humidity | hour_sin | hour_cos | day_of_year_sin | day_of_year_cos,12,data\processed\sample_indices\60min\SHT_TIME\indices_60min_SHT_TIME_hist_24h.csv,de91cdc38d63833d4c9dad30676d6f35f177d78738d47e95d055dd49f024319c
60min,SHT_TIME,48,48,6,temperature | relative_humidity | hour_sin | hour_cos | day_of_year_sin | day_of_year_cos,0,data\processed\sample_indices\60min\SHT_TIME\indices_60min_SHT_TIME_hist_48h.csv,166f1d55d0e9bb6bba3a45ef8aaebc4eee5cf6f2ee2cea23725f610aa9a60a42
60min,SHT_AUX_TIME,6,6,8,temperature | relative_humidity | temperature_bme280 | pressure | hour_sin | hour_cos | day_of_year_sin | day_of_year_cos,47,data\processed\sample_indices\60min\SHT_AUX_TIME\indices_60min_SHT_AUX_TIME_hist_06h.csv,1adea52bf5a4d0d19925cd2fb5bbfd2ec3f78520848e07dde3b54a1d36f667f4
60min,SHT_AUX_TIME,12,12,8,temperature | relative_humidity | temperature_bme280 | pressure | hour_sin | hour_cos | day_of_year_sin | day_of_year_cos,40,data\processed\sample_indices\60min\SHT_AUX_TIME\indices_60min_SHT_AUX_TIME_hist_12h.csv,5ec6385b9e98914524251047efde8e3ef0cfd8828c037aeda3f96b82689750d6
60min,SHT_AUX_TIME,24,24,8,temperature | relative_humidity | temperature_bme280 | pressure | hour_sin | hour_cos | day_of_year_sin | day_of_year_cos,12,data\processed\sample_indices\60min\SHT_AUX_TIME\indices_60min_SHT_AUX_TIME_hist_24h.csv,b691248630534a0a37f231f48150f8af77b565f92edfa3a493ad6489c82a1d10
60min,SHT_AUX_TIME,48,48,8,temperature | relative_humidity | temperature_bme280 | pressure | hour_sin | hour_cos | day_of_year_sin | day_of_year_cos,0,data\processed\sample_indices\60min\SHT_AUX_TIME\indices_60min_SHT_AUX_TIME_hist_48h.csv,166f1d55d0e9bb6bba3a45ef8aaebc4eee5cf6f2ee2cea23725f610aa9a60a42
60min,SHT_MULTISENSOR_TIME,6,6,10,temperature | relative_humidity | temperature_bme280 | relative_humidity_bme280 | pressure | rh_bme280_saturated_fraction | hour_sin | hour_cos | day_of_year_sin | day_of_year_cos,28,data\processed\sample_indices\60min\SHT_MULTISENSOR_TIME\indices_60min_SHT_MULTISENSOR_TIME_hist_06h.csv,64d50d16eeb500f8ad850436b7baabb52dfc677e4001cc0b287a91d418adfea8
60min,SHT_MULTISENSOR_TIME,12,12,10,temperature | relative_humidity | temperature_bme280 | relative_humidity_bme280 | pressure | rh_bme280_saturated_fraction | hour_sin | hour_cos | day_of_year_sin | day_of_year_cos,25,data\processed\sample_indices\60min\SHT_MULTISENSOR_TIME\indices_60min_SHT_MULTISENSOR_TIME_hist_12h.csv,fbcd69d34f51db64fed8dde4b1d55d78d58b989b4bf54666032c9b94dfc87065
60min,SHT_MULTISENSOR_TIME,24,24,10,temperature | relative_humidity | temperature_bme280 | relative_humidity_bme280 | pressure | rh_bme280_saturated_fraction | hour_sin | hour_cos | day_of_year_sin | day_of_year_cos,12,data\processed\sample_indices\60min\SHT_MULTISENSOR_TIME\indices_60min_SHT_MULTISENSOR_TIME_hist_24h.csv,bf6c98b2f34aa3e09ef6c729b639bfd943201e04bde8339d58dc6f87905fc986
60min,SHT_MULTISENSOR_TIME,48,48,10,temperature | relative_humidity | temperature_bme280 | relative_humidity_bme280 | pressure | rh_bme280_saturated_fraction | hour_sin | hour_cos | day_of_year_sin | day_of_year_cos,0,data\processed\sample_indices\60min\SHT_MULTISENSOR_TIME\indices_60min_SHT_MULTISENSOR_TIME_hist_48h.csv,166f1d55d0e9bb6bba3a45ef8aaebc4eee5cf6f2ee2cea23725f610aa9a60a42
