resolution,target,fold_id,fit_end_index,fit_end_timestamp,n_origins,parameters,aic,bic,fit_seconds
4min,relative_humidity,1,14590,2026-05-01 12:40:00,198,"{""order"": [2, 0, 0], ""seasonal_difference"": 1, ""trend"": ""c""}",28550.282624157677,28580.535336008412,0.3968905999790877
4min,relative_humidity,2,21901,2026-05-21 20:04:00,197,"{""order"": [2, 0, 0], ""seasonal_difference"": 1, ""trend"": ""c""}",43075.16108762294,43107.072126810584,0.5834371999371797
4min,relative_humidity,3,24931,2026-05-30 06:04:00,197,"{""order"": [2, 0, 0], ""seasonal_difference"": 1, ""trend"": ""c""}",48389.45418891031,48421.89164035945,0.6355248999316245
4min,relative_humidity,4,35141,2026-06-27 14:44:00,197,"{""order"": [2, 0, 0], ""seasonal_difference"": 1, ""trend"": ""c""}",64140.81292164123,64174.6403428035,0.9128730000229552
4min,temperature,1,14590,2026-05-01 12:40:00,198,"{""order"": [2, 0, 0], ""seasonal_difference"": 1, ""trend"": ""c""}",-162.12394010888306,-131.87122825814842,0.46017939993180335
4min,temperature,2,21901,2026-05-21 20:04:00,197,"{""order"": [2, 0, 0], ""seasonal_difference"": 1, ""trend"": ""c""}",-2186.6180706005707,-2154.707031412928,0.7451005999464542
4min,temperature,3,24931,2026-05-30 06:04:00,197,"{""order"": [2, 0, 0], ""seasonal_difference"": 1, ""trend"": ""c""}",-3859.641159373883,-3827.203707924748,0.8575798000674695
4min,temperature,4,35141,2026-06-27 14:44:00,197,"{""order"": [2, 0, 0], ""seasonal_difference"": 1, ""trend"": ""c""}",-12315.598768649481,-12281.771347487209,1.420533400028944
12min,relative_humidity,1,4856,2026-05-01 11:12:00,20,"{""order"": [1, 0, 1], ""seasonal_difference"": 1, ""trend"": ""c""}",14337.023153815524,14362.87579102722,0.23948969994671643
12min,relative_humidity,2,7161,2026-05-20 16:12:00,20,"{""order"": [1, 0, 1], ""seasonal_difference"": 1, ""trend"": ""c""}",21600.82929774314,21628.267887742,0.27786799997556955
12min,relative_humidity,3,8257,2026-05-29 19:24:00,19,"{""order"": [1, 0, 1], ""seasonal_difference"": 1, ""trend"": ""c""}",24822.90466205005,24850.921860964296,0.4197544000344351
12min,relative_humidity,4,8308,2026-05-30 05:36:00,19,"{""order"": [1, 0, 1], ""seasonal_difference"": 1, ""trend"": ""c""}",24932.47164195774,24960.513830234824,0.45091260003391653
12min,temperature,1,4856,2026-05-01 11:12:00,20,"{""order"": [2, 0, 0], ""seasonal_difference"": 1, ""trend"": ""c""}",5843.127958545301,5868.980595756996,0.5635444999206811
12min,temperature,2,7161,2026-05-20 16:12:00,20,"{""order"": [2, 0, 0], ""seasonal_difference"": 1, ""trend"": ""c""}",8121.669842883801,8149.108432882661,0.3266451000235975
12min,temperature,3,8257,2026-05-29 19:24:00,19,"{""order"": [2, 0, 0], ""seasonal_difference"": 1, ""trend"": ""c""}",8983.18034057473,9011.197539488978,0.4023516000015661
12min,temperature,4,8308,2026-05-30 05:36:00,19,"{""order"": [2, 0, 0], ""seasonal_difference"": 1, ""trend"": ""c""}",8991.581067565114,9019.623255842194,0.38417089998256415
20min,relative_humidity,1,2916,2026-05-01 12:00:00,28,"{""order"": [1, 0, 1], ""seasonal_difference"": 1, ""trend"": ""c""}",10275.778284728927,10299.59155811517,0.281205500010401
20min,relative_humidity,2,4949,2026-05-29 17:40:00,27,"{""order"": [1, 0, 1], ""seasonal_difference"": 1, ""trend"": ""c""}",17752.402905861607,17778.37286817671,0.3742056000046432
20min,relative_humidity,3,4980,2026-05-30 04:00:00,27,"{""order"": [1, 0, 1], ""seasonal_difference"": 1, ""trend"": ""c""}",17837.699357816535,17863.694659952766,0.35420270008035004
20min,relative_humidity,4,7028,2026-06-27 14:40:00,27,"{""order"": [1, 0, 1], ""seasonal_difference"": 1, ""trend"": ""c""}",24710.69848876133,24738.088503265022,0.5440560999559239
20min,temperature,1,2916,2026-05-01 12:00:00,28,"{""order"": [2, 0, 0], ""seasonal_difference"": 1, ""trend"": ""c""}",5286.962386572759,5310.775659959001,0.29629620001651347
20min,temperature,2,4949,2026-05-29 17:40:00,27,"{""order"": [2, 0, 0], ""seasonal_difference"": 1, ""trend"": ""c""}",8430.998055643227,8456.96801795833,0.4193113000364974
20min,temperature,3,4980,2026-05-30 04:00:00,27,"{""order"": [2, 0, 0], ""seasonal_difference"": 1, ""trend"": ""c""}",8455.655666767343,8481.650968903576,0.4528715000487864
20min,temperature,4,7028,2026-06-27 14:40:00,27,"{""order"": [2, 0, 0], ""seasonal_difference"": 1, ""trend"": ""c""}",11026.122915434586,11053.51292993828,0.3251878999872133
30min,relative_humidity,1,1953,2026-05-01 16:30:00,20,"{""order"": [1, 0, 1], ""seasonal_difference"": 1, ""trend"": ""c""}",7494.065496301477,7516.276544638334,0.2955494999187067
30min,relative_humidity,2,3307,2026-05-29 21:30:00,20,"{""order"": [1, 0, 1], ""seasonal_difference"": 1, ""trend"": ""c""}",13135.33130645274,13159.689236350183,0.300686200032942
30min,relative_humidity,3,3342,2026-05-30 15:00:00,19,"{""order"": [1, 0, 1], ""seasonal_difference"": 1, ""trend"": ""c""}",13248.859976632299,13273.260622420044,0.28935350000392646
30min,relative_humidity,4,4692,2026-06-27 18:00:00,19,"{""order"": [1, 0, 1], ""seasonal_difference"": 1, ""trend"": ""c""}",18444.963289717045,18470.737476322036,0.37574410007800907
30min,temperature,1,1953,2026-05-01 16:30:00,20,"{""order"": [2, 0, 0], ""seasonal_difference"": 1, ""trend"": ""c""}",4283.071276499736,4305.282324836593,0.1405213000252843
30min,temperature,2,3307,2026-05-29 21:30:00,20,"{""order"": [2, 0, 0], ""seasonal_difference"": 1, ""trend"": ""c""}",7043.355621039368,7067.713550936811,0.22703130007721484
30min,temperature,3,3342,2026-05-30 15:00:00,19,"{""order"": [2, 0, 0], ""seasonal_difference"": 1, ""trend"": ""c""}",7093.698415461391,7118.099061249138,0.3465838000411168
30min,temperature,4,4692,2026-06-27 18:00:00,19,"{""order"": [2, 0, 0], ""seasonal_difference"": 1, ""trend"": ""c""}",9488.70343884382,9514.477625448812,0.18973630003165454
60min,relative_humidity,1,690,2026-04-19 18:00:00,13,"{""order"": [1, 0, 1], ""seasonal_difference"": 1, ""trend"": ""c""}",3089.972353819366,3107.9835140030286,0.07396439998410642
60min,relative_humidity,2,973,2026-05-01 13:00:00,12,"{""order"": [1, 0, 1], ""seasonal_difference"": 1, ""trend"": ""c""}",4372.724693237253,4392.150541175631,0.11228240001946688
60min,relative_humidity,3,1651,2026-05-29 19:00:00,12,"{""order"": [1, 0, 1], ""seasonal_difference"": 1, ""trend"": ""c""}",7803.708165549653,7825.288595735903,0.09555509989149868
60min,relative_humidity,4,1674,2026-05-30 18:00:00,12,"{""order"": [1, 0, 1], ""seasonal_difference"": 1, ""trend"": ""c""}",7895.719132854229,7917.35567862991,0.09633109997957945
60min,temperature,1,690,2026-04-19 18:00:00,13,"{""order"": [2, 0, 0], ""seasonal_difference"": 1, ""trend"": ""c""}",1908.8453231198705,1926.856483303533,0.058671999955549836
60min,temperature,2,973,2026-05-01 13:00:00,12,"{""order"": [2, 0, 0], ""seasonal_difference"": 1, ""trend"": ""c""}",2623.016861778719,2642.4427097170974,0.08446909999474883
60min,temperature,3,1651,2026-05-29 19:00:00,12,"{""order"": [2, 0, 0], ""seasonal_difference"": 1, ""trend"": ""c""}",4547.441536764102,4569.021966950352,0.19097529991995543
60min,temperature,4,1674,2026-05-30 18:00:00,12,"{""order"": [2, 0, 0], ""seasonal_difference"": 1, ""trend"": ""c""}",4597.27926319912,4618.9158089748,0.20419069996569306
