resolution,resolution_minutes,target,corrector,candidate_id,parameters,mean_validation_nrmse,mean_validation_rmse,mean_validation_r2,minimum_validation_r2,fit_seconds,inference_seconds
4min,4,temperature,HIST_GRADIENT_BOOSTING,1,"{""l2_regularization"": 0.1, ""learning_rate"": 0.05, ""max_iter"": 180, ""max_leaf_nodes"": 31}",0.2818539790454026,1.3740158320667595,0.8754112164530794,0.8185234937980392,5.370746599975973,1.7544964000117034
4min,4,temperature,HIST_GRADIENT_BOOSTING,2,"{""l2_regularization"": 1.0, ""learning_rate"": 0.04, ""max_iter"": 260, ""max_leaf_nodes"": 63}",0.28509197018115495,1.3898007824857097,0.8722594379147125,0.8036122691184688,6.129734899965115,2.0108510000864044
4min,4,temperature,HIST_GRADIENT_BOOSTING,3,"{""l2_regularization"": 5.0, ""learning_rate"": 0.08, ""max_iter"": 180, ""max_leaf_nodes"": 31}",0.2822966180669504,1.3761736622508751,0.875164107855108,0.8111793333851834,5.269092199974693,0.11583390005398542
4min,4,temperature,EXTRA_TREES,1,"{""max_depth"": null, ""max_features"": 0.7, ""min_samples_leaf"": 1, ""n_estimators"": 250}",0.26768918938678526,1.3049636039777581,0.8895962745230612,0.8379984442380792,0.3738175999606028,0.04145809996407479
4min,4,temperature,EXTRA_TREES,2,"{""max_depth"": 20, ""max_features"": 0.85, ""min_samples_leaf"": 2, ""n_estimators"": 320}",0.2745928862454171,1.3386185795636154,0.8842140423686496,0.8319175742571655,0.3474260000512004,0.051057999953627586
4min,4,temperature,EXTRA_TREES,3,"{""max_depth"": 14, ""max_features"": 1.0, ""min_samples_leaf"": 4, ""n_estimators"": 320}",0.27777855199812757,1.354148447883097,0.8811938647307211,0.8243594575052027,0.34705350000876933,0.05253830004949123
4min,4,temperature,XGBOOST,1,"{""colsample_bytree"": 0.85, ""learning_rate"": 0.04, ""max_depth"": 5, ""min_child_weight"": 1, ""n_estimators"": 260, ""reg_lambda"": 1.0, ""subsample"": 0.85}",0.28359305223074843,1.3824936761542579,0.8761305860548153,0.8311446639908604,2.2618751999689266,0.053972800029441714
4min,4,temperature,XGBOOST,2,"{""colsample_bytree"": 0.8, ""learning_rate"": 0.03, ""max_depth"": 6, ""min_child_weight"": 2, ""n_estimators"": 360, ""reg_lambda"": 3.0, ""subsample"": 0.85}",0.2786382573412606,1.358339443363728,0.879847112669443,0.8175402095023061,4.1093851999612525,0.06410479999613017
4min,4,temperature,XGBOOST,3,"{""colsample_bytree"": 0.9, ""learning_rate"": 0.07, ""max_depth"": 4, ""min_child_weight"": 3, ""n_estimators"": 220, ""reg_lambda"": 5.0, ""subsample"": 0.9}",0.27559332169071094,1.343495623149979,0.8833507113864525,0.8298426703936786,1.097616899991408,0.02245229994878173
4min,4,temperature,RANDOM_FOREST,1,"{""max_depth"": null, ""max_features"": 0.7, ""min_samples_leaf"": 1, ""n_estimators"": 240}",0.33296371321312035,1.6231717395228513,0.8292514628612287,0.7660702616884413,0.9071652001002803,0.039445299888029695
4min,4,temperature,RANDOM_FOREST,2,"{""max_depth"": 20, ""max_features"": 0.85, ""min_samples_leaf"": 2, ""n_estimators"": 300}",0.34520030108155964,1.6828241365500485,0.8155381825555748,0.7514885870576793,1.1616429999703541,0.03921790001913905
4min,4,temperature,RANDOM_FOREST,3,"{""max_depth"": 14, ""max_features"": 1.0, ""min_samples_leaf"": 4, ""n_estimators"": 300}",0.34923807247384825,1.7025079523970372,0.8104758203116036,0.7482448962913135,1.2558947999496013,0.051252700039185584
4min,4,relative_humidity,HIST_GRADIENT_BOOSTING,1,"{""l2_regularization"": 0.1, ""learning_rate"": 0.05, ""max_iter"": 180, ""max_leaf_nodes"": 31}",0.2831480505998908,3.705688881055824,0.8978258957074127,0.8557859075703046,2.8780213999561965,0.10244789998978376
4min,4,relative_humidity,HIST_GRADIENT_BOOSTING,2,"{""l2_regularization"": 1.0, ""learning_rate"": 0.04, ""max_iter"": 260, ""max_leaf_nodes"": 63}",0.28623293291751223,3.746062156024718,0.8955833933998931,0.8516066553345842,4.374641999951564,0.1359017000067979
4min,4,relative_humidity,HIST_GRADIENT_BOOSTING,3,"{""l2_regularization"": 5.0, ""learning_rate"": 0.08, ""max_iter"": 180, ""max_leaf_nodes"": 31}",0.2829736747646084,3.7034067442282463,0.8980474733452759,0.8578263794941237,3.009711900027469,0.10718990000896156
4min,4,relative_humidity,EXTRA_TREES,1,"{""max_depth"": null, ""max_features"": 0.7, ""min_samples_leaf"": 1, ""n_estimators"": 250}",0.26995432819858145,3.5330165624624783,0.9061612657341781,0.8508536931823333,0.3695076999720186,0.04131210001651198
4min,4,relative_humidity,EXTRA_TREES,2,"{""max_depth"": 20, ""max_features"": 0.85, ""min_samples_leaf"": 2, ""n_estimators"": 320}",0.2730605602005183,3.573669250578006,0.9041588022236597,0.849820504426725,0.3584240999771282,0.05012299993541092
4min,4,relative_humidity,EXTRA_TREES,3,"{""max_depth"": 14, ""max_features"": 1.0, ""min_samples_leaf"": 4, ""n_estimators"": 320}",0.2763640762132625,3.6169038853596334,0.9017275937969598,0.843062869646251,0.29359000001568347,0.05080409999936819
4min,4,relative_humidity,XGBOOST,1,"{""colsample_bytree"": 0.85, ""learning_rate"": 0.04, ""max_depth"": 5, ""min_child_weight"": 1, ""n_estimators"": 260, ""reg_lambda"": 1.0, ""subsample"": 0.85}",0.2801008866060517,3.665809243153321,0.9002906084575534,0.8626266473862884,2.471234100055881,0.022809699992649257
4min,4,relative_humidity,XGBOOST,2,"{""colsample_bytree"": 0.8, ""learning_rate"": 0.03, ""max_depth"": 6, ""min_child_weight"": 2, ""n_estimators"": 360, ""reg_lambda"": 3.0, ""subsample"": 0.85}",0.27581297173366415,3.6096913273426487,0.9028335472122374,0.8589171103985506,3.974093799944967,0.03339960006996989
4min,4,relative_humidity,XGBOOST,3,"{""colsample_bytree"": 0.9, ""learning_rate"": 0.07, ""max_depth"": 4, ""min_child_weight"": 3, ""n_estimators"": 220, ""reg_lambda"": 5.0, ""subsample"": 0.9}",0.27807287703489303,3.639267748332518,0.9016564842926859,0.8641172486964267,1.1200455999933183,0.023258800036273897
4min,4,relative_humidity,RANDOM_FOREST,1,"{""max_depth"": null, ""max_features"": 0.7, ""min_samples_leaf"": 1, ""n_estimators"": 240}",0.2869775183541152,3.755806888392007,0.8938739880992718,0.8337553830719363,1.0044594999635592,0.03911320003680885
4min,4,relative_humidity,RANDOM_FOREST,2,"{""max_depth"": 20, ""max_features"": 0.85, ""min_samples_leaf"": 2, ""n_estimators"": 300}",0.2886225279676327,3.777335886459013,0.892628759206904,0.8328758691233602,1.5177934999810532,0.04013500001747161
4min,4,relative_humidity,RANDOM_FOREST,3,"{""max_depth"": 14, ""max_features"": 1.0, ""min_samples_leaf"": 4, ""n_estimators"": 300}",0.28957610185939536,3.789815746943603,0.8919024197825456,0.8319697702057796,1.6835612999275327,0.05047829996328801
12min,12,temperature,HIST_GRADIENT_BOOSTING,1,"{""l2_regularization"": 0.1, ""learning_rate"": 0.05, ""max_iter"": 180, ""max_leaf_nodes"": 31}",0.26849192017045004,1.3086195833194196,0.8931969767988697,0.8341329337445669,0.21268170000985265,0.07018299994524568
12min,12,temperature,HIST_GRADIENT_BOOSTING,2,"{""l2_regularization"": 1.0, ""learning_rate"": 0.04, ""max_iter"": 260, ""max_leaf_nodes"": 63}",0.2680117292977944,1.306279150954492,0.893692717772695,0.8395577764100246,0.31502820004243404,0.10025419993326068
12min,12,temperature,HIST_GRADIENT_BOOSTING,3,"{""l2_regularization"": 5.0, ""learning_rate"": 0.08, ""max_iter"": 180, ""max_leaf_nodes"": 31}",0.2698454421718464,1.3152165989627822,0.8923696088590851,0.8462392080703964,0.21960980002768338,0.06917949998751283
12min,12,temperature,EXTRA_TREES,1,"{""max_depth"": null, ""max_features"": 0.7, ""min_samples_leaf"": 1, ""n_estimators"": 250}",0.2824055108502468,1.3764339042357199,0.8804335706267687,0.8069268872304488,0.1301274000434205,0.038509199977852404
12min,12,temperature,EXTRA_TREES,2,"{""max_depth"": 20, ""max_features"": 0.85, ""min_samples_leaf"": 2, ""n_estimators"": 320}",0.2798454283883104,1.3639561580060542,0.8822649757780577,0.8034567516750489,0.14687509997747838,0.03804879996459931
12min,12,temperature,EXTRA_TREES,3,"{""max_depth"": 14, ""max_features"": 1.0, ""min_samples_leaf"": 4, ""n_estimators"": 320}",0.2755221392442726,1.3428846083123107,0.885142231161973,0.7983384344911937,0.15328009997028857,0.038121100049465895
12min,12,temperature,XGBOOST,1,"{""colsample_bytree"": 0.85, ""learning_rate"": 0.04, ""max_depth"": 5, ""min_child_weight"": 1, ""n_estimators"": 260, ""reg_lambda"": 1.0, ""subsample"": 0.85}",0.3005443547897809,1.464841951610032,0.8599154480460258,0.7513629496667125,0.4535118999192491,0.0228227999759838
12min,12,temperature,XGBOOST,2,"{""colsample_bytree"": 0.8, ""learning_rate"": 0.03, ""max_depth"": 6, ""min_child_weight"": 2, ""n_estimators"": 360, ""reg_lambda"": 3.0, ""subsample"": 0.85}",0.29355889128895873,1.430795063607087,0.8663861033442934,0.7590620460891662,0.6816480000270531,0.02218540001194924
12min,12,temperature,XGBOOST,3,"{""colsample_bytree"": 0.9, ""learning_rate"": 0.07, ""max_depth"": 4, ""min_child_weight"": 3, ""n_estimators"": 220, ""reg_lambda"": 5.0, ""subsample"": 0.9}",0.29704199966835476,1.4477716036579307,0.8631598147128706,0.758431447166204,0.2531480999896303,0.023208900005556643
12min,12,temperature,RANDOM_FOREST,1,"{""max_depth"": null, ""max_features"": 0.7, ""min_samples_leaf"": 1, ""n_estimators"": 240}",0.29053434167897785,1.4160535218585328,0.8705999726522428,0.766709227004792,0.18441940005868673,0.03950650000479072
12min,12,temperature,RANDOM_FOREST,2,"{""max_depth"": 20, ""max_features"": 0.85, ""min_samples_leaf"": 2, ""n_estimators"": 300}",0.2875331075419092,1.4014256188534762,0.873201687414507,0.7685000844164329,0.20609590003732592,0.03802420001011342
12min,12,temperature,RANDOM_FOREST,3,"{""max_depth"": 14, ""max_features"": 1.0, ""min_samples_leaf"": 4, ""n_estimators"": 300}",0.2842341990926105,1.38534686237697,0.8756026012717638,0.7650753119875127,0.21482720004860312,0.03847769997082651
12min,12,relative_humidity,HIST_GRADIENT_BOOSTING,1,"{""l2_regularization"": 0.1, ""learning_rate"": 0.05, ""max_iter"": 180, ""max_leaf_nodes"": 31}",0.30898725508123553,4.042986012635316,0.880702893577112,0.8316644676416656,0.17942539998330176,0.08349740004632622
12min,12,relative_humidity,HIST_GRADIENT_BOOSTING,2,"{""l2_regularization"": 1.0, ""learning_rate"": 0.04, ""max_iter"": 260, ""max_leaf_nodes"": 63}",0.30996030657612683,4.055718038046478,0.8799670016630454,0.8319463573501622,0.37824680004268885,0.12779180007055402
12min,12,relative_humidity,HIST_GRADIENT_BOOSTING,3,"{""l2_regularization"": 5.0, ""learning_rate"": 0.08, ""max_iter"": 180, ""max_leaf_nodes"": 31}",0.3119793678673316,4.082136721745416,0.8784984864909404,0.8303723718066885,0.20643849996849895,0.09451500000432134
12min,12,relative_humidity,EXTRA_TREES,1,"{""max_depth"": null, ""max_features"": 0.7, ""min_samples_leaf"": 1, ""n_estimators"": 250}",0.3023758817107779,3.956478593246634,0.8830213637625692,0.7967066438681774,0.13426189997699112,0.03906900004949421
12min,12,relative_humidity,EXTRA_TREES,2,"{""max_depth"": 20, ""max_features"": 0.85, ""min_samples_leaf"": 2, ""n_estimators"": 320}",0.30043835266563357,3.9311267293759595,0.8843167613815586,0.7968620161872246,0.15465720009524375,0.060927300015464425
12min,12,relative_humidity,EXTRA_TREES,3,"{""max_depth"": 14, ""max_features"": 1.0, ""min_samples_leaf"": 4, ""n_estimators"": 320}",0.28734552245966455,3.759811801274394,0.8946704543267114,0.8186533012020469,0.1602935999399051,0.04031850001774728
12min,12,relative_humidity,XGBOOST,1,"{""colsample_bytree"": 0.85, ""learning_rate"": 0.04, ""max_depth"": 5, ""min_child_weight"": 1, ""n_estimators"": 260, ""reg_lambda"": 1.0, ""subsample"": 0.85}",0.31812892701976137,4.162601469816045,0.8686045134989254,0.7555486207415805,0.45733939995989203,0.022790900082327425
12min,12,relative_humidity,XGBOOST,2,"{""colsample_bytree"": 0.8, ""learning_rate"": 0.03, ""max_depth"": 6, ""min_child_weight"": 2, ""n_estimators"": 360, ""reg_lambda"": 3.0, ""subsample"": 0.85}",0.3120075697321922,4.082505732904569,0.8734881030009235,0.7619627696187189,0.6195733000058681,0.023262999951839447
12min,12,relative_humidity,XGBOOST,3,"{""colsample_bytree"": 0.9, ""learning_rate"": 0.07, ""max_depth"": 4, ""min_child_weight"": 3, ""n_estimators"": 220, ""reg_lambda"": 5.0, ""subsample"": 0.9}",0.32012599168191513,4.1887323356127375,0.8673490254549423,0.7603722138863828,0.23315049998927861,0.023016099934466183
12min,12,relative_humidity,RANDOM_FOREST,1,"{""max_depth"": null, ""max_features"": 0.7, ""min_samples_leaf"": 1, ""n_estimators"": 240}",0.2975260562865605,3.8930203889634867,0.8859745754133377,0.7938628034420494,0.19027400005143136,0.040725399972870946
12min,12,relative_humidity,RANDOM_FOREST,2,"{""max_depth"": 20, ""max_features"": 0.85, ""min_samples_leaf"": 2, ""n_estimators"": 300}",0.29385847368342793,3.845031402619208,0.8886279628660995,0.7966298819328209,0.19441819994244725,0.03929920005612075
12min,12,relative_humidity,RANDOM_FOREST,3,"{""max_depth"": 14, ""max_features"": 1.0, ""min_samples_leaf"": 4, ""n_estimators"": 300}",0.28922857121180723,3.7844508102976673,0.8924888869259601,0.8063252786737886,0.22631219995673746,0.04011139995418489
20min,20,temperature,HIST_GRADIENT_BOOSTING,1,"{""l2_regularization"": 0.1, ""learning_rate"": 0.05, ""max_iter"": 180, ""max_leaf_nodes"": 31}",0.27023685731919406,1.315266651459392,0.8806432353733458,0.7869792229867896,0.31621049996465445,0.08737990004010499
20min,20,temperature,HIST_GRADIENT_BOOSTING,2,"{""l2_regularization"": 1.0, ""learning_rate"": 0.04, ""max_iter"": 260, ""max_leaf_nodes"": 63}",0.2699275701771268,1.3137613236232053,0.88139679255397,0.7939763544865633,0.44497189996764064,0.12197530001867563
20min,20,temperature,HIST_GRADIENT_BOOSTING,3,"{""l2_regularization"": 5.0, ""learning_rate"": 0.08, ""max_iter"": 180, ""max_leaf_nodes"": 31}",0.2698007987090992,1.3131443156920615,0.8818648637885401,0.7962366261409329,0.3195730000734329,0.0752061998937279
20min,20,temperature,EXTRA_TREES,1,"{""max_depth"": null, ""max_features"": 0.7, ""min_samples_leaf"": 1, ""n_estimators"": 250}",0.26421891799045305,1.2859768092516362,0.8877864041716347,0.823699380138983,0.11436050001066178,0.0392877000849694
20min,20,temperature,EXTRA_TREES,2,"{""max_depth"": 20, ""max_features"": 0.85, ""min_samples_leaf"": 2, ""n_estimators"": 320}",0.2663778087428962,1.296484321213554,0.8850490445881609,0.8145443071713349,0.15031219995580614,0.03890110005158931
20min,20,temperature,EXTRA_TREES,3,"{""max_depth"": 14, ""max_features"": 1.0, ""min_samples_leaf"": 4, ""n_estimators"": 320}",0.2630431103233205,1.2802540494902503,0.8876389881194007,0.8180610809020064,0.1517974000889808,0.03917420003563166
20min,20,temperature,XGBOOST,1,"{""colsample_bytree"": 0.85, ""learning_rate"": 0.04, ""max_depth"": 5, ""min_child_weight"": 1, ""n_estimators"": 260, ""reg_lambda"": 1.0, ""subsample"": 0.85}",0.26558904121648025,1.2926453199998018,0.884584479206705,0.7886340138974077,0.5972690999042243,0.023129999986849725
20min,20,temperature,XGBOOST,2,"{""colsample_bytree"": 0.8, ""learning_rate"": 0.03, ""max_depth"": 6, ""min_child_weight"": 2, ""n_estimators"": 360, ""reg_lambda"": 3.0, ""subsample"": 0.85}",0.2787525655992803,1.3567133557523021,0.8763950515072632,0.8041993919661243,0.9227887999732047,0.0229085999308154
20min,20,temperature,XGBOOST,3,"{""colsample_bytree"": 0.9, ""learning_rate"": 0.07, ""max_depth"": 4, ""min_child_weight"": 3, ""n_estimators"": 220, ""reg_lambda"": 5.0, ""subsample"": 0.9}",0.2724662552896334,1.3261173282783822,0.880083701337934,0.7953384410786298,0.31583670002873987,0.02257210004609078
20min,20,temperature,RANDOM_FOREST,1,"{""max_depth"": null, ""max_features"": 0.7, ""min_samples_leaf"": 1, ""n_estimators"": 240}",0.2510800934842127,1.2220289899798056,0.8981807684473293,0.8414158652789081,0.21233210002537817,0.051213899976573884
20min,20,temperature,RANDOM_FOREST,2,"{""max_depth"": 20, ""max_features"": 0.85, ""min_samples_leaf"": 2, ""n_estimators"": 300}",0.2515600575272594,1.22436501736697,0.8973620767252063,0.8357990093613963,0.27561200002674013,0.05048770003486425
20min,20,temperature,RANDOM_FOREST,3,"{""max_depth"": 14, ""max_features"": 1.0, ""min_samples_leaf"": 4, ""n_estimators"": 300}",0.25395095029791515,1.236001703641576,0.8954009171996579,0.8335567234227289,0.32304280006792396,0.06714539998210967
20min,20,relative_humidity,HIST_GRADIENT_BOOSTING,1,"{""l2_regularization"": 0.1, ""learning_rate"": 0.05, ""max_iter"": 180, ""max_leaf_nodes"": 31}",0.3201565710998452,4.184861395506338,0.865904006037832,0.7792842137333079,0.489373299991712,0.1374498000368476
20min,20,relative_humidity,HIST_GRADIENT_BOOSTING,2,"{""l2_regularization"": 1.0, ""learning_rate"": 0.04, ""max_iter"": 260, ""max_leaf_nodes"": 63}",0.32255790809069596,4.216249982771906,0.8639429738738289,0.7764903084566097,0.5670027000596747,0.11796559998765588
20min,20,relative_humidity,HIST_GRADIENT_BOOSTING,3,"{""l2_regularization"": 5.0, ""learning_rate"": 0.08, ""max_iter"": 180, ""max_leaf_nodes"": 31}",0.3249636611866089,4.247696294255127,0.8624072727662631,0.7727946672378878,0.3892351998947561,0.07734070008154958
20min,20,relative_humidity,EXTRA_TREES,1,"{""max_depth"": null, ""max_features"": 0.7, ""min_samples_leaf"": 1, ""n_estimators"": 250}",0.2750489910522751,3.5952468524179255,0.902095714442965,0.8588466624511131,0.14014409994706511,0.03852049994748086
20min,20,relative_humidity,EXTRA_TREES,2,"{""max_depth"": 20, ""max_features"": 0.85, ""min_samples_leaf"": 2, ""n_estimators"": 320}",0.2882410602143673,3.7676842969271376,0.8901846151248045,0.8376941913667231,0.14668130001518875,0.039772699936293066
20min,20,relative_humidity,EXTRA_TREES,3,"{""max_depth"": 14, ""max_features"": 1.0, ""min_samples_leaf"": 4, ""n_estimators"": 320}",0.2850610648006261,3.726117634718282,0.8925856756587444,0.8434636869043529,0.1559046000475064,0.04881760000716895
20min,20,relative_humidity,XGBOOST,1,"{""colsample_bytree"": 0.85, ""learning_rate"": 0.04, ""max_depth"": 5, ""min_child_weight"": 1, ""n_estimators"": 260, ""reg_lambda"": 1.0, ""subsample"": 0.85}",0.30781756731873455,4.023574621334607,0.878934925286419,0.8260667070113937,0.6389148000162095,0.02289649995509535
20min,20,relative_humidity,XGBOOST,2,"{""colsample_bytree"": 0.8, ""learning_rate"": 0.03, ""max_depth"": 6, ""min_child_weight"": 2, ""n_estimators"": 360, ""reg_lambda"": 3.0, ""subsample"": 0.85}",0.2999502256357962,3.920738267293574,0.8845507604730846,0.8406358600928336,1.054193599964492,0.02320459997281432
20min,20,relative_humidity,XGBOOST,3,"{""colsample_bytree"": 0.9, ""learning_rate"": 0.07, ""max_depth"": 4, ""min_child_weight"": 3, ""n_estimators"": 220, ""reg_lambda"": 5.0, ""subsample"": 0.9}",0.30602494366073973,4.000142706389858,0.8775912173812745,0.8119013025024877,0.3563842000439763,0.022591899964027107
20min,20,relative_humidity,RANDOM_FOREST,1,"{""max_depth"": null, ""max_features"": 0.7, ""min_samples_leaf"": 1, ""n_estimators"": 240}",0.28313766424976367,3.700976296260826,0.8952641156142174,0.8539287160254476,0.19333030004054308,0.03958849993068725
20min,20,relative_humidity,RANDOM_FOREST,2,"{""max_depth"": 20, ""max_features"": 0.85, ""min_samples_leaf"": 2, ""n_estimators"": 300}",0.28597547931107886,3.738070217703347,0.8917250858236804,0.839095953730197,0.22653420001734048,0.040036399965174496
20min,20,relative_humidity,RANDOM_FOREST,3,"{""max_depth"": 14, ""max_features"": 1.0, ""min_samples_leaf"": 4, ""n_estimators"": 300}",0.28693103871313036,3.7505606177567357,0.8909850916135904,0.8375826831919888,0.21494020009413362,0.039672299986705184
30min,30,temperature,HIST_GRADIENT_BOOSTING,1,"{""l2_regularization"": 0.1, ""learning_rate"": 0.05, ""max_iter"": 180, ""max_leaf_nodes"": 31}",0.2712418367148733,1.3197171141990438,0.8776479121297924,0.81139868476829,0.18941130000166595,0.07103240001015365
30min,30,temperature,HIST_GRADIENT_BOOSTING,2,"{""l2_regularization"": 1.0, ""learning_rate"": 0.04, ""max_iter"": 260, ""max_leaf_nodes"": 63}",0.27241354303461696,1.3254180079170226,0.8765385108426154,0.8082731832816807,0.3984706000192091,0.09469289996195585
30min,30,temperature,HIST_GRADIENT_BOOSTING,3,"{""l2_regularization"": 5.0, ""learning_rate"": 0.08, ""max_iter"": 180, ""max_leaf_nodes"": 31}",0.2724543904978306,1.3256167497369702,0.8764981490787829,0.8057872753476389,0.19110159995034337,0.0819274999666959
30min,30,temperature,EXTRA_TREES,1,"{""max_depth"": null, ""max_features"": 0.7, ""min_samples_leaf"": 1, ""n_estimators"": 250}",0.2825588168216789,1.374779461913866,0.8718409169526145,0.8143865771019778,0.11492409999482334,0.04027549992315471
30min,30,temperature,EXTRA_TREES,2,"{""max_depth"": 20, ""max_features"": 0.85, ""min_samples_leaf"": 2, ""n_estimators"": 320}",0.281766189215678,1.370922961642761,0.8702358801785792,0.8049883071003225,0.14128209999762475,0.03802939993329346
30min,30,temperature,EXTRA_TREES,3,"{""max_depth"": 14, ""max_features"": 1.0, ""min_samples_leaf"": 4, ""n_estimators"": 320}",0.2763955530276637,1.344792330110024,0.8741651609035802,0.8100494900097132,0.13785199995618314,0.0386850000359118
30min,30,temperature,XGBOOST,1,"{""colsample_bytree"": 0.85, ""learning_rate"": 0.04, ""max_depth"": 5, ""min_child_weight"": 1, ""n_estimators"": 260, ""reg_lambda"": 1.0, ""subsample"": 0.85}",0.2954337561751825,1.4374220026623077,0.8559546460626059,0.7410291442523608,0.46443459996953607,0.024773199926130474
30min,30,temperature,XGBOOST,2,"{""colsample_bytree"": 0.8, ""learning_rate"": 0.03, ""max_depth"": 6, ""min_child_weight"": 2, ""n_estimators"": 360, ""reg_lambda"": 3.0, ""subsample"": 0.85}",0.28926832788956625,1.4074243396047175,0.8645054404080827,0.7665240457544327,0.6484722999157384,0.02271190006285906
30min,30,temperature,XGBOOST,3,"{""colsample_bytree"": 0.9, ""learning_rate"": 0.07, ""max_depth"": 4, ""min_child_weight"": 3, ""n_estimators"": 220, ""reg_lambda"": 5.0, ""subsample"": 0.9}",0.2874622930309085,1.3986371438657494,0.8662002611569676,0.7700155874874763,0.24095720006152987,0.023298899992369115
30min,30,temperature,RANDOM_FOREST,1,"{""max_depth"": null, ""max_features"": 0.7, ""min_samples_leaf"": 1, ""n_estimators"": 240}",0.27185129155738724,1.32268239417111,0.8794756769736561,0.8185398052306566,0.1941346999956295,0.039144700043834746
30min,30,temperature,RANDOM_FOREST,2,"{""max_depth"": 20, ""max_features"": 0.85, ""min_samples_leaf"": 2, ""n_estimators"": 300}",0.2685825247466542,1.306778330274858,0.8817443321080632,0.8198946860872529,0.21766149997711182,0.04151789995376021
30min,30,temperature,RANDOM_FOREST,3,"{""max_depth"": 14, ""max_features"": 1.0, ""min_samples_leaf"": 4, ""n_estimators"": 300}",0.2701671157810034,1.3144880992852896,0.8792689416661881,0.81313701210665,0.21030039992183447,0.038996499963104725
30min,30,relative_humidity,HIST_GRADIENT_BOOSTING,1,"{""l2_regularization"": 0.1, ""learning_rate"": 0.05, ""max_iter"": 180, ""max_leaf_nodes"": 31}",0.2975725776715436,3.887479990829126,0.8824687435065504,0.8230529482520287,0.25707529997453094,0.08305860008113086
30min,30,relative_humidity,HIST_GRADIENT_BOOSTING,2,"{""l2_regularization"": 1.0, ""learning_rate"": 0.04, ""max_iter"": 260, ""max_leaf_nodes"": 63}",0.2976553918384788,3.8885618728339697,0.8824655850040654,0.8215434004663547,0.2900591000216082,0.1138875000178814
30min,30,relative_humidity,HIST_GRADIENT_BOOSTING,3,"{""l2_regularization"": 5.0, ""learning_rate"": 0.08, ""max_iter"": 180, ""max_leaf_nodes"": 31}",0.2984910857949033,3.899479355753525,0.8821180325692897,0.8213395680537532,0.20217820000834763,0.10831489996053278
30min,30,relative_humidity,EXTRA_TREES,1,"{""max_depth"": null, ""max_features"": 0.7, ""min_samples_leaf"": 1, ""n_estimators"": 250}",0.2861602413462756,3.7383895421720545,0.8946792759358286,0.8584532006098222,0.11590839992277324,0.03858540009241551
30min,30,relative_humidity,EXTRA_TREES,2,"{""max_depth"": 20, ""max_features"": 0.85, ""min_samples_leaf"": 2, ""n_estimators"": 320}",0.2805997212145339,3.665747059723258,0.896637458661166,0.8533725760357872,0.1489415999967605,0.03883509989827871
30min,30,relative_humidity,EXTRA_TREES,3,"{""max_depth"": 14, ""max_features"": 1.0, ""min_samples_leaf"": 4, ""n_estimators"": 320}",0.28598430368087996,3.736091097338157,0.891552338538361,0.8424219587093755,0.13857890001963824,0.03963299992028624
30min,30,relative_humidity,XGBOOST,1,"{""colsample_bytree"": 0.85, ""learning_rate"": 0.04, ""max_depth"": 5, ""min_child_weight"": 1, ""n_estimators"": 260, ""reg_lambda"": 1.0, ""subsample"": 0.85}",0.3086719286496773,4.032481607497956,0.8764036960689099,0.8103451346595044,0.45851359993685037,0.022630700026638806
30min,30,relative_humidity,XGBOOST,2,"{""colsample_bytree"": 0.8, ""learning_rate"": 0.03, ""max_depth"": 6, ""min_child_weight"": 2, ""n_estimators"": 360, ""reg_lambda"": 3.0, ""subsample"": 0.85}",0.31241580652619144,4.081391525363846,0.8756435755520181,0.8280836835214647,0.574368399917148,0.023067899979650974
30min,30,relative_humidity,XGBOOST,3,"{""colsample_bytree"": 0.9, ""learning_rate"": 0.07, ""max_depth"": 4, ""min_child_weight"": 3, ""n_estimators"": 220, ""reg_lambda"": 5.0, ""subsample"": 0.9}",0.32034126409071173,4.184929485552655,0.8697604319400263,0.8133740945942061,0.24361680005677044,0.022872300003655255
30min,30,relative_humidity,RANDOM_FOREST,1,"{""max_depth"": null, ""max_features"": 0.7, ""min_samples_leaf"": 1, ""n_estimators"": 240}",0.28458332317956625,3.717788726504745,0.8944414554784439,0.8504946632472725,0.20379489997867495,0.04142549994867295
30min,30,relative_humidity,RANDOM_FOREST,2,"{""max_depth"": 20, ""max_features"": 0.85, ""min_samples_leaf"": 2, ""n_estimators"": 300}",0.28675361247730297,3.746141326348723,0.8926723851631971,0.8424329437448446,0.24123220006003976,0.06195450003724545
30min,30,relative_humidity,RANDOM_FOREST,3,"{""max_depth"": 14, ""max_features"": 1.0, ""min_samples_leaf"": 4, ""n_estimators"": 300}",0.28341452031963255,3.702519518008553,0.8935328254417404,0.8411720071158694,0.2996023000450805,0.051141400006599724
60min,60,temperature,HIST_GRADIENT_BOOSTING,1,"{""l2_regularization"": 0.1, ""learning_rate"": 0.05, ""max_iter"": 180, ""max_leaf_nodes"": 31}",0.2446441127588358,1.1847657629847361,0.8997457467330605,0.826474820753773,0.14223849994596094,0.07285110000520945
60min,60,temperature,HIST_GRADIENT_BOOSTING,2,"{""l2_regularization"": 1.0, ""learning_rate"": 0.04, ""max_iter"": 260, ""max_leaf_nodes"": 63}",0.24512990660791972,1.1871183718980376,0.8993964297268713,0.8251386741737592,0.1836771999951452,0.11352320003788918
60min,60,temperature,HIST_GRADIENT_BOOSTING,3,"{""l2_regularization"": 5.0, ""learning_rate"": 0.08, ""max_iter"": 180, ""max_leaf_nodes"": 31}",0.24490422565348763,1.186025441170404,0.8997745741787333,0.825594538639271,0.154896599939093,0.08966100006364286
60min,60,temperature,EXTRA_TREES,1,"{""max_depth"": null, ""max_features"": 0.7, ""min_samples_leaf"": 1, ""n_estimators"": 250}",0.2552916832480173,1.2363299589602361,0.8898817939351392,0.8226674995340892,0.10990529996342957,0.028527099988423288
60min,60,temperature,EXTRA_TREES,2,"{""max_depth"": 20, ""max_features"": 0.85, ""min_samples_leaf"": 2, ""n_estimators"": 320}",0.24985531124657084,1.210002624329005,0.8953735514751967,0.833012603043355,0.1378131000092253,0.02958200010471046
60min,60,temperature,EXTRA_TREES,3,"{""max_depth"": 14, ""max_features"": 1.0, ""min_samples_leaf"": 4, ""n_estimators"": 320}",0.24298466375156513,1.1767293612619962,0.901796889947422,0.8405542625260763,0.1321640000678599,0.03078179992735386
60min,60,temperature,XGBOOST,1,"{""colsample_bytree"": 0.85, ""learning_rate"": 0.04, ""max_depth"": 5, ""min_child_weight"": 1, ""n_estimators"": 260, ""reg_lambda"": 1.0, ""subsample"": 0.85}",0.30211423765695544,1.4630828481821592,0.833307673592076,0.6465468864453785,0.28258680005092174,0.02279910002835095
60min,60,temperature,XGBOOST,2,"{""colsample_bytree"": 0.8, ""learning_rate"": 0.03, ""max_depth"": 6, ""min_child_weight"": 2, ""n_estimators"": 360, ""reg_lambda"": 3.0, ""subsample"": 0.85}",0.27024635738750624,1.3087526537770353,0.8704722481340853,0.729926860829414,0.3568088000174612,0.02287430001888424
60min,60,temperature,XGBOOST,3,"{""colsample_bytree"": 0.9, ""learning_rate"": 0.07, ""max_depth"": 4, ""min_child_weight"": 3, ""n_estimators"": 220, ""reg_lambda"": 5.0, ""subsample"": 0.9}",0.2709327582804355,1.3120767651503031,0.8698956889184466,0.72908230661059,0.14903790003154427,0.011890899972058833
60min,60,temperature,RANDOM_FOREST,1,"{""max_depth"": null, ""max_features"": 0.7, ""min_samples_leaf"": 1, ""n_estimators"": 240}",0.2596897957629293,1.2576291967414415,0.8863288241967984,0.8213203491545098,0.16857660003006458,0.02889710001181811
60min,60,temperature,RANDOM_FOREST,2,"{""max_depth"": 20, ""max_features"": 0.85, ""min_samples_leaf"": 2, ""n_estimators"": 300}",0.2587587738006319,1.2531204312000273,0.8878540454889794,0.8186688980052582,0.18727779993787408,0.028171000070869923
60min,60,temperature,RANDOM_FOREST,3,"{""max_depth"": 14, ""max_features"": 1.0, ""min_samples_leaf"": 4, ""n_estimators"": 300}",0.2530811210661008,1.2256246190256297,0.8931558845118217,0.8220936712232743,0.17927740002050996,0.029286399949342012
60min,60,relative_humidity,HIST_GRADIENT_BOOSTING,1,"{""l2_regularization"": 0.1, ""learning_rate"": 0.05, ""max_iter"": 180, ""max_leaf_nodes"": 31}",0.2849465343485429,3.706855206279385,0.8819643622038925,0.783679017432426,0.12954170000739396,0.09508060000371188
60min,60,relative_humidity,HIST_GRADIENT_BOOSTING,2,"{""l2_regularization"": 1.0, ""learning_rate"": 0.04, ""max_iter"": 260, ""max_leaf_nodes"": 63}",0.28590967186197047,3.719384613995027,0.8811330935904377,0.7820770657745525,0.16600119997747242,0.09384600003249943
60min,60,relative_humidity,HIST_GRADIENT_BOOSTING,3,"{""l2_regularization"": 5.0, ""learning_rate"": 0.08, ""max_iter"": 180, ""max_leaf_nodes"": 31}",0.2876278422529073,3.74173620663145,0.8796065872727239,0.7769826476243453,0.20739140000659972,0.0675127999857068
60min,60,relative_humidity,EXTRA_TREES,1,"{""max_depth"": null, ""max_features"": 0.7, ""min_samples_leaf"": 1, ""n_estimators"": 250}",0.27570955864816704,3.5866918516223594,0.8928608025509139,0.8327043502624892,0.11926289997063577,0.028290700051002204
60min,60,relative_humidity,EXTRA_TREES,2,"{""max_depth"": 20, ""max_features"": 0.85, ""min_samples_leaf"": 2, ""n_estimators"": 320}",0.2754681724442799,3.5835516705752424,0.8920775873630495,0.8215105844339121,0.14929420000407845,0.028370800078846514
60min,60,relative_humidity,EXTRA_TREES,3,"{""max_depth"": 14, ""max_features"": 1.0, ""min_samples_leaf"": 4, ""n_estimators"": 320}",0.2732170427210592,3.554266836655051,0.8944397355360929,0.827851042693563,0.14897340000607073,0.038771299994550645
60min,60,relative_humidity,XGBOOST,1,"{""colsample_bytree"": 0.85, ""learning_rate"": 0.04, ""max_depth"": 5, ""min_child_weight"": 1, ""n_estimators"": 260, ""reg_lambda"": 1.0, ""subsample"": 0.85}",0.29716410072046345,3.865792915830262,0.8718767337678355,0.7914214905525412,0.26113839994650334,0.022027499973773956
60min,60,relative_humidity,XGBOOST,2,"{""colsample_bytree"": 0.8, ""learning_rate"": 0.03, ""max_depth"": 6, ""min_child_weight"": 2, ""n_estimators"": 360, ""reg_lambda"": 3.0, ""subsample"": 0.85}",0.2715729150033376,3.532878461449302,0.8932655076698345,0.8059921047561069,0.3953648000024259,0.023506200057454407
60min,60,relative_humidity,XGBOOST,3,"{""colsample_bytree"": 0.9, ""learning_rate"": 0.07, ""max_depth"": 4, ""min_child_weight"": 3, ""n_estimators"": 220, ""reg_lambda"": 5.0, ""subsample"": 0.9}",0.27874805922182627,3.6262195535349386,0.8862112122553356,0.7824901888861768,0.15921910002361983,0.012080399901606143
60min,60,relative_humidity,RANDOM_FOREST,1,"{""max_depth"": null, ""max_features"": 0.7, ""min_samples_leaf"": 1, ""n_estimators"": 240}",0.2791210310677139,3.6310715256141397,0.8887451845626225,0.8238159842766322,0.18083259998820722,0.029446200001984835
60min,60,relative_humidity,RANDOM_FOREST,2,"{""max_depth"": 20, ""max_features"": 0.85, ""min_samples_leaf"": 2, ""n_estimators"": 300}",0.27277688149713925,3.548540801319264,0.8945217678157915,0.8285135434494286,0.18643520004116,0.030069499975070357
60min,60,relative_humidity,RANDOM_FOREST,3,"{""max_depth"": 14, ""max_features"": 1.0, ""min_samples_leaf"": 4, ""n_estimators"": 300}",0.27299167152335535,3.5513349940219623,0.8940615648346741,0.8204477434258187,0.1924270000308752,0.027894699946045876
