resolution,model,target,horizon_minutes,alpha,validation_mae,fit_seconds,inference_seconds
4min,AR_DIRECT_RIDGE,temperature,60,0.01,0.5787324501763129,0.04512520006392151,0.004394800052978098
4min,AR_DIRECT_RIDGE,temperature,60,0.1,0.5528589748313543,0.027339500025846064,0.00442120002117008
4min,AR_DIRECT_RIDGE,temperature,60,1.0,0.530762327736693,0.01874929992482066,0.005038000061176717
4min,AR_DIRECT_RIDGE,temperature,60,10.0,0.5359669881792439,0.013694599969312549,0.004404200008139014
4min,AR_DIRECT_RIDGE,temperature,60,100.0,0.6133374373330046,0.011256000027060509,0.004646199988201261
4min,AR_DIRECT_RIDGE,temperature,120,0.01,0.9196966109895056,0.03418169997166842,0.004229300073347986
4min,AR_DIRECT_RIDGE,temperature,120,0.1,0.8966210045789055,0.023076199926435947,0.0049510999815538526
4min,AR_DIRECT_RIDGE,temperature,120,1.0,0.8602731019882126,0.016789100016467273,0.004298599902540445
4min,AR_DIRECT_RIDGE,temperature,120,10.0,0.8510896584087756,0.014229300082661211,0.0051556999096646905
4min,AR_DIRECT_RIDGE,temperature,120,100.0,0.886066592907713,0.011431499966420233,0.004427400068379939
4min,AR_DIRECT_RIDGE,temperature,240,0.01,1.270962191186605,0.0370033000363037,0.004692300106398761
4min,AR_DIRECT_RIDGE,temperature,240,0.1,1.2380199155004215,0.024150499957613647,0.0040553000289946795
4min,AR_DIRECT_RIDGE,temperature,240,1.0,1.1983377785770135,0.015515699982643127,0.0041377999586984515
4min,AR_DIRECT_RIDGE,temperature,240,10.0,1.166440634760189,0.016161499894224107,0.004990600049495697
4min,AR_DIRECT_RIDGE,temperature,240,100.0,1.1598151763578306,0.009184899972751737,0.00449520000256598
4min,AR_DIRECT_RIDGE,temperature,480,0.01,1.45875124376889,0.029942900058813393,0.004323899978771806
4min,AR_DIRECT_RIDGE,temperature,480,0.1,1.4054085910841814,0.022643800009973347,0.004702799953520298
4min,AR_DIRECT_RIDGE,temperature,480,1.0,1.3568609935698464,0.017160899937152863,0.004240200039930642
4min,AR_DIRECT_RIDGE,temperature,480,10.0,1.3291989006666272,0.011399199953302741,0.004103700048290193
4min,AR_DIRECT_RIDGE,temperature,480,100.0,1.311417005464928,0.009719799971207976,0.004018799983896315
4min,AR_DIRECT_RIDGE,relative_humidity,60,0.01,1.7495393626050824,0.028429599944502115,0.004431799985468388
4min,AR_DIRECT_RIDGE,relative_humidity,60,0.1,1.6565336340479861,0.016920799971558154,0.003938700072467327
4min,AR_DIRECT_RIDGE,relative_humidity,60,1.0,1.5659086358949454,0.01413460006006062,0.003694700077176094
4min,AR_DIRECT_RIDGE,relative_humidity,60,10.0,1.6037671134012499,0.011407700018025935,0.0036962999729439616
4min,AR_DIRECT_RIDGE,relative_humidity,60,100.0,1.9189022857877154,0.009346199920400977,0.003710000077262521
4min,AR_DIRECT_RIDGE,relative_humidity,120,0.01,2.6872651630031097,0.020855700015090406,0.0042279999470338225
4min,AR_DIRECT_RIDGE,relative_humidity,120,0.1,2.617522757765248,0.01846049993764609,0.004182100063189864
4min,AR_DIRECT_RIDGE,relative_humidity,120,1.0,2.5102342912782016,0.014699899940751493,0.005273299990221858
4min,AR_DIRECT_RIDGE,relative_humidity,120,10.0,2.532472020929948,0.013180200010538101,0.006580799934454262
4min,AR_DIRECT_RIDGE,relative_humidity,120,100.0,2.7412069864529,0.01189730002079159,0.005598200019448996
4min,AR_DIRECT_RIDGE,relative_humidity,240,0.01,3.626389157939618,0.02447309996932745,0.004146200022660196
4min,AR_DIRECT_RIDGE,relative_humidity,240,0.1,3.550125021789937,0.018744700006209314,0.004292799974791706
4min,AR_DIRECT_RIDGE,relative_humidity,240,1.0,3.439324026046354,0.014290499966591597,0.0039456000085920095
4min,AR_DIRECT_RIDGE,relative_humidity,240,10.0,3.393275445095907,0.012944200076162815,0.005685299984179437
4min,AR_DIRECT_RIDGE,relative_humidity,240,100.0,3.3978036937395397,0.010177100077271461,0.0035570000763982534
4min,AR_DIRECT_RIDGE,relative_humidity,480,0.01,4.205480449089155,0.02382839994970709,0.003995900042355061
4min,AR_DIRECT_RIDGE,relative_humidity,480,0.1,4.124864944752679,0.020468799979425967,0.006245899945497513
4min,AR_DIRECT_RIDGE,relative_humidity,480,1.0,4.0333645948166135,0.017962199985049665,0.005354399909265339
4min,AR_DIRECT_RIDGE,relative_humidity,480,10.0,3.9894458576201344,0.011359800002537668,0.006180100026540458
4min,AR_DIRECT_RIDGE,relative_humidity,480,100.0,3.9545642739235127,0.009991600061766803,0.003990099998190999
4min,VAR_DIRECT_RIDGE,temperature,60,0.01,0.6975749466201712,0.06436580000445247,0.00916080002207309
4min,VAR_DIRECT_RIDGE,temperature,60,0.1,0.6364267759533354,0.04569900000933558,0.008436999982222915
4min,VAR_DIRECT_RIDGE,temperature,60,1.0,0.586850309284158,0.029157100012525916,0.008500600000843406
4min,VAR_DIRECT_RIDGE,temperature,60,10.0,0.5592904508531146,0.025104900007136166,0.009263900108635426
4min,VAR_DIRECT_RIDGE,temperature,60,100.0,0.5972994708187708,0.023175699985586107,0.01119960006326437
4min,VAR_DIRECT_RIDGE,temperature,120,0.01,1.1271284232332588,0.05416910001076758,0.008533300017006695
4min,VAR_DIRECT_RIDGE,temperature,120,0.1,1.0423799803452305,0.03944650001358241,0.008883400005288422
4min,VAR_DIRECT_RIDGE,temperature,120,1.0,0.9618263038393088,0.028199900058098137,0.008469399996101856
4min,VAR_DIRECT_RIDGE,temperature,120,10.0,0.8917666816348115,0.02394550002645701,0.008500500000081956
4min,VAR_DIRECT_RIDGE,temperature,120,100.0,0.850490942220667,0.02446300000883639,0.012206399929709733
4min,VAR_DIRECT_RIDGE,temperature,240,0.01,1.428391746228965,0.05837420001626015,0.01091039995662868
4min,VAR_DIRECT_RIDGE,temperature,240,0.1,1.3476651104491524,0.038870499935001135,0.00863210007082671
4min,VAR_DIRECT_RIDGE,temperature,240,1.0,1.3056199980168264,0.030281500075943768,0.009912700043059886
4min,VAR_DIRECT_RIDGE,temperature,240,10.0,1.271247603823186,0.027113800053484738,0.00918449996970594
4min,VAR_DIRECT_RIDGE,temperature,240,100.0,1.179885995389255,0.022125400020740926,0.008274299907498062
4min,VAR_DIRECT_RIDGE,temperature,480,0.01,1.8466937893206536,0.051676100003533065,0.01055820006877184
4min,VAR_DIRECT_RIDGE,temperature,480,0.1,1.7500853560365728,0.0391368999844417,0.007232000003568828
4min,VAR_DIRECT_RIDGE,temperature,480,1.0,1.6765710613989369,0.03023049992043525,0.012905900017358363
4min,VAR_DIRECT_RIDGE,temperature,480,10.0,1.5976405103190985,0.023864999995566905,0.008478899952024221
4min,VAR_DIRECT_RIDGE,temperature,480,100.0,1.488147734574472,0.022197699989192188,0.008609000011347234
4min,VAR_DIRECT_RIDGE,relative_humidity,60,0.01,1.9786825286960756,0.05990280001424253,0.008946200017817318
4min,VAR_DIRECT_RIDGE,relative_humidity,60,0.1,1.8381904606445132,0.04504500003531575,0.0087193000363186
4min,VAR_DIRECT_RIDGE,relative_humidity,60,1.0,1.758418299075956,0.03240529994945973,0.009060399956069887
4min,VAR_DIRECT_RIDGE,relative_humidity,60,10.0,1.780254070342416,0.027819800074212253,0.008672399912029505
4min,VAR_DIRECT_RIDGE,relative_humidity,60,100.0,1.9604280548122686,0.023054599994793534,0.013397000031545758
4min,VAR_DIRECT_RIDGE,relative_humidity,120,0.01,3.280698487623479,0.05762730003334582,0.014252300024963915
4min,VAR_DIRECT_RIDGE,relative_humidity,120,0.1,2.993677544020005,0.03924269997514784,0.008455300005152822
4min,VAR_DIRECT_RIDGE,relative_humidity,120,1.0,2.8462319018063478,0.027771700057201087,0.008323699934408069
4min,VAR_DIRECT_RIDGE,relative_humidity,120,10.0,2.771345897831127,0.023818999994546175,0.008212100015953183
4min,VAR_DIRECT_RIDGE,relative_humidity,120,100.0,2.778985176080612,0.022870799992233515,0.01161719998344779
4min,VAR_DIRECT_RIDGE,relative_humidity,240,0.01,3.9675809973069525,0.04507180000655353,0.0073979999870061874
4min,VAR_DIRECT_RIDGE,relative_humidity,240,0.1,3.7932172951220595,0.0377973000286147,0.008955799974501133
4min,VAR_DIRECT_RIDGE,relative_humidity,240,1.0,3.65890310384779,0.027950200019404292,0.008962799911387265
4min,VAR_DIRECT_RIDGE,relative_humidity,240,10.0,3.607042749751858,0.025481199962086976,0.008641200023703277
4min,VAR_DIRECT_RIDGE,relative_humidity,240,100.0,3.4654640070885243,0.02256780001334846,0.009457000065594912
4min,VAR_DIRECT_RIDGE,relative_humidity,480,0.01,4.686735991710105,0.05538419994991273,0.009151999955065548
4min,VAR_DIRECT_RIDGE,relative_humidity,480,0.1,4.477779317695872,0.04088080010842532,0.009333400055766106
4min,VAR_DIRECT_RIDGE,relative_humidity,480,1.0,4.254794054187788,0.031735300086438656,0.008063399931415915
4min,VAR_DIRECT_RIDGE,relative_humidity,480,10.0,4.069071341659572,0.023125599953345954,0.008503600023686886
4min,VAR_DIRECT_RIDGE,relative_humidity,480,100.0,3.8999858648095165,0.021399899967946112,0.00849839998409152
12min,AR_DIRECT_RIDGE,temperature,60,0.01,0.8055759938977655,0.0074347000336274505,0.00028819998260587454
12min,AR_DIRECT_RIDGE,temperature,60,0.1,0.7230434644111571,0.004227499943226576,0.00020340003538876772
12min,AR_DIRECT_RIDGE,temperature,60,1.0,0.7131282269167679,0.002148900064639747,0.00018679990898817778
12min,AR_DIRECT_RIDGE,temperature,60,10.0,0.9240450443742773,0.0016746999463066459,0.00021140009630471468
12min,AR_DIRECT_RIDGE,temperature,60,100.0,1.165452279533287,0.0013047000393271446,0.00025619997177273035
12min,AR_DIRECT_RIDGE,temperature,120,0.01,0.9921384039511504,0.007394499960355461,0.0003114000428467989
12min,AR_DIRECT_RIDGE,temperature,120,0.1,0.9204515389968732,0.003768299939110875,0.00025210005696862936
12min,AR_DIRECT_RIDGE,temperature,120,1.0,0.9429652041552307,0.00306979997549206,0.00025919999461621046
12min,AR_DIRECT_RIDGE,temperature,120,10.0,1.094717912452124,0.0017822000663727522,0.0002300000051036477
12min,AR_DIRECT_RIDGE,temperature,120,100.0,1.2400083692128823,0.0013246000744402409,0.00029500003438442945
12min,AR_DIRECT_RIDGE,temperature,240,0.01,1.4140234502793538,0.006004000082612038,0.0002634999109432101
12min,AR_DIRECT_RIDGE,temperature,240,0.1,1.3045752422298662,0.003880699980072677,0.0003704000264406204
12min,AR_DIRECT_RIDGE,temperature,240,1.0,1.3131551491704374,0.0028430999955162406,0.00033790001180022955
12min,AR_DIRECT_RIDGE,temperature,240,10.0,1.3102265299918423,0.0016152000753208995,0.00022869999520480633
12min,AR_DIRECT_RIDGE,temperature,240,100.0,1.2484224302588376,0.0013720999704673886,0.0003233000170439482
12min,AR_DIRECT_RIDGE,temperature,480,0.01,1.8071590385440262,0.005655599990859628,0.0002685000654309988
12min,AR_DIRECT_RIDGE,temperature,480,0.1,1.5690648034576127,0.0034903999185189605,0.00024580000899732113
12min,AR_DIRECT_RIDGE,temperature,480,1.0,1.4717079203325207,0.002635100041516125,0.00021029997151345015
12min,AR_DIRECT_RIDGE,temperature,480,10.0,1.4430235225960883,0.0024259000783786178,0.00032110000029206276
12min,AR_DIRECT_RIDGE,temperature,480,100.0,1.4224812307227013,0.0015581999905407429,0.0002837000647559762
12min,AR_DIRECT_RIDGE,relative_humidity,60,0.01,2.298224308342242,0.0061963999178260565,0.00025340006686747074
12min,AR_DIRECT_RIDGE,relative_humidity,60,0.1,2.023364272853973,0.003450099960900843,0.000215600011870265
12min,AR_DIRECT_RIDGE,relative_humidity,60,1.0,2.23108712553788,0.002620000042952597,0.00019699998665601015
12min,AR_DIRECT_RIDGE,relative_humidity,60,10.0,3.0177257717143515,0.0015406999737024307,0.000206099939532578
12min,AR_DIRECT_RIDGE,relative_humidity,60,100.0,3.9361839960164464,0.0015591999981552362,0.00023530004546046257
12min,AR_DIRECT_RIDGE,relative_humidity,120,0.01,3.5606723996800858,0.005849099950864911,0.00027980003505945206
12min,AR_DIRECT_RIDGE,relative_humidity,120,0.1,3.030709774303876,0.0036464999429881573,0.00021770002786070108
12min,AR_DIRECT_RIDGE,relative_humidity,120,1.0,3.0774247525229845,0.002070200047455728,0.00019609997980296612
12min,AR_DIRECT_RIDGE,relative_humidity,120,10.0,3.6344148139885353,0.0014507999876514077,0.00022229994647204876
12min,AR_DIRECT_RIDGE,relative_humidity,120,100.0,4.128647579143377,0.0011831000447273254,0.0002177999122068286
12min,AR_DIRECT_RIDGE,relative_humidity,240,0.01,4.821728223522224,0.00705979997292161,0.00030830001924186945
12min,AR_DIRECT_RIDGE,relative_humidity,240,0.1,4.2970532013276275,0.0034549999982118607,0.00023509992752224207
12min,AR_DIRECT_RIDGE,relative_humidity,240,1.0,4.140083298387765,0.002481500036083162,0.00022659997921437025
12min,AR_DIRECT_RIDGE,relative_humidity,240,10.0,4.148012963655925,0.0014527000021189451,0.0002250999677926302
12min,AR_DIRECT_RIDGE,relative_humidity,240,100.0,4.270652197958609,0.0012993999989703298,0.00028280005790293217
12min,AR_DIRECT_RIDGE,relative_humidity,480,0.01,5.407582624992279,0.006676899967715144,0.00030800001695752144
12min,AR_DIRECT_RIDGE,relative_humidity,480,0.1,4.834910755290469,0.0036293999291956425,0.00021189998369663954
12min,AR_DIRECT_RIDGE,relative_humidity,480,1.0,4.633796959704168,0.0020553000504150987,0.0002606000052765012
12min,AR_DIRECT_RIDGE,relative_humidity,480,10.0,4.508372466001883,0.0015795999206602573,0.00021950004156678915
12min,AR_DIRECT_RIDGE,relative_humidity,480,100.0,4.1438247979105185,0.001244999933987856,0.00020460004452615976
12min,VAR_DIRECT_RIDGE,temperature,60,0.01,0.9543530750813373,0.012266299920156598,0.0005558000411838293
12min,VAR_DIRECT_RIDGE,temperature,60,0.1,0.8440377230538936,0.00622119999025017,0.0002778000198304653
12min,VAR_DIRECT_RIDGE,temperature,60,1.0,0.774337557130106,0.004921999992802739,0.0003594999434426427
12min,VAR_DIRECT_RIDGE,temperature,60,10.0,0.8822785867384043,0.0022256000665947795,0.0002938999095931649
12min,VAR_DIRECT_RIDGE,temperature,60,100.0,1.1082539649017813,0.0018260000506415963,0.00024880003184080124
12min,VAR_DIRECT_RIDGE,temperature,120,0.01,1.3124912065063932,0.009683200041763484,0.00032380002085119486
12min,VAR_DIRECT_RIDGE,temperature,120,0.1,1.1369409640290231,0.006036699982360005,0.00031560007482767105
12min,VAR_DIRECT_RIDGE,temperature,120,1.0,0.9573383836756261,0.0036651999689638615,0.000277700019069016
12min,VAR_DIRECT_RIDGE,temperature,120,10.0,1.0858403180711864,0.0022077999310567975,0.0002660000463947654
12min,VAR_DIRECT_RIDGE,temperature,120,100.0,1.2432664252707797,0.0017115999944508076,0.0002543999580666423
12min,VAR_DIRECT_RIDGE,temperature,240,0.01,1.638940428411607,0.013562300009652972,0.0004878999898210168
12min,VAR_DIRECT_RIDGE,temperature,240,0.1,1.4606194751791877,0.007809799979440868,0.0003731000469997525
12min,VAR_DIRECT_RIDGE,temperature,240,1.0,1.2954090848750432,0.003832099959254265,0.0003103000344708562
12min,VAR_DIRECT_RIDGE,temperature,240,10.0,1.2829360154362428,0.0027966999914497137,0.00027439999394118786
12min,VAR_DIRECT_RIDGE,temperature,240,100.0,1.2141119465622052,0.002875500009395182,0.00032049999572336674
12min,VAR_DIRECT_RIDGE,temperature,480,0.01,2.406561083328365,0.01026449992787093,0.0003988000098615885
12min,VAR_DIRECT_RIDGE,temperature,480,0.1,2.0083099574883843,0.005852100090123713,0.00026409991551190615
12min,VAR_DIRECT_RIDGE,temperature,480,1.0,1.7188722610517553,0.0045308000408113,0.00028979999478906393
12min,VAR_DIRECT_RIDGE,temperature,480,10.0,1.6733909235037614,0.0022452999837696552,0.00028689997270703316
12min,VAR_DIRECT_RIDGE,temperature,480,100.0,1.6288374798722596,0.002125700004398823,0.0002730999840423465
12min,VAR_DIRECT_RIDGE,relative_humidity,60,0.01,2.765964320179557,0.012481500045396388,0.0003266999265179038
12min,VAR_DIRECT_RIDGE,relative_humidity,60,0.1,2.440476648524272,0.006396999931894243,0.0002707000821828842
12min,VAR_DIRECT_RIDGE,relative_humidity,60,1.0,2.4275608037138108,0.0035791000118479133,0.0002701999619603157
12min,VAR_DIRECT_RIDGE,relative_humidity,60,10.0,3.0329616367712426,0.0027655999874696136,0.00030509999487549067
12min,VAR_DIRECT_RIDGE,relative_humidity,60,100.0,3.9497122853449302,0.0019476000452414155,0.0003242000238969922
12min,VAR_DIRECT_RIDGE,relative_humidity,120,0.01,3.746661077682389,0.012262900010682642,0.0005879999371245503
12min,VAR_DIRECT_RIDGE,relative_humidity,120,0.1,3.25539163721088,0.006164599908515811,0.0002888001035898924
12min,VAR_DIRECT_RIDGE,relative_humidity,120,1.0,3.134377328257403,0.003310199943371117,0.00031150004360824823
12min,VAR_DIRECT_RIDGE,relative_humidity,120,10.0,3.5080367669340076,0.0026229999493807554,0.00032650004141032696
12min,VAR_DIRECT_RIDGE,relative_humidity,120,100.0,4.178634178593752,0.001687800046056509,0.00023370003327727318
12min,VAR_DIRECT_RIDGE,relative_humidity,240,0.01,5.720034562327508,0.011643300065770745,0.00037130003329366446
12min,VAR_DIRECT_RIDGE,relative_humidity,240,0.1,5.107937759969081,0.006156099960207939,0.000291600008495152
12min,VAR_DIRECT_RIDGE,relative_humidity,240,1.0,4.432945676906515,0.0038564999122172594,0.0002845000708475709
12min,VAR_DIRECT_RIDGE,relative_humidity,240,10.0,4.1569591235070025,0.003437899984419346,0.0003496999852359295
12min,VAR_DIRECT_RIDGE,relative_humidity,240,100.0,4.2673295711557095,0.0017945000436156988,0.0002762000076472759
12min,VAR_DIRECT_RIDGE,relative_humidity,480,0.01,6.386025361801855,0.010089099989272654,0.0003645999822765589
12min,VAR_DIRECT_RIDGE,relative_humidity,480,0.1,5.201018585141559,0.00679330003913492,0.0002983999438583851
12min,VAR_DIRECT_RIDGE,relative_humidity,480,1.0,4.2637459769742385,0.003772699972614646,0.0003256000345572829
12min,VAR_DIRECT_RIDGE,relative_humidity,480,10.0,4.26558893494482,0.0023842999944463372,0.00031400006264448166
12min,VAR_DIRECT_RIDGE,relative_humidity,480,100.0,4.068287176326792,0.0016856000293046236,0.00029470003210008144
20min,AR_DIRECT_RIDGE,temperature,60,0.01,0.5716613613702562,0.0057860000524669886,0.00032279989682137966
20min,AR_DIRECT_RIDGE,temperature,60,0.1,0.5024980095900623,0.003369600046426058,0.00027059996500611305
20min,AR_DIRECT_RIDGE,temperature,60,1.0,0.5149058881636216,0.0024500000290572643,0.0002609000075608492
20min,AR_DIRECT_RIDGE,temperature,60,10.0,0.6699115836163202,0.0018564000492915511,0.0003151999553665519
20min,AR_DIRECT_RIDGE,temperature,60,100.0,0.8995973492188044,0.0024692999431863427,0.0002759000053629279
20min,AR_DIRECT_RIDGE,temperature,120,0.01,0.8941060569869808,0.004322899971157312,0.0002834000624716282
20min,AR_DIRECT_RIDGE,temperature,120,0.1,0.832972965461367,0.002711899927817285,0.00023330003023147583
20min,AR_DIRECT_RIDGE,temperature,120,1.0,0.8020005224476763,0.0024502999149262905,0.0004382000770419836
20min,AR_DIRECT_RIDGE,temperature,120,10.0,0.9045423674740046,0.0022878999589011073,0.00024349999148398638
20min,AR_DIRECT_RIDGE,temperature,120,100.0,1.1023962320949847,0.001115199993364513,0.00022759998682886362
20min,AR_DIRECT_RIDGE,temperature,240,0.01,1.4506404841893106,0.004370899987407029,0.00027550000231713057
20min,AR_DIRECT_RIDGE,temperature,240,0.1,1.3761279450062625,0.0027655999874696136,0.00022980000358074903
20min,AR_DIRECT_RIDGE,temperature,240,1.0,1.3200556146428242,0.0021285000257194042,0.00042339996434748173
20min,AR_DIRECT_RIDGE,temperature,240,10.0,1.269834583021951,0.003350700018927455,0.00047309999354183674
20min,AR_DIRECT_RIDGE,temperature,240,100.0,1.1978163120473146,0.0015310000162571669,0.0003021000884473324
20min,AR_DIRECT_RIDGE,temperature,480,0.01,1.6246378857267953,0.006284500006586313,0.0003299999516457319
20min,AR_DIRECT_RIDGE,temperature,480,0.1,1.5310408261296269,0.002796499989926815,0.00022479996550828218
20min,AR_DIRECT_RIDGE,temperature,480,1.0,1.4297715512679674,0.0017594000091776252,0.00041360000614076853
20min,AR_DIRECT_RIDGE,temperature,480,10.0,1.3299960172309486,0.002233899896964431,0.00037590006832033396
20min,AR_DIRECT_RIDGE,temperature,480,100.0,1.288951925959573,0.001931800041347742,0.0006082999752834439
20min,AR_DIRECT_RIDGE,relative_humidity,60,0.01,1.7540381764773876,0.005952000035904348,0.00029479991644620895
20min,AR_DIRECT_RIDGE,relative_humidity,60,0.1,1.5990252339074105,0.002790199941955507,0.00024359999224543571
20min,AR_DIRECT_RIDGE,relative_humidity,60,1.0,1.7462278073808646,0.0018137999577447772,0.00019260006956756115
20min,AR_DIRECT_RIDGE,relative_humidity,60,10.0,2.3124114292033204,0.001512099988758564,0.000269699958153069
20min,AR_DIRECT_RIDGE,relative_humidity,60,100.0,3.091627878818071,0.0019054999575018883,0.0004888999974355102
20min,AR_DIRECT_RIDGE,relative_humidity,120,0.01,3.217007902754361,0.005402099923230708,0.00033980002626776695
20min,AR_DIRECT_RIDGE,relative_humidity,120,0.1,2.8663488442849774,0.0033262999495491385,0.00030499999411404133
20min,AR_DIRECT_RIDGE,relative_humidity,120,1.0,2.7525828130185204,0.0019802000606432557,0.0002218000590801239
20min,AR_DIRECT_RIDGE,relative_humidity,120,10.0,3.138733966542948,0.0012790000764653087,0.0002300000051036477
20min,AR_DIRECT_RIDGE,relative_humidity,120,100.0,3.7007332979681853,0.001186499954201281,0.0002294000005349517
20min,AR_DIRECT_RIDGE,relative_humidity,240,0.01,4.3715482528833265,0.005093000014312565,0.0002796000335365534
20min,AR_DIRECT_RIDGE,relative_humidity,240,0.1,4.1274893073287044,0.0035152999917045236,0.0003165999660268426
20min,AR_DIRECT_RIDGE,relative_humidity,240,1.0,3.8289403524879497,0.0021202999632805586,0.0002747999969869852
20min,AR_DIRECT_RIDGE,relative_humidity,240,10.0,3.739191736736952,0.001587799983099103,0.00022040004841983318
20min,AR_DIRECT_RIDGE,relative_humidity,240,100.0,3.999599305919217,0.001199499936774373,0.0002207000507041812
20min,AR_DIRECT_RIDGE,relative_humidity,480,0.01,4.476524293157498,0.004920100094750524,0.00030999991577118635
20min,AR_DIRECT_RIDGE,relative_humidity,480,0.1,4.187200402808017,0.0032235000981017947,0.00024999992456287146
20min,AR_DIRECT_RIDGE,relative_humidity,480,1.0,3.9970657576356436,0.00201489997562021,0.0004463000223040581
20min,AR_DIRECT_RIDGE,relative_humidity,480,10.0,3.871794647402038,0.0017640000442042947,0.00028879998717457056
20min,AR_DIRECT_RIDGE,relative_humidity,480,100.0,3.775354117070866,0.0012008000630885363,0.0002449000021442771
20min,VAR_DIRECT_RIDGE,temperature,60,0.01,0.6655429878660984,0.011093400069512427,0.0004072999581694603
20min,VAR_DIRECT_RIDGE,temperature,60,0.1,0.5959499250123667,0.005590100074186921,0.00033059995621442795
20min,VAR_DIRECT_RIDGE,temperature,60,1.0,0.6262079783977421,0.003154100035317242,0.00030590000096708536
20min,VAR_DIRECT_RIDGE,temperature,60,10.0,0.6975188425189425,0.0021311999298632145,0.0002882999833673239
20min,VAR_DIRECT_RIDGE,temperature,60,100.0,0.8523027128805883,0.0015920000150799751,0.0002470000181347132
20min,VAR_DIRECT_RIDGE,temperature,120,0.01,1.0396130995242758,0.01036690000910312,0.000390700064599514
20min,VAR_DIRECT_RIDGE,temperature,120,0.1,0.9196246291434799,0.006447999970987439,0.00038400001358240843
20min,VAR_DIRECT_RIDGE,temperature,120,1.0,0.8881765978006045,0.003332399995997548,0.0003377000102773309
20min,VAR_DIRECT_RIDGE,temperature,120,10.0,0.9418179606870262,0.002462600008584559,0.000296599930152297
20min,VAR_DIRECT_RIDGE,temperature,120,100.0,1.0756351132952195,0.0016976000042632222,0.00031370006036013365
20min,VAR_DIRECT_RIDGE,temperature,240,0.01,1.5719388488056072,0.01030299998819828,0.0003895999398082495
20min,VAR_DIRECT_RIDGE,temperature,240,0.1,1.4247586327987325,0.006993500050157309,0.00035110011231154203
20min,VAR_DIRECT_RIDGE,temperature,240,1.0,1.3602266162407617,0.003531700000166893,0.00028730009216815233
20min,VAR_DIRECT_RIDGE,temperature,240,10.0,1.2812591803597253,0.002145600039511919,0.0003369000041857362
20min,VAR_DIRECT_RIDGE,temperature,240,100.0,1.1949524252587695,0.001786300097592175,0.0002669999375939369
20min,VAR_DIRECT_RIDGE,temperature,480,0.01,2.3346210103910696,0.011162000009790063,0.0003701000241562724
20min,VAR_DIRECT_RIDGE,temperature,480,0.1,1.863795028079922,0.005604199948720634,0.00030529999639838934
20min,VAR_DIRECT_RIDGE,temperature,480,1.0,1.530788257173444,0.0032099999953061342,0.00040819996502250433
20min,VAR_DIRECT_RIDGE,temperature,480,10.0,1.338572229179038,0.0026196000399068,0.000610699993558228
20min,VAR_DIRECT_RIDGE,temperature,480,100.0,1.2934207641506485,0.002778799971565604,0.0002695999573916197
20min,VAR_DIRECT_RIDGE,relative_humidity,60,0.01,2.027197715932958,0.010634000063873827,0.000394799979403615
20min,VAR_DIRECT_RIDGE,relative_humidity,60,0.1,1.8232021582189626,0.006374999997206032,0.00037150003481656313
20min,VAR_DIRECT_RIDGE,relative_humidity,60,1.0,1.9965167999734152,0.0033020999981090426,0.0002883999841287732
20min,VAR_DIRECT_RIDGE,relative_humidity,60,10.0,2.365404746620904,0.0022569000720977783,0.0002631999086588621
20min,VAR_DIRECT_RIDGE,relative_humidity,60,100.0,3.0525564020613287,0.0022009999956935644,0.00038059998769313097
20min,VAR_DIRECT_RIDGE,relative_humidity,120,0.01,3.3265502866714565,0.010894600069150329,0.0007905999664217234
20min,VAR_DIRECT_RIDGE,relative_humidity,120,0.1,2.975484600781555,0.006556799984537065,0.0002736999886110425
20min,VAR_DIRECT_RIDGE,relative_humidity,120,1.0,2.984048585241379,0.003060900024138391,0.00031669996678829193
20min,VAR_DIRECT_RIDGE,relative_humidity,120,10.0,3.055734561500114,0.002826699987053871,0.0010837999871000648
20min,VAR_DIRECT_RIDGE,relative_humidity,120,100.0,3.5695162927744564,0.003133399994112551,0.00033439998514950275
20min,VAR_DIRECT_RIDGE,relative_humidity,240,0.01,3.9820547451542265,0.011382800061255693,0.00042940001003444195
20min,VAR_DIRECT_RIDGE,relative_humidity,240,0.1,3.747280884322631,0.0054561999859288335,0.00036399997770786285
20min,VAR_DIRECT_RIDGE,relative_humidity,240,1.0,3.633348128126103,0.00563289993442595,0.0003963999915868044
20min,VAR_DIRECT_RIDGE,relative_humidity,240,10.0,3.508969428275368,0.0022409000666812062,0.00030770001467317343
20min,VAR_DIRECT_RIDGE,relative_humidity,240,100.0,3.7404426247725238,0.0016033999854698777,0.0003003000747412443
20min,VAR_DIRECT_RIDGE,relative_humidity,480,0.01,5.6472480465757835,0.011078499956056476,0.00040040002204477787
20min,VAR_DIRECT_RIDGE,relative_humidity,480,0.1,4.559920858648838,0.00594719999935478,0.0003008999628946185
20min,VAR_DIRECT_RIDGE,relative_humidity,480,1.0,3.8760843899278354,0.0035180000122636557,0.00034469994716346264
20min,VAR_DIRECT_RIDGE,relative_humidity,480,10.0,3.7110812874364028,0.0022115999599918723,0.00031150004360824823
20min,VAR_DIRECT_RIDGE,relative_humidity,480,100.0,3.6901398228037188,0.002516099950298667,0.00038300000596791506
30min,AR_DIRECT_RIDGE,temperature,60,0.01,0.5942502692594441,0.0016535999020561576,0.00019749999046325684
30min,AR_DIRECT_RIDGE,temperature,60,0.1,0.5570656322308508,0.0011232999386265874,0.000125700025819242
30min,AR_DIRECT_RIDGE,temperature,60,1.0,0.6171333455285455,0.0008122998988255858,0.00012000009883195162
30min,AR_DIRECT_RIDGE,temperature,60,10.0,0.7785787874784077,0.0006859001005068421,0.00011849997099488974
30min,AR_DIRECT_RIDGE,temperature,60,100.0,1.0204703638247157,0.0006075999699532986,0.00011809996794909239
30min,AR_DIRECT_RIDGE,temperature,120,0.01,0.9772479875609985,0.0015466999029740691,0.00014180003199726343
30min,AR_DIRECT_RIDGE,temperature,120,0.1,0.9555025790230955,0.0010344000766053796,0.00011819996871054173
30min,AR_DIRECT_RIDGE,temperature,120,1.0,0.9528714881185978,0.0008191999513655901,0.00012670003343373537
30min,AR_DIRECT_RIDGE,temperature,120,10.0,1.0427485525015168,0.0009192000143229961,0.0002463000128045678
30min,AR_DIRECT_RIDGE,temperature,120,100.0,1.2093816797349919,0.0006768000312149525,0.00012839992996305227
30min,AR_DIRECT_RIDGE,temperature,240,0.01,1.318969027271388,0.001380500034429133,0.00013800000306218863
30min,AR_DIRECT_RIDGE,temperature,240,0.1,1.2806100069647741,0.0010319999419152737,0.00011989998165518045
30min,AR_DIRECT_RIDGE,temperature,240,1.0,1.247664464768981,0.0007531000301241875,0.00011959997937083244
30min,AR_DIRECT_RIDGE,temperature,240,10.0,1.2391103845335005,0.00173329992685467,0.0005029999883845448
30min,AR_DIRECT_RIDGE,temperature,240,100.0,1.3552654571368776,0.0022314999951049685,0.0003882000455632806
30min,AR_DIRECT_RIDGE,temperature,480,0.01,1.6295604261459884,0.001651700004003942,0.0002586999908089638
30min,AR_DIRECT_RIDGE,temperature,480,0.1,1.4596326368252854,0.0015894999960437417,0.00020999996922910213
30min,AR_DIRECT_RIDGE,temperature,480,1.0,1.3975076060210583,0.0012249998981133103,0.00015520001761615276
30min,AR_DIRECT_RIDGE,temperature,480,10.0,1.3560567145783027,0.0009006001055240631,0.0001509001012891531
30min,AR_DIRECT_RIDGE,temperature,480,100.0,1.287492865902865,0.0008413000032305717,0.00015970005188137293
30min,AR_DIRECT_RIDGE,relative_humidity,60,0.01,1.7361666426381765,0.0053684000158682466,0.000417000032030046
30min,AR_DIRECT_RIDGE,relative_humidity,60,0.1,1.6362624633137153,0.00399450003169477,0.0004240999696776271
30min,AR_DIRECT_RIDGE,relative_humidity,60,1.0,1.9619972046873828,0.0029418000485748053,0.0004007000243291259
30min,AR_DIRECT_RIDGE,relative_humidity,60,10.0,2.411465851647506,0.0021748000290244818,0.00033849989995360374
30min,AR_DIRECT_RIDGE,relative_humidity,60,100.0,3.1048602636700764,0.0019036999437958002,0.0003353999927639961
30min,AR_DIRECT_RIDGE,relative_humidity,120,0.01,2.999866256721783,0.0016068000113591552,0.00014260003808885813
30min,AR_DIRECT_RIDGE,relative_humidity,120,0.1,2.9015178433395956,0.001067299977876246,0.00012089998926967382
30min,AR_DIRECT_RIDGE,relative_humidity,120,1.0,3.046798018678599,0.0007642999989911914,0.00015979993622750044
30min,AR_DIRECT_RIDGE,relative_humidity,120,10.0,3.2964996589445406,0.0008220000891014934,0.00012479990255087614
30min,AR_DIRECT_RIDGE,relative_humidity,120,100.0,3.7218854008765625,0.0006266999989748001,0.00011579995043575764
30min,AR_DIRECT_RIDGE,relative_humidity,240,0.01,4.130748169479897,0.001603799988515675,0.0001906000543385744
30min,AR_DIRECT_RIDGE,relative_humidity,240,0.1,3.9600937745462104,0.001129699987359345,0.0001238000113517046
30min,AR_DIRECT_RIDGE,relative_humidity,240,1.0,3.893116813427065,0.0007734999526292086,0.00012019998393952847
30min,AR_DIRECT_RIDGE,relative_humidity,240,10.0,4.041331257498418,0.000687299994751811,0.00011719996109604836
30min,AR_DIRECT_RIDGE,relative_humidity,240,100.0,4.581688005030457,0.000592100084759295,0.00011039990931749344
30min,AR_DIRECT_RIDGE,relative_humidity,480,0.01,4.338144879644724,0.001502599916420877,0.0001447000540792942
30min,AR_DIRECT_RIDGE,relative_humidity,480,0.1,4.171323711184535,0.001068499987013638,0.00011820008512586355
30min,AR_DIRECT_RIDGE,relative_humidity,480,1.0,4.111246272074795,0.0007694999221712351,0.00011620006989687681
30min,AR_DIRECT_RIDGE,relative_humidity,480,10.0,3.9811923668105145,0.0006435000104829669,0.00011290004476904869
30min,AR_DIRECT_RIDGE,relative_humidity,480,100.0,3.8934494234680685,0.0005840000230818987,0.00011440005619078875
30min,VAR_DIRECT_RIDGE,temperature,60,0.01,1.3065691998733644,0.00224609998986125,0.00025020004250109196
30min,VAR_DIRECT_RIDGE,temperature,60,0.1,1.1130992676603122,0.0019475999288260937,0.00020860007498413324
30min,VAR_DIRECT_RIDGE,temperature,60,1.0,0.88995590780536,0.0013133999891579151,0.00019950000569224358
30min,VAR_DIRECT_RIDGE,temperature,60,10.0,0.8180342009421875,0.0010281000286340714,0.0001954999752342701
30min,VAR_DIRECT_RIDGE,temperature,60,100.0,0.9250106090985158,0.0008814999600872397,0.00019249995239078999
30min,VAR_DIRECT_RIDGE,temperature,120,0.01,1.7027460656795956,0.005983400042168796,0.0007301999721676111
30min,VAR_DIRECT_RIDGE,temperature,120,0.1,1.4518299532927266,0.001992700039409101,0.00023049989249557257
30min,VAR_DIRECT_RIDGE,temperature,120,1.0,1.2284648272183085,0.0010107000125572085,0.00018540001474320889
30min,VAR_DIRECT_RIDGE,temperature,120,10.0,1.1205962700613883,0.001064100069925189,0.00018390000332146883
30min,VAR_DIRECT_RIDGE,temperature,120,100.0,1.1289269919594207,0.0008935999358072877,0.00019990000873804092
30min,VAR_DIRECT_RIDGE,temperature,240,0.01,1.6975277074436292,0.0021075999829918146,0.00025209994055330753
30min,VAR_DIRECT_RIDGE,temperature,240,0.1,1.5991308568508438,0.0019257001113146544,0.00019189994782209396
30min,VAR_DIRECT_RIDGE,temperature,240,1.0,1.5130213621825455,0.003312199958600104,0.0005012999754399061
30min,VAR_DIRECT_RIDGE,temperature,240,10.0,1.41668672972209,0.002759499941021204,0.0004458000184968114
30min,VAR_DIRECT_RIDGE,temperature,240,100.0,1.303005863820254,0.0009317999938502908,0.0002767000114545226
30min,VAR_DIRECT_RIDGE,temperature,480,0.01,2.0390439359451316,0.002625599969178438,0.0002856999635696411
30min,VAR_DIRECT_RIDGE,temperature,480,0.1,1.7946267650801984,0.0019363000756129622,0.0002071000635623932
30min,VAR_DIRECT_RIDGE,temperature,480,1.0,1.560341763712917,0.0013102000812068582,0.00018440000712871552
30min,VAR_DIRECT_RIDGE,temperature,480,10.0,1.4189883582992429,0.001030299928970635,0.00019880000036209822
30min,VAR_DIRECT_RIDGE,temperature,480,100.0,1.310727504568311,0.0008816999616101384,0.0001984999980777502
30min,VAR_DIRECT_RIDGE,relative_humidity,60,0.01,3.367407283316675,0.0022766999900341034,0.00027249997947365046
30min,VAR_DIRECT_RIDGE,relative_humidity,60,0.1,2.870505706197942,0.0013108999701216817,0.00020620005670934916
30min,VAR_DIRECT_RIDGE,relative_humidity,60,1.0,2.4347588483015157,0.0013676999369636178,0.0002044000430032611
30min,VAR_DIRECT_RIDGE,relative_humidity,60,10.0,2.653986493701729,0.0010639999527484179,0.00020100001711398363
30min,VAR_DIRECT_RIDGE,relative_humidity,60,100.0,3.102863877073842,0.000893999938853085,0.0001919000642374158
30min,VAR_DIRECT_RIDGE,relative_humidity,120,0.01,4.687436298623401,0.0028683000709861517,0.0003011999651789665
30min,VAR_DIRECT_RIDGE,relative_humidity,120,0.1,3.999392505541427,0.0015279999934136868,0.0002864999696612358
30min,VAR_DIRECT_RIDGE,relative_humidity,120,1.0,3.446022184025266,0.0009838000405579805,0.00016659998800605536
30min,VAR_DIRECT_RIDGE,relative_humidity,120,10.0,3.4953044632042394,0.0007726999465376139,0.000188400037586689
30min,VAR_DIRECT_RIDGE,relative_humidity,120,100.0,3.7964789889141586,0.0007515000179409981,0.00018540001474320889
30min,VAR_DIRECT_RIDGE,relative_humidity,240,0.01,4.816983226295088,0.003995900042355061,0.00028449995443224907
30min,VAR_DIRECT_RIDGE,relative_humidity,240,0.1,4.19680747536023,0.0013879999751225114,0.00023140001576393843
30min,VAR_DIRECT_RIDGE,relative_humidity,240,1.0,3.971066838291811,0.0013552999589592218,0.0002082000719383359
30min,VAR_DIRECT_RIDGE,relative_humidity,240,10.0,4.022292306886879,0.0010415998985990882,0.00018660002388060093
30min,VAR_DIRECT_RIDGE,relative_humidity,240,100.0,4.5387129023866635,0.0008894000202417374,0.00019449996761977673
30min,VAR_DIRECT_RIDGE,relative_humidity,480,0.01,4.347012213135001,0.002101499936543405,0.00024860003031790257
30min,VAR_DIRECT_RIDGE,relative_humidity,480,0.1,3.916180454863814,0.002530100056901574,0.00033109996002167463
30min,VAR_DIRECT_RIDGE,relative_humidity,480,1.0,3.6871410374073106,0.0013564999680966139,0.00024040008429437876
30min,VAR_DIRECT_RIDGE,relative_humidity,480,10.0,3.6829291358858476,0.0008580000139772892,0.00019289995543658733
30min,VAR_DIRECT_RIDGE,relative_humidity,480,100.0,3.837461518398956,0.0009150999831035733,0.00017290003597736359
60min,AR_DIRECT_RIDGE,temperature,60,0.01,0.7223218891955283,0.0012384000001475215,0.000211200094781816
60min,AR_DIRECT_RIDGE,temperature,60,0.1,0.551209824297132,0.001332600018940866,0.00019029993563890457
60min,AR_DIRECT_RIDGE,temperature,60,1.0,0.5324294749132243,0.0010220999829471111,0.0001404000213369727
60min,AR_DIRECT_RIDGE,temperature,60,10.0,0.8019931942429193,0.0008179000578820705,0.0001351999817416072
60min,AR_DIRECT_RIDGE,temperature,60,100.0,1.4097338722010433,0.000763599993661046,0.00014409993309527636
60min,AR_DIRECT_RIDGE,temperature,120,0.01,1.0410356923611646,0.002018099999986589,0.0002226999495178461
60min,AR_DIRECT_RIDGE,temperature,120,0.1,0.89751348982927,0.0008530999766662717,0.0001105000264942646
60min,AR_DIRECT_RIDGE,temperature,120,1.0,0.8860863238158396,0.0013024000218138099,0.00020159990526735783
60min,AR_DIRECT_RIDGE,temperature,120,10.0,1.0529162629810254,0.00256609998177737,0.00037430005613714457
60min,AR_DIRECT_RIDGE,temperature,120,100.0,1.4529415296907877,0.0019368999637663364,0.00035039999056607485
60min,AR_DIRECT_RIDGE,temperature,240,0.01,1.5491952658301433,0.0011602999875321984,0.00012660003267228603
60min,AR_DIRECT_RIDGE,temperature,240,0.1,1.4893324545276934,0.000776599976234138,0.0001094000181183219
60min,AR_DIRECT_RIDGE,temperature,240,1.0,1.4664554776171044,0.0006954999407753348,0.00010419997852295637
60min,AR_DIRECT_RIDGE,temperature,240,10.0,1.3944536607537332,0.0005737999454140663,0.00010579999070614576
60min,AR_DIRECT_RIDGE,temperature,240,100.0,1.5343979616339567,0.0005474999779835343,0.00010750000365078449
60min,AR_DIRECT_RIDGE,temperature,480,0.01,1.807011682936628,0.0037204999243840575,0.00039579998701810837
60min,AR_DIRECT_RIDGE,temperature,480,0.1,1.7389809460018053,0.002746500074863434,0.00037079991307109594
60min,AR_DIRECT_RIDGE,temperature,480,1.0,1.6217512677042947,0.0024061999283730984,0.0003587000537663698
60min,AR_DIRECT_RIDGE,temperature,480,10.0,1.4056731998417227,0.0014953999780118465,0.00014109991025179625
60min,AR_DIRECT_RIDGE,temperature,480,100.0,1.547789111143834,0.0006074999691918492,0.0001097000204026699
60min,AR_DIRECT_RIDGE,relative_humidity,60,0.01,1.965981232907241,0.002445999998599291,0.0004950000438839197
60min,AR_DIRECT_RIDGE,relative_humidity,60,0.1,1.7541340974656048,0.003216500044800341,0.0003703000256791711
60min,AR_DIRECT_RIDGE,relative_humidity,60,1.0,1.891947213417474,0.00266400002874434,0.00035530002787709236
60min,AR_DIRECT_RIDGE,relative_humidity,60,10.0,2.505519037475096,0.0021557000000029802,0.0003560000332072377
60min,AR_DIRECT_RIDGE,relative_humidity,60,100.0,4.1427841789133515,0.0019519999623298645,0.00034390005748718977
60min,AR_DIRECT_RIDGE,relative_humidity,120,0.01,3.3241479425280707,0.001658200053498149,0.00016249995678663254
60min,AR_DIRECT_RIDGE,relative_humidity,120,0.1,3.011864861586847,0.0028300000121816993,0.0004605000140145421
60min,AR_DIRECT_RIDGE,relative_humidity,120,1.0,2.9605649396567166,0.002439900068566203,0.00018099998123943806
60min,AR_DIRECT_RIDGE,relative_humidity,120,10.0,3.4305570090735844,0.0010603000409901142,0.0001498999772593379
60min,AR_DIRECT_RIDGE,relative_humidity,120,100.0,4.284422399808688,0.0007659000111743808,0.0001343999756500125
60min,AR_DIRECT_RIDGE,relative_humidity,240,0.01,6.026801633825264,0.0011873000767081976,0.00012499990407377481
60min,AR_DIRECT_RIDGE,relative_humidity,240,0.1,5.593307406807653,0.0008307999232783914,0.00010790000669658184
60min,AR_DIRECT_RIDGE,relative_humidity,240,1.0,5.07659448093103,0.0026555999647825956,0.00041119998786598444
60min,AR_DIRECT_RIDGE,relative_humidity,240,10.0,4.7436053007413,0.002252300037071109,0.0003537999000400305
60min,AR_DIRECT_RIDGE,relative_humidity,240,100.0,4.837357109973966,0.0019094999879598618,0.0003440999425947666
60min,AR_DIRECT_RIDGE,relative_humidity,480,0.01,5.727566920700071,0.002301800064742565,0.0004957999335601926
60min,AR_DIRECT_RIDGE,relative_humidity,480,0.1,5.37888934297856,0.003028900013305247,0.00034659996163100004
60min,AR_DIRECT_RIDGE,relative_humidity,480,1.0,4.664538743592654,0.0024013000074774027,0.00036609999369829893
60min,AR_DIRECT_RIDGE,relative_humidity,480,10.0,3.966593822482379,0.0021962999599054456,0.00036479998379945755
60min,AR_DIRECT_RIDGE,relative_humidity,480,100.0,4.337219907105712,0.0019202000694349408,0.0003402000293135643
60min,VAR_DIRECT_RIDGE,temperature,60,0.01,0.7000680301819127,0.005424499977380037,0.00040719995740801096
60min,VAR_DIRECT_RIDGE,temperature,60,0.1,0.546894678862649,0.003514599986374378,0.0003749999450519681
60min,VAR_DIRECT_RIDGE,temperature,60,1.0,0.5354062468177015,0.0022944998927414417,0.0003090000245720148
60min,VAR_DIRECT_RIDGE,temperature,60,10.0,0.7076372911625801,0.000991899985820055,0.00015440001152455807
60min,VAR_DIRECT_RIDGE,temperature,60,100.0,1.141050689733968,0.0007990999147295952,0.00013870000839233398
60min,VAR_DIRECT_RIDGE,temperature,120,0.01,1.0139768070248614,0.005424499977380037,0.0003839000128209591
60min,VAR_DIRECT_RIDGE,temperature,120,0.1,0.8227885392036794,0.0036136999260634184,0.0003567000385373831
60min,VAR_DIRECT_RIDGE,temperature,120,1.0,0.8846295478447133,0.0027914000675082207,0.00020889996085315943
60min,VAR_DIRECT_RIDGE,temperature,120,10.0,0.973635415537778,0.0007864999352023005,0.00011620006989687681
60min,VAR_DIRECT_RIDGE,temperature,120,100.0,1.2540953103685433,0.0008978999685496092,0.00012949993833899498
60min,VAR_DIRECT_RIDGE,temperature,240,0.01,1.8380798017613613,0.001828499953262508,0.0002106999745592475
60min,VAR_DIRECT_RIDGE,temperature,240,0.1,1.5530826673422182,0.0016318999696522951,0.00015870004426687956
60min,VAR_DIRECT_RIDGE,temperature,240,1.0,1.497593267129566,0.0011097000679001212,0.0001525001134723425
60min,VAR_DIRECT_RIDGE,temperature,240,10.0,1.4794444262293192,0.0009017999982461333,0.00013830000534653664
60min,VAR_DIRECT_RIDGE,temperature,240,100.0,1.3967078641176625,0.0008282000198960304,0.00013840000610798597
60min,VAR_DIRECT_RIDGE,temperature,480,0.01,2.129678486996949,0.0022684000432491302,0.0002516999375075102
60min,VAR_DIRECT_RIDGE,temperature,480,0.1,1.882309744554192,0.0014813999878242612,0.00015540001913905144
60min,VAR_DIRECT_RIDGE,temperature,480,1.0,1.734792576086969,0.0010757999261841178,0.00014080002438277006
60min,VAR_DIRECT_RIDGE,temperature,480,10.0,1.561786826971547,0.0009028998902067542,0.00013970001600682735
60min,VAR_DIRECT_RIDGE,temperature,480,100.0,1.3600650581318723,0.0007871999405324459,0.0001474000746384263
60min,VAR_DIRECT_RIDGE,relative_humidity,60,0.01,2.24107281418603,0.0022263999562710524,0.00016609998419880867
60min,VAR_DIRECT_RIDGE,relative_humidity,60,0.1,1.7705609900208288,0.0013936000177636743,0.00013960001524537802
60min,VAR_DIRECT_RIDGE,relative_humidity,60,1.0,1.8773407658951413,0.0010551000013947487,0.0001398000167682767
60min,VAR_DIRECT_RIDGE,relative_humidity,60,10.0,2.428754967823421,0.0008758000330999494,0.00013770000077784061
60min,VAR_DIRECT_RIDGE,relative_humidity,60,100.0,3.6789524990092097,0.000785500044003129,0.0001370999962091446
60min,VAR_DIRECT_RIDGE,relative_humidity,120,0.01,3.495730987052227,0.001812300062738359,0.00013880000915378332
60min,VAR_DIRECT_RIDGE,relative_humidity,120,0.1,2.874413311282575,0.001082399976439774,0.00012880004942417145
60min,VAR_DIRECT_RIDGE,relative_humidity,120,1.0,2.9071343377610095,0.0007777999853715301,0.0007376000285148621
60min,VAR_DIRECT_RIDGE,relative_humidity,120,10.0,3.36476891866532,0.002419100026600063,0.000390700064599514
60min,VAR_DIRECT_RIDGE,relative_humidity,120,100.0,4.052250486133125,0.002045900095254183,0.0003567999228835106
60min,VAR_DIRECT_RIDGE,relative_humidity,240,0.01,6.642375187803925,0.0016184999840334058,0.00013269996270537376
60min,VAR_DIRECT_RIDGE,relative_humidity,240,0.1,5.6328212956677834,0.001019999966956675,0.00011360005009919405
60min,VAR_DIRECT_RIDGE,relative_humidity,240,1.0,5.004453051956706,0.0007577999494969845,0.00010710000060498714
60min,VAR_DIRECT_RIDGE,relative_humidity,240,10.0,4.773468753419439,0.0006374999647960067,0.000112100038677454
60min,VAR_DIRECT_RIDGE,relative_humidity,240,100.0,4.837827237823603,0.000574899953790009,0.00010379997547715902
60min,VAR_DIRECT_RIDGE,relative_humidity,480,0.01,5.791015735874358,0.0022975000320002437,0.00017469993326812983
60min,VAR_DIRECT_RIDGE,relative_humidity,480,0.1,5.026470433054036,0.0014492999762296677,0.00015570002142339945
60min,VAR_DIRECT_RIDGE,relative_humidity,480,1.0,4.363688113974688,0.0010769999353215098,0.00014220003504306078
60min,VAR_DIRECT_RIDGE,relative_humidity,480,10.0,3.8046740910751793,0.0009043000172823668,0.00014030002057552338
60min,VAR_DIRECT_RIDGE,relative_humidity,480,100.0,4.088609843115321,0.0023645999608561397,0.0003966999938711524
