resolution,resolution_minutes,model,family,split,target,horizon_minutes,n,mae,rmse,bias,r2,smape_pct,mase
4min,4,PERSISTENCE,reference,validation,temperature,60,1446.0,1.0556512217611802,1.5448129601957084,0.049858229598893467,0.8438435227551687,4.451234086134188,0.9058025853213432
4min,4,SEASONAL_NAIVE_24H,reference,validation,temperature,60,1446.0,1.0926763485477178,1.449562530388629,-0.10733863531581372,0.8625065202576756,5.0034773878406895,0.9375720323449013
4min,4,ROLLING_MEAN_6H,reference,validation,temperature,60,1446.0,3.001897667896112,4.096765756843496,0.21975780569642936,-0.09822281079167894,12.78172344015931,2.5757812925314423
4min,4,DIURNAL_CLIMATOLOGY,reference,validation,temperature,60,1446.0,1.9444287035861743,2.4768388028931914,1.8958724755527947,0.5985756801353881,8.65116416970516,1.6684189914003962
4min,4,PERSISTENCE,reference,validation,temperature,120,1446.0,2.0151141078838175,2.9040372841341076,0.04730636237897649,0.447049129944575,8.510131567162919,1.729070673165583
4min,4,SEASONAL_NAIVE_24H,reference,validation,temperature,120,1446.0,1.1138197325956662,1.468061916568594,-0.07232249884739513,0.8586906445883163,5.064669277463567,0.955714134147353
4min,4,ROLLING_MEAN_6H,reference,validation,temperature,120,1446.0,3.677880993545412,4.862953992010886,0.21720593847651237,-0.5505382761548281,15.760150488542338,3.1558094603440288
4min,4,DIURNAL_CLIMATOLOGY,reference,validation,temperature,120,1446.0,2.0010604466725312,2.54718030404651,1.9591532107738927,0.5745960228388477,8.862579763769851,1.7170119151250478
4min,4,PERSISTENCE,reference,validation,temperature,240,1446.0,3.668679114799447,4.995002989195464,-0.1161998616874135,-0.5246827979155353,15.584341011135242,3.1479137790943037
4min,4,SEASONAL_NAIVE_24H,reference,validation,temperature,240,1446.0,1.1565779160903644,1.5223694494396096,-0.036275933609958434,0.858372328293214,5.203021952752747,0.992402836206094
4min,4,ROLLING_MEAN_6H,reference,validation,temperature,240,1446.0,4.840197985502791,6.028232486662785,0.05369971441012218,-1.2206902291916801,20.881149108852444,4.153136716330573
4min,4,DIURNAL_CLIMATOLOGY,reference,validation,temperature,240,1446.0,2.0137472294367815,2.5503421623007068,1.9675616048955127,0.6025295038212203,8.871832071141949,1.72789782174873
4min,4,PERSISTENCE,reference,validation,temperature,480,1446.0,5.549139004149377,6.736333122871294,-0.34631742738589216,-1.6239842198808128,23.952143208631355,4.761444265540893
4min,4,SEASONAL_NAIVE_24H,reference,validation,temperature,480,1446.0,1.1450576302443523,1.4943608878949972,-0.17816620562471172,0.8708706121809409,5.172261473274824,0.9825178434283189
4min,4,ROLLING_MEAN_6H,reference,validation,temperature,480,1446.0,5.950337425080682,6.899087105433611,-0.1764178512883562,-1.752310102255187,25.957845573754817,5.105692971377782
4min,4,DIURNAL_CLIMATOLOGY,reference,validation,temperature,480,1446.0,1.8722576332383227,2.3828741616018494,1.8166800419700928,0.6716656474710456,8.249202124672502,1.6064925323967976
4min,4,PERSISTENCE,reference,validation,relative_humidity,60,1446.0,3.0834330336560627,4.391927143873708,-0.10800887505763022,0.8539061085360502,4.962341369248806,0.8377410528286299
4min,4,SEASONAL_NAIVE_24H,reference,validation,relative_humidity,60,1446.0,3.6403296449976943,4.89675079001613,0.5539880129091752,0.8183908159211067,5.600407451091689,0.9890448588168723
4min,4,ROLLING_MEAN_6H,reference,validation,relative_humidity,60,1446.0,9.01309284872701,11.88221056473307,-0.5468645433123301,-0.06934117982144672,14.142115706268893,2.448776350878579
4min,4,DIURNAL_CLIMATOLOGY,reference,validation,relative_humidity,60,1446.0,4.3318979568136715,5.673448281857389,-3.068244438573509,0.7562099347144872,6.637531012454997,1.1769377558961667
4min,4,PERSISTENCE,reference,validation,relative_humidity,120,1446.0,5.91887102351314,8.308418136036325,-0.07710984324573528,0.473730684700019,9.472090509044447,1.6081040803131823
4min,4,SEASONAL_NAIVE_24H,reference,validation,relative_humidity,120,1446.0,3.6632451590594743,4.920017347463626,0.47228273397879234,0.8154540041066058,5.642692977911426,0.9952707981081377
4min,4,ROLLING_MEAN_6H,reference,validation,relative_humidity,120,1446.0,11.052969391936887,14.163753612297667,-0.5159655115004355,-0.5294246491204408,17.126938293649197,3.0029924808532975
4min,4,DIURNAL_CLIMATOLOGY,reference,validation,relative_humidity,120,1446.0,4.4153149451683085,5.740910565326712,-3.201324831525547,0.7487344657093848,6.794611511253394,1.1996014021908123
4min,4,PERSISTENCE,reference,validation,relative_humidity,240,1446.0,10.906549677270633,14.421176488016,0.34021380820654684,-0.4666973775097203,17.095824683757478,2.9632115598537148
4min,4,SEASONAL_NAIVE_24H,reference,validation,relative_humidity,240,1446.0,3.7436036191793454,5.0118079165104765,0.3865462194559704,0.8228553798680092,5.810179174856161,1.0171034697600616
4min,4,ROLLING_MEAN_6H,reference,validation,relative_humidity,240,1446.0,14.600236578556427,17.767433127787474,-0.09864186004815303,-1.2263247320914452,22.29955037455731,3.9667531058277063
4min,4,DIURNAL_CLIMATOLOGY,reference,validation,relative_humidity,240,1446.0,4.481822646764173,5.767181732062748,-3.203338523409026,0.7654332743450266,6.926371300925441,1.2176709471908114
4min,4,PERSISTENCE,reference,validation,relative_humidity,480,1446.0,16.697577800829876,19.84334861336523,0.8520602812355929,-1.6388838397709806,25.46953009016778,4.536581872825417
4min,4,SEASONAL_NAIVE_24H,reference,validation,relative_humidity,480,1446.0,3.6367778930382664,4.732550867525055,0.5388721761180266,0.8498999177051244,5.670540644771535,0.9880798797194184
4min,4,ROLLING_MEAN_6H,reference,validation,relative_humidity,480,1446.0,18.004798652732955,20.621109155628552,0.41320461298089234,-1.849800060421285,27.062076899942824,4.891742033853573
4min,4,DIURNAL_CLIMATOLOGY,reference,validation,relative_humidity,480,1446.0,4.120921810176428,5.289648435264905,-2.920173711371995,0.8124815665496427,6.397829558509837,1.1196174323229173
4min,4,PERSISTENCE,reference,test,temperature,60,2742.0,1.047466569414053,1.5807563877637925,0.019104668125455884,0.8590598575702032,4.310206392463811,0.898779736199248
4min,4,SEASONAL_NAIVE_24H,reference,test,temperature,60,2742.0,1.3056178580111841,1.7530932799052277,0.1488551543885242,0.8266535847172638,5.794922312343384,1.1202867072471323
4min,4,ROLLING_MEAN_6H,reference,test,temperature,60,2742.0,3.129821122727395,4.2998906490656825,0.2218892806008051,-0.042844697894352635,13.078340654849244,2.6855461407320615
4min,4,DIURNAL_CLIMATOLOGY,reference,test,temperature,60,2742.0,1.414832379581919,1.8361932234476452,1.1152395648043438,0.8098301886395673,6.349354881014606,1.2139983365751998
4min,4,PERSISTENCE,reference,test,temperature,120,2742.0,1.9870824215900806,2.950169009091992,0.003502917578409947,0.5150244016040607,8.164670560533217,1.705018056740413
4min,4,SEASONAL_NAIVE_24H,reference,test,temperature,120,2742.0,1.3140384147823971,1.7581317206498952,0.12675115487478725,0.827762023820215,5.836191412760017,1.1275119743959592
4min,4,ROLLING_MEAN_6H,reference,test,temperature,120,2742.0,3.7256449266553204,5.020908236857312,0.20628753005375905,-0.40472290160640223,15.65847224188305,3.19679335086034
4min,4,DIURNAL_CLIMATOLOGY,reference,test,temperature,120,2742.0,1.4047899141324305,1.827675426270295,1.107667020470132,0.81386663027882,6.306490691165369,1.2053813890648555
4min,4,PERSISTENCE,reference,test,temperature,240,2742.0,3.54489423778264,5.04352753838945,-0.06852115244347193,-0.368537742789838,14.633687151366608,3.041700041721418
4min,4,SEASONAL_NAIVE_24H,reference,test,temperature,240,2742.0,1.329492462922441,1.7796271619704005,0.11922258691952344,0.8296092409447047,5.884789108910991,1.14077233583956
4min,4,ROLLING_MEAN_6H,reference,test,temperature,240,2742.0,4.736176135289191,6.070069156843803,0.13426346003187717,-0.9823268547779533,20.09708897305437,4.06388066384745
4min,4,DIURNAL_CLIMATOLOGY,reference,test,temperature,240,2742.0,1.4154776685219492,1.832482387139697,1.1167957933953603,0.8193376710227557,6.3443534964349455,1.2145520273947714
4min,4,PERSISTENCE,reference,test,temperature,480,2742.0,5.764020787746171,7.177635399388437,-0.5213056163384392,-1.496620914347532,24.2366510517612,4.945823794601364
4min,4,SEASONAL_NAIVE_24H,reference,test,temperature,480,2742.0,1.3238721735959154,1.7604681992595557,0.12943319961098956,0.8498082126472553,5.776706183492145,1.1359498409688322
4min,4,ROLLING_MEAN_6H,reference,test,temperature,480,2742.0,6.078713300645649,7.163296567821824,-0.31852100386309007,-1.4866558305405966,25.99240712166784,5.215846019640861
4min,4,DIURNAL_CLIMATOLOGY,reference,test,temperature,480,2742.0,1.4129166878051842,1.8353568349508735,1.0989130084566348,0.8367583996863677,6.250706420457355,1.2123545753325895
4min,4,PERSISTENCE,reference,test,relative_humidity,60,2742.0,2.9755011548747867,4.382115825426572,-0.06370805981035728,0.8684232161846887,4.850013865565285,0.8084169310536266
4min,4,SEASONAL_NAIVE_24H,reference,test,relative_humidity,60,2742.0,3.2494879042061755,4.614444596813286,-0.2033281667882323,0.8541016320511081,5.187476532932208,0.8828566692741824
4min,4,ROLLING_MEAN_6H,reference,test,relative_humidity,60,2742.0,9.237150704406083,12.340246887595885,-0.6515383573763406,-0.04342024516386256,14.483620771666676,2.509650857268799
4min,4,DIURNAL_CLIMATOLOGY,reference,test,relative_humidity,60,2742.0,3.684742323305619,4.744873665306942,-2.621700765255386,0.845737321094304,5.655074480059014,1.0011113844973423
4min,4,PERSISTENCE,reference,test,relative_humidity,120,2742.0,5.662660162898129,8.21381770854009,-0.02633752735229753,0.5417598901089269,9.190782247913292,1.5384938913533623
4min,4,SEASONAL_NAIVE_24H,reference,test,relative_humidity,120,2742.0,3.2690864332603935,4.660981812858988,-0.1669268174082179,0.852443686417262,5.220944611109457,0.8881814135396044
4min,4,ROLLING_MEAN_6H,reference,test,relative_humidity,120,2742.0,10.995443826485129,14.458279560992732,-0.6141678249182808,-0.41982956685984685,17.03300520248428,2.9873633015456553
4min,4,DIURNAL_CLIMATOLOGY,reference,test,relative_humidity,120,2742.0,3.6518257503666933,4.713874033350028,-2.5955160573572678,0.8490757849416789,5.608726972073053,0.9921682473614372
4min,4,PERSISTENCE,reference,test,relative_humidity,240,2742.0,10.215092693897398,14.228144713893784,0.16093818380743974,-0.34908112019983406,16.211639325852627,2.775348909712108
4min,4,SEASONAL_NAIVE_24H,reference,test,relative_humidity,240,2742.0,3.3000158035497202,4.674970339375605,-0.19213287138341853,0.8543537736286793,5.265755659092911,0.896584645569192
4min,4,ROLLING_MEAN_6H,reference,test,relative_humidity,240,2742.0,14.012299737282873,17.575553373523707,-0.4268921137585436,-1.0585410546824119,21.300631412806798,3.807015948240977
4min,4,DIURNAL_CLIMATOLOGY,reference,test,relative_humidity,240,2742.0,3.660049164536119,4.669495408041265,-2.625103806893752,0.8546947110485913,5.619184672190117,0.9944024751098413
4min,4,PERSISTENCE,reference,test,relative_humidity,480,2742.0,17.06177455628495,20.833823313050377,1.5684965353756386,-1.584886220131554,26.187237711932703,4.635530859238117
4min,4,SEASONAL_NAIVE_24H,reference,test,relative_humidity,480,2742.0,3.455557379042062,4.841639828542992,-0.12059688791636274,0.8603990300045665,5.631490146069798,0.9388438942019005
4min,4,ROLLING_MEAN_6H,reference,test,relative_humidity,480,2742.0,18.065432297998218,20.996932764419395,0.9806662378096549,-1.6255191669077385,27.15943844523177,4.9082156505226955
4min,4,DIURNAL_CLIMATOLOGY,reference,test,relative_humidity,480,2742.0,3.7225130865587794,4.791595196192153,-2.4338098660261966,0.8632700296382485,5.841298907925972,1.0113733615302356
12min,12,PERSISTENCE,reference,validation,temperature,60,135.0,1.1358436213991774,1.608955586571936,0.03869135802469138,0.8336838236402861,4.758644058122684,0.9773150441440991
12min,12,SEASONAL_NAIVE_24H,reference,validation,temperature,60,135.0,1.1748518518518518,1.4955957652248117,-0.04425514403292191,0.856294022417387,5.468082653938615,1.0108789342330153
12min,12,ROLLING_MEAN_6H,reference,validation,temperature,60,135.0,3.021163923182442,4.107213807914769,0.01961412894375861,-0.08377967623476978,12.904780122913145,2.5995030454231385
12min,12,DIURNAL_CLIMATOLOGY,reference,validation,temperature,60,135.0,2.1468745482819482,2.7807277034912827,2.106510396475748,0.503220910574545,9.412979332907911,1.8472373788051935
12min,12,PERSISTENCE,reference,validation,temperature,120,135.0,2.231028806584362,3.0236525482452983,-0.018469135802469235,0.39067424337422096,9.40099402168283,1.9196463100332657
12min,12,SEASONAL_NAIVE_24H,reference,validation,temperature,120,135.0,1.2127057613168724,1.519343890602249,-0.02032304526748987,0.8461498459526599,5.480348576681303,1.0434496107793705
12min,12,ROLLING_MEAN_6H,reference,validation,temperature,120,135.0,3.790100548696845,4.935988519807876,-0.03754636488340208,-0.6238056552246345,16.308336346471616,3.2611199422833805
12min,12,DIURNAL_CLIMATOLOGY,reference,validation,temperature,120,135.0,2.2578519913409387,2.9269925841186715,2.22077563811796,0.4290093300164358,9.747706392084817,1.9427258092711683
12min,12,PERSISTENCE,reference,validation,temperature,240,135.0,4.299769547325103,5.587228936416395,-0.42730864197530877,-0.7380153969726715,18.129119300078695,3.699654939979337
12min,12,SEASONAL_NAIVE_24H,reference,validation,temperature,240,135.0,1.0985658436213992,1.3589479428281541,-0.04073045267489769,0.8971826688104839,4.904800109262221,0.9452400891519632
12min,12,ROLLING_MEAN_6H,reference,validation,temperature,240,135.0,5.3502248285322365,6.525975764450236,-0.4463858710562417,-1.3711094363971434,22.984586259465807,4.603499210601479
12min,12,DIURNAL_CLIMATOLOGY,reference,validation,temperature,240,135.0,2.125516175437648,2.6672251765012565,2.0779157616072688,0.6039226118375648,9.19166488642255,1.8288599730550428
12min,12,PERSISTENCE,reference,validation,temperature,480,135.0,5.855720164609052,6.957119498375578,-0.3878765432098767,-1.7198695249846283,25.221076072333553,5.038443059723936
12min,12,SEASONAL_NAIVE_24H,reference,validation,temperature,480,135.0,1.1656316872427985,1.478485183920281,-0.12403086419753077,0.877164726143659,5.349013040191758,1.0029456189313786
12min,12,ROLLING_MEAN_6H,reference,validation,temperature,480,135.0,6.250524417009602,7.044833827699697,-0.4069537722908093,-1.7888852917844016,27.289587714372455,5.378144870865701
12min,12,DIURNAL_CLIMATOLOGY,reference,validation,temperature,480,135.0,1.9034733149707292,2.4447699216286782,1.8404627763061165,0.6641347035336571,8.358812713867339,1.6378074162675227
12min,12,PERSISTENCE,reference,validation,relative_humidity,60,135.0,3.2616563786008217,4.530646769411289,-0.039919753086420186,0.8452577095333843,5.277755776875626,0.8879651318964612
12min,12,SEASONAL_NAIVE_24H,reference,validation,relative_humidity,60,135.0,4.300127572016461,5.408658610317623,0.5869670781893005,0.7794699615108518,6.63843138849429,1.1706822863710735
12min,12,ROLLING_MEAN_6H,reference,validation,relative_humidity,60,135.0,9.2699914951989,12.133728954313778,0.19222249657064602,-0.10988298093099558,14.571941718214514,2.523696019825505
12min,12,DIURNAL_CLIMATOLOGY,reference,validation,relative_humidity,60,135.0,4.893475410520144,6.465471952012117,-3.3605861840476026,0.6848704877531049,7.674407804064243,1.332217448423742
12min,12,PERSISTENCE,reference,validation,relative_humidity,120,135.0,6.577878600823045,8.680865085938189,0.1901049382716051,0.40408723384475576,10.559367028238324,1.7907854664581107
12min,12,SEASONAL_NAIVE_24H,reference,validation,relative_humidity,120,135.0,4.2714465020576124,5.399171623376918,0.6244053497942388,0.7694787630834093,6.647679696471248,1.1628740481286792
12min,12,ROLLING_MEAN_6H,reference,validation,relative_humidity,120,135.0,11.551307544581618,14.562791928753345,0.4222471879286712,-0.677049821925177,17.871511931329444,3.144769754011027
12min,12,DIURNAL_CLIMATOLOGY,reference,validation,relative_humidity,120,135.0,5.001124334348654,6.490919629260069,-3.609974897488193,0.6668275062631956,7.9327426759474005,1.3615241808781586
12min,12,PERSISTENCE,reference,validation,relative_humidity,240,135.0,12.70684156378601,16.127586615468466,1.2098827160493835,-0.679417709933201,20.078902854306758,3.4593565156654966
12min,12,SEASONAL_NAIVE_24H,reference,validation,relative_humidity,240,135.0,3.9759526748971186,5.046160621632916,0.7890514403292185,0.8355847477918842,6.277522858024199,1.0824277396424014
12min,12,ROLLING_MEAN_6H,reference,validation,relative_humidity,240,135.0,16.126139094650203,19.295338399537457,1.4420249657064494,-1.4039462984659732,24.757736920636262,4.390238445137643
12min,12,DIURNAL_CLIMATOLOGY,reference,validation,relative_humidity,240,135.0,4.839297980857154,5.95120750251559,-3.2590095125149836,0.7713189650681542,7.6431866761287885,1.31746798897972
12min,12,PERSISTENCE,reference,validation,relative_humidity,480,135.0,17.450623456790122,20.242780690084857,0.5574876543209872,-1.7305070810539118,26.687864589210946,4.750820859348576
12min,12,SEASONAL_NAIVE_24H,reference,validation,relative_humidity,480,135.0,3.6259506172839497,4.705486491153392,0.38973662551440336,0.8524592356469383,5.568281129826304,0.9871419133084107
12min,12,ROLLING_MEAN_6H,reference,validation,relative_humidity,480,135.0,18.76349794238683,20.85487123222537,0.7896299039780535,-1.898130867097843,28.211687271921377,5.108242558769432
12min,12,DIURNAL_CLIMATOLOGY,reference,validation,relative_humidity,480,135.0,4.420831654818814,5.4984729662415495,-3.2214656396041783,0.7985407766160777,6.903550471212301,1.2035432025329444
12min,12,PERSISTENCE,reference,test,temperature,60,378.0,0.8919914756025868,1.3615723477348316,0.03642416225749555,0.8823377106422957,3.753365636819095,0.7674971025332146
12min,12,SEASONAL_NAIVE_24H,reference,test,temperature,60,378.0,1.3366144914756029,1.800683698283596,0.40379262198706667,0.7942069448869604,5.961203691516239,1.1500645213211456
12min,12,ROLLING_MEAN_6H,reference,test,temperature,60,378.0,2.8244664168136397,3.9594793453907813,0.42939939741328675,0.004979536709920129,12.055736112819813,2.43025841658677
12min,12,DIURNAL_CLIMATOLOGY,reference,test,temperature,60,378.0,1.5464416994324925,1.9521517422260006,1.355391209542058,0.7581294489005076,7.055490719334177,1.3306063522066425
12min,12,PERSISTENCE,reference,test,temperature,120,378.0,1.7306393298059963,2.6547460616424554,-0.0024294532627866516,0.5672648107240285,7.312421454993959,1.4890957004480532
12min,12,SEASONAL_NAIVE_24H,reference,test,temperature,120,378.0,1.3222104644326869,1.7375085886398838,0.30153586125808357,0.8146339641723501,5.936291282896227,1.1376708501677526
12min,12,ROLLING_MEAN_6H,reference,test,temperature,120,378.0,3.40142242308446,4.661209170340729,0.39054578189300454,-0.3340540533617178,14.57044662902691,2.9266892404383626
12min,12,DIURNAL_CLIMATOLOGY,reference,test,temperature,120,378.0,1.4915856273167856,1.8692859986374832,1.2688700914442346,0.7854503806365778,6.821702634534459,1.2834064881309055
12min,12,PERSISTENCE,reference,test,temperature,240,378.0,3.046688712522046,4.580748949196058,-0.02521604938271616,-0.2601535491800999,12.84711159458205,2.621465365015579
12min,12,SEASONAL_NAIVE_24H,reference,test,temperature,240,378.0,1.3606959141681365,1.7933845850600718,0.2864057907113463,0.8068488267017438,6.127363346504666,1.170784923530047
12min,12,ROLLING_MEAN_6H,reference,test,temperature,240,378.0,4.276222393689987,5.600899181282577,0.36775918577307504,-0.8839353537652161,18.46787840321935,3.679394239420907
12min,12,DIURNAL_CLIMATOLOGY,reference,test,temperature,240,378.0,1.4588544831960824,1.8233670351704663,1.2302137557960202,0.8003364983429666,6.696261735299864,1.255243597607466
12min,12,PERSISTENCE,reference,test,temperature,480,378.0,5.6317945326278664,7.1045736056983975,-1.0453483245149915,-1.2568872255378554,23.895345261415702,4.845770507990886
12min,12,SEASONAL_NAIVE_24H,reference,test,temperature,480,378.0,1.3973537624926515,1.843721159228656,0.2413176072898294,0.8480067498201191,6.115092150264273,1.2023264720130757
12min,12,ROLLING_MEAN_6H,reference,test,temperature,480,378.0,6.015841049382717,7.162996820140685,-0.6523730893592004,-1.294158075361464,25.874649856130972,5.176216030071911
12min,12,DIURNAL_CLIMATOLOGY,reference,test,temperature,480,378.0,1.4699057435410219,1.8983751285839436,1.1846312463009674,0.8388620282014525,6.583297260166235,1.264752444413823
12min,12,PERSISTENCE,reference,test,relative_humidity,60,378.0,2.5319385655496767,3.7226229038204504,-0.17834362139917695,0.8943255527598896,4.069915331460333,0.6893041146402169
12min,12,SEASONAL_NAIVE_24H,reference,test,relative_humidity,60,378.0,3.157912257495592,4.498588213152486,-0.5149698706643159,0.8456792317369076,4.97744240292232,0.8597214570614665
12min,12,ROLLING_MEAN_6H,reference,test,relative_humidity,60,378.0,8.358117675876935,11.300097358613888,-1.2995202821869491,0.02627512391748077,12.927749486632392,2.275444192453516
12min,12,DIURNAL_CLIMATOLOGY,reference,test,relative_humidity,60,378.0,3.633792813339495,4.605020648402514,-2.830658796359644,0.8382906771913912,5.484486827708805,0.9892769011325443
12min,12,PERSISTENCE,reference,test,relative_humidity,120,378.0,4.919983833039388,7.381078825958886,-0.10185332157554361,0.5959454896953582,7.857736060744795,1.339434197267397
12min,12,SEASONAL_NAIVE_24H,reference,test,relative_humidity,120,378.0,3.07100014697237,4.3930039032462265,-0.275271164021164,0.856872379722537,4.823367386308335,0.8360601896788924
12min,12,ROLLING_MEAN_6H,reference,test,relative_humidity,120,378.0,9.962911032725849,13.316691313093115,-1.223029982363316,-0.31520344466314887,15.282787081095375,2.712338941431397
12min,12,DIURNAL_CLIMATOLOGY,reference,test,relative_humidity,120,378.0,3.458878298306926,4.374326121516661,-2.5945131736650895,0.8580868668693449,5.240264980206975,0.9416575407883597
12min,12,PERSISTENCE,reference,test,relative_humidity,240,378.0,8.73262933568489,12.776427284376068,-0.014075543797766045,-0.19053357272915705,13.673404504308484,2.377402601555088
12min,12,SEASONAL_NAIVE_24H,reference,test,relative_humidity,240,378.0,3.192813786008231,4.466198154529704,-0.26655570252792526,0.8545215157987084,5.018988310695197,0.8692231754437102
12min,12,ROLLING_MEAN_6H,reference,test,relative_humidity,240,378.0,12.648927983539092,16.103358573780874,-1.135252204585538,-0.8912795155556212,19.072724018696352,3.443589913070587
12min,12,DIURNAL_CLIMATOLOGY,reference,test,relative_humidity,240,378.0,3.365614757564443,4.228188899417398,-2.4543441568013584,0.8696138219709079,5.092935020296303,0.9162671370659248
12min,12,PERSISTENCE,reference,test,relative_humidity,480,378.0,16.4605834803057,20.32137750928026,2.93816431510876,-1.410258179071759,25.166166775630106,4.481288794576357
12min,12,SEASONAL_NAIVE_24H,reference,test,relative_humidity,480,378.0,3.444702380952381,4.876725369723876,-0.1992159024103468,0.8611921983698886,5.632544018811397,0.9377982377648812
12min,12,ROLLING_MEAN_6H,reference,test,relative_humidity,480,378.0,17.674800803448953,20.641939082412634,1.8169876543209875,-1.4868996533787353,26.5432476295056,4.811851711188186
12min,12,DIURNAL_CLIMATOLOGY,reference,test,relative_humidity,480,378.0,3.378455687344983,4.4727765404154205,-2.1932825482271876,0.8832352697108308,5.318746893379077,0.9197629982427976
20min,20,PERSISTENCE,reference,validation,temperature,60,239.0,1.046581589958159,1.521987204809523,0.0483821478382149,0.8373481927986627,4.419989353267317,0.9037727364496327
20min,20,SEASONAL_NAIVE_24H,reference,validation,temperature,60,239.0,0.9852559274755929,1.315895730331827,-0.11192538354253832,0.8784150429179666,4.575788501048534,0.8508151244218202
20min,20,ROLLING_MEAN_6H,reference,validation,temperature,60,239.0,2.8119582364791573,3.8966330515737533,0.26504710987137775,-0.06614410550244054,11.946399439863722,2.428259023996832
20min,20,DIURNAL_CLIMATOLOGY,reference,validation,temperature,60,239.0,2.0594417255568063,2.615092183729005,2.0232235154118126,0.519812450225188,9.118879288943187,1.7784254010616023
20min,20,PERSISTENCE,reference,validation,temperature,120,239.0,2.00468549511855,2.8860108616418345,-0.03538842398884236,0.43648039666899974,8.472630808378053,1.731140804527826
20min,20,SEASONAL_NAIVE_24H,reference,validation,temperature,120,239.0,0.9993214783821478,1.32418971526829,-0.040417712691771294,0.8813648108487359,4.570921280179314,0.862961393336217
20min,20,ROLLING_MEAN_6H,reference,validation,temperature,120,239.0,3.5559938013327135,4.75698666596613,0.1812765380443205,-0.5310062874417241,15.173558947903606,3.070768948608089
20min,20,DIURNAL_CLIMATOLOGY,reference,validation,temperature,120,239.0,2.1164086500274775,2.7073122383807644,2.085593562991771,0.5041049204683041,9.335678042962781,1.8276190365220124
20min,20,PERSISTENCE,reference,validation,temperature,240,239.0,3.7476994421199445,5.0616660989244835,-0.3483061366806136,-0.6139407603229912,16.011071943104422,3.2363158426386183
20min,20,SEASONAL_NAIVE_24H,reference,validation,temperature,240,239.0,1.0973305439330547,1.4585423475639567,0.00836541143654114,0.8659895423571237,4.881456505797043,0.9475968600974427
20min,20,ROLLING_MEAN_6H,reference,validation,temperature,240,239.0,4.87131512474818,6.0180487478978435,-0.1316411746474507,-1.2814555245663208,20.955832506327713,4.20661116404518
20min,20,DIURNAL_CLIMATOLOGY,reference,validation,temperature,240,239.0,2.141661875177093,2.744836509889299,2.1025633461871998,0.5253936246164096,9.282671815881269,1.8494263916452371
20min,20,PERSISTENCE,reference,validation,temperature,480,239.0,5.517883542538354,6.696816941499479,-0.55415690376569,-1.6319536788368212,23.876861202286943,4.764953594157578
20min,20,SEASONAL_NAIVE_24H,reference,validation,temperature,480,239.0,1.1162343096234313,1.476616552319811,-0.19706555090655486,0.8720392280987365,4.958494496123829,0.9639211564648931
20min,20,ROLLING_MEAN_6H,reference,validation,temperature,480,239.0,5.910578878041221,6.902187425734599,-0.3374919417325272,-1.7958565369527868,25.6951069215426,5.104064602189566
20min,20,DIURNAL_CLIMATOLOGY,reference,validation,temperature,480,239.0,1.8346564166804094,2.277686830948834,1.7912607094584627,0.6955405853538357,8.11371705156542,1.5843126480128706
20min,20,PERSISTENCE,reference,validation,relative_humidity,60,239.0,3.0458033472803345,4.289020239661387,-0.09879776847977721,0.8546700408101569,4.910619864815857,0.8311323897954842
20min,20,SEASONAL_NAIVE_24H,reference,validation,relative_humidity,60,239.0,3.4956882845188284,4.679351446777567,0.74279009762901,0.8270142657703801,5.35280631118692,0.9538960420693241
20min,20,ROLLING_MEAN_6H,reference,validation,relative_humidity,60,239.0,8.636798000929799,11.529110075256012,-0.6260919727258638,-0.050099693275035495,13.572665071454978,2.356791212112669
20min,20,DIURNAL_CLIMATOLOGY,reference,validation,relative_humidity,60,239.0,4.561157796625472,5.884832823093785,-3.3845336058627216,0.7264055898293307,6.961128189094104,1.2446391140546338
20min,20,PERSISTENCE,reference,validation,relative_humidity,120,239.0,5.900403765690377,8.209079756906577,0.16779428172942787,0.4793741302558554,9.442314428707084,1.6100897278596211
20min,20,SEASONAL_NAIVE_24H,reference,validation,relative_humidity,120,239.0,3.5363556485355643,4.821170612308727,0.5992873082287311,0.8204266869698068,5.431024770233208,0.9649932665411842
20min,20,ROLLING_MEAN_6H,reference,validation,relative_humidity,120,239.0,10.915677824267782,14.00663060065672,-0.3594999225166587,-0.5156682183785908,16.979593675726235,2.978647129146462
20min,20,DIURNAL_CLIMATOLOGY,reference,validation,relative_humidity,120,239.0,4.712940596905734,6.092816751085059,-3.5046377342270625,0.7132040416867365,7.192852250968063,1.2860572842852984
20min,20,PERSISTENCE,reference,validation,relative_humidity,240,239.0,11.207548814504879,14.70522245723786,0.9939449093444905,-0.555335279052745,17.466462926011907,3.0582922690220684
20min,20,SEASONAL_NAIVE_24H,reference,validation,relative_humidity,240,239.0,3.762518828451883,5.083448326270961,0.37840027894002826,0.8141349846153256,5.884702113036596,1.0267081978007615
20min,20,ROLLING_MEAN_6H,reference,validation,relative_humidity,240,239.0,14.846973190763983,17.936302303355223,0.46665070509840384,-1.3139110257871818,22.737716179106616,4.051410712476771
20min,20,DIURNAL_CLIMATOLOGY,reference,validation,relative_humidity,240,239.0,4.876123385716836,6.199166918434923,-3.5239273358673247,0.7235939873248278,7.577139187511407,1.3305862593286697
20min,20,PERSISTENCE,reference,validation,relative_humidity,480,239.0,16.731539051603903,19.888342278016204,1.3724232914923287,-1.612247572389324,25.488323439872612,4.565667067551524
20min,20,SEASONAL_NAIVE_24H,reference,validation,relative_humidity,480,239.0,3.6378800557880058,4.779902597852369,0.6593877266387733,0.8491118072246742,5.7466914371106865,0.9926970325435548
20min,20,ROLLING_MEAN_6H,reference,validation,relative_humidity,480,239.0,17.987006973500698,20.773046733440424,0.8451290872462421,-1.8498208491493426,27.173751627801124,4.908256504643509
20min,20,DIURNAL_CLIMATOLOGY,reference,validation,relative_humidity,480,239.0,4.187511793580781,5.263258848819381,-2.9167363397385517,0.8170524399585766,6.467374502893904,1.1426793812552851
20min,20,PERSISTENCE,reference,test,temperature,60,556.0,1.003527278177458,1.4965214401115103,0.040635191846522756,0.8712516650143909,4.1404769500095115,0.866593300515206
20min,20,SEASONAL_NAIVE_24H,reference,test,temperature,60,556.0,1.321798561151079,1.765541052718099,0.14735971223021577,0.820802735575143,5.875347381845632,1.1414356167821151
20min,20,ROLLING_MEAN_6H,reference,test,temperature,60,556.0,3.014042799094058,4.155596953617099,0.2949865107913667,0.007243879202457171,12.626456993415111,2.602768608248163
20min,20,DIURNAL_CLIMATOLOGY,reference,test,temperature,60,556.0,1.4529308370731158,1.8761241482510238,1.1649904518645762,0.79765201602347,6.534327908489028,1.2546745433828261
20min,20,PERSISTENCE,reference,test,temperature,120,556.0,1.8997452038369302,2.802782005405369,0.043433453237410026,0.548019224486008,7.864257243288525,1.6405198963010699
20min,20,SEASONAL_NAIVE_24H,reference,test,temperature,120,556.0,1.3119418465227817,1.7450428365798933,0.10512170263788972,0.8247921717307811,5.8473536664867005,1.1329238771934458
20min,20,ROLLING_MEAN_6H,reference,test,temperature,120,556.0,3.5912594257926993,4.852195317589872,0.29778477218225397,-0.3546212080972795,15.142924011910658,3.1012224844113327
20min,20,DIURNAL_CLIMATOLOGY,reference,test,temperature,120,556.0,1.4209235966535196,1.838147302553377,1.1436695987720953,0.8055974557838561,6.414627439236076,1.2270347764140834
20min,20,PERSISTENCE,reference,test,temperature,240,556.0,3.437619904076739,4.914520107933934,0.0014004796163069344,-0.3488368194203142,14.26929624142573,2.9685474858251286
20min,20,SEASONAL_NAIVE_24H,reference,test,temperature,240,556.0,1.305951139088729,1.7553203196027987,0.11460821342925659,0.827928105499975,5.800146845196224,1.1277506177907466
20min,20,ROLLING_MEAN_6H,reference,test,temperature,240,556.0,4.609316080468958,5.920193686388634,0.2557517985611509,-0.9573523456569548,19.63122258770367,3.98036258919218
20min,20,DIURNAL_CLIMATOLOGY,reference,test,temperature,240,556.0,1.4242278942518631,1.8552931224698284,1.1359421437566943,0.8077695205696112,6.426608588965825,1.2298881937789143
20min,20,PERSISTENCE,reference,test,temperature,480,556.0,5.730866306954437,7.156383711710588,-0.4641990407673861,-1.4424359049121134,24.17615131527824,4.948874291463772
20min,20,SEASONAL_NAIVE_24H,reference,test,temperature,480,556.0,1.292546762589928,1.7237002579151315,0.16402458033573145,0.8583033992676113,5.6831724547782825,1.1161753042700808
20min,20,ROLLING_MEAN_6H,reference,test,temperature,480,556.0,6.046728950173194,7.1511770129066985,-0.20984772182254222,-1.4388831602812866,25.906865072373797,5.221636633304166
20min,20,DIURNAL_CLIMATOLOGY,reference,test,temperature,480,556.0,1.4274760342841177,1.826425116741981,1.125964639686906,0.8409111727805038,6.381255178042609,1.2326931164275534
20min,20,PERSISTENCE,reference,test,relative_humidity,60,556.0,2.810830635491607,4.077555800342416,-0.11246372901678667,0.8857262362245413,4.585747566510007,0.7670135320694683
20min,20,SEASONAL_NAIVE_24H,reference,test,relative_humidity,60,556.0,3.3369139688249394,4.701951284269785,-0.019120203836930524,0.8480492121452595,5.334060709406492,0.9105700418669024
20min,20,ROLLING_MEAN_6H,reference,test,relative_humidity,60,556.0,8.878722505329069,11.892331666862175,-0.8574661104449779,0.02796762182576329,13.938562081055906,2.422807060335764
20min,20,DIURNAL_CLIMATOLOGY,reference,test,relative_humidity,60,556.0,3.6489367468332716,4.681592906981074,-2.5850971239821763,0.8493621880859619,5.589480709617456,0.9957141590628646
20min,20,PERSISTENCE,reference,test,relative_humidity,120,556.0,5.401059952038369,7.778751175081059,-0.16550119904076738,0.5747756592814983,8.732219968658322,1.4738298417639657
20min,20,SEASONAL_NAIVE_24H,reference,test,relative_humidity,120,556.0,3.27141726618705,4.617168731379088,0.02993405275779389,0.850186879908419,5.183727365061347,0.8926974398698757
20min,20,ROLLING_MEAN_6H,reference,test,relative_humidity,120,556.0,10.54858431588063,13.872634811803124,-0.9105035804689587,-0.3524345753354641,16.32746401687735,2.878475427261422
20min,20,DIURNAL_CLIMATOLOGY,reference,test,relative_humidity,120,556.0,3.5130780007706366,4.499765857348901,-2.5582296574587904,0.8577087516661752,5.344517144845382,0.9586413111423049
20min,20,PERSISTENCE,reference,test,relative_humidity,240,556.0,9.86235731414868,13.785651984508734,-0.045852517985611435,-0.31311599850586425,15.626270948085832,2.691219251185268
20min,20,SEASONAL_NAIVE_24H,reference,test,relative_humidity,240,556.0,3.2278579136690646,4.656165556608523,-0.008766786570743366,0.8502022469218269,5.150896853146029,0.8808110556788069
20min,20,ROLLING_MEAN_6H,reference,test,relative_humidity,240,556.0,13.606967276179056,17.075816148533463,-0.7908548994138029,-1.0147047566172174,20.680229431632696,3.7130405153103125
20min,20,DIURNAL_CLIMATOLOGY,reference,test,relative_humidity,240,556.0,3.5213320708609372,4.537208940569797,-2.52580818729572,0.8577585962036893,5.376948851572561,0.9608936643698422
20min,20,PERSISTENCE,reference,test,relative_humidity,480,556.0,16.856272781774578,20.609281774767954,1.3630971223021584,-1.5805431094985534,25.828336181343374,4.599704144612795
20min,20,SEASONAL_NAIVE_24H,reference,test,relative_humidity,480,556.0,3.389300959232614,4.734307567394185,-0.083656474820144,0.8638246996049097,5.483783339669683,0.9248652932561958
20min,20,ROLLING_MEAN_6H,reference,test,relative_humidity,480,556.0,17.83824478750333,20.792606860907508,0.6180947408739671,-1.6266565424772694,26.814897824997246,4.8676625932639075
20min,20,DIURNAL_CLIMATOLOGY,reference,test,relative_humidity,480,556.0,3.565244181966105,4.610423798406978,-2.3617466520708934,0.8708581209542082,5.554876227520858,0.9728763085797489
30min,30,PERSISTENCE,reference,validation,temperature,60,142.0,1.127630051140174,1.5989080971445508,0.10445894114688127,0.8289881264027499,4.737637102582502,0.9790524977342074
30min,30,SEASONAL_NAIVE_24H,reference,validation,temperature,60,142.0,0.9816004359490278,1.3226081657127842,-0.05484343561368239,0.8829849666405166,4.493329018177472,0.852263876455894
30min,30,ROLLING_MEAN_6H,reference,validation,temperature,60,142.0,2.714229124748491,3.728783442509359,0.06597653630114018,0.06993439412444535,11.551595452243056,2.356599845242691
30min,30,DIURNAL_CLIMATOLOGY,reference,validation,temperature,60,142.0,2.1361043674743536,2.7334255213897958,2.1078627850820184,0.5002028774963482,9.343435333428646,1.8546493278377003
30min,30,PERSISTENCE,reference,validation,temperature,120,142.0,2.1899489646210597,3.1064798493645562,0.035213468309859206,0.3606667860609749,9.156879958773205,1.9013993122609352
30min,30,SEASONAL_NAIVE_24H,reference,validation,temperature,120,142.0,1.002558895036888,1.332260426967236,-0.027834087860496553,0.8824105277549612,4.544428855637411,0.8704608300559528
30min,30,ROLLING_MEAN_6H,reference,validation,temperature,120,142.0,3.470264154370668,4.64375286247569,-0.0032689365358818806,-0.4286583470869869,14.8087343430049,3.0130190169184687
30min,30,DIURNAL_CLIMATOLOGY,reference,validation,temperature,120,142.0,2.1723632053001958,2.7643445951572327,2.1499882369626624,0.49373891535877534,9.490537760611446,1.8861306684621684
30min,30,PERSISTENCE,reference,validation,temperature,240,142.0,3.885840669014084,5.20312964593716,-0.12459318410462762,-0.7972419238941821,16.396879087326642,3.3738387948677313
30min,30,SEASONAL_NAIVE_24H,reference,validation,temperature,240,142.0,1.1435616825955734,1.5127534768662558,0.07260469064386324,0.8480804848553457,5.057770966442752,0.9928849630481802
30min,30,ROLLING_MEAN_6H,reference,validation,temperature,240,142.0,4.6447799819751845,5.809026990126852,-0.16307558895036878,-1.2401857728468348,19.914695812533484,4.032779578888112
30min,30,DIURNAL_CLIMATOLOGY,reference,validation,temperature,240,142.0,2.2345335984537757,2.8511130788669807,2.2069013956088743,0.4603575183672616,9.619771576122542,1.9401094344950398
30min,30,PERSISTENCE,reference,validation,temperature,480,142.0,5.85104428655265,7.008854379174824,-0.4800818452380951,-1.9103154847118287,25.062192558562597,5.080105409846635
30min,30,SEASONAL_NAIVE_24H,reference,validation,temperature,480,142.0,1.1231289822266937,1.4350838070837162,-0.23014755197853792,0.87798856796959,4.977140586290999,0.9751444937237069
30min,30,ROLLING_MEAN_6H,reference,validation,temperature,480,142.0,5.928171930890901,6.88862992063103,-0.5185642500838363,-1.8113292013324211,25.65647660651807,5.147070646146757
30min,30,DIURNAL_CLIMATOLOGY,reference,validation,temperature,480,142.0,1.792339905637578,2.2364585258710807,1.742063091779573,0.7036754088543415,7.806009198631397,1.5561795817953317
30min,30,PERSISTENCE,reference,validation,relative_humidity,60,142.0,3.271434963950368,4.53666497121021,-0.19277257293762567,0.8437483713017551,5.2931317792616035,0.8963816844490908
30min,30,SEASONAL_NAIVE_24H,reference,validation,relative_humidity,60,142.0,3.332404216968478,4.505013130214275,0.6075069164989942,0.8459210682448495,5.2320444564340844,0.9130874182699407
30min,30,ROLLING_MEAN_6H,reference,validation,relative_humidity,60,142.0,8.34976892605634,11.097515906337827,0.05551061577800153,0.06501920797493033,13.110750934394094,2.287858391554627
30min,30,DIURNAL_CLIMATOLOGY,reference,validation,relative_humidity,60,142.0,4.726766048509327,6.100547949405852,-3.6575907672156935,0.7174542191623374,7.32158160878775,1.2951461848543855
30min,30,PERSISTENCE,reference,validation,relative_humidity,120,142.0,6.446780160127432,8.873489458035905,-0.011650213782696654,0.3992102345432603,10.407705322891522,1.766434522736145
30min,30,SEASONAL_NAIVE_24H,reference,validation,relative_humidity,120,142.0,3.4447832830315224,4.654569737966358,0.5312860496311201,0.8346924331465492,5.367188477961964,0.9438795745085494
30min,30,ROLLING_MEAN_6H,reference,validation,relative_humidity,120,142.0,10.584234119997763,13.683742848885228,0.23663297493293062,-0.4287079411960828,16.438985963927188,2.900107663344969
30min,30,DIURNAL_CLIMATOLOGY,reference,validation,relative_humidity,120,142.0,4.8517373478244386,6.204955980092903,-3.802799906486182,0.7062275534715299,7.469309720826613,1.329388645738462
30min,30,PERSISTENCE,reference,validation,relative_humidity,240,142.0,11.63100970405768,15.169334121211973,0.43214883048289743,-0.7119578191223648,18.293371590894136,3.1869268945445914
30min,30,SEASONAL_NAIVE_24H,reference,validation,relative_humidity,240,142.0,3.8807038061703554,5.2076217255977255,0.25528085177733123,0.7982382269674883,6.102071416667183,1.063322931054837
30min,30,ROLLING_MEAN_6H,reference,validation,relative_humidity,240,142.0,14.241553365330876,17.38803965065488,0.6804320191985246,-1.2493719189093535,21.813892550380473,3.9022226440264283
30min,30,DIURNAL_CLIMATOLOGY,reference,validation,relative_humidity,240,142.0,5.153343929363253,6.5639586550230264,-3.936412434097352,0.6794530129549334,8.02388507204618,1.4120296331277489
30min,30,PERSISTENCE,reference,validation,relative_humidity,480,142.0,17.757852531857814,20.822668047562807,1.1222851693494307,-1.8519074677220866,27.211963170833503,4.865697756523321
30min,30,SEASONAL_NAIVE_24H,reference,validation,relative_humidity,480,142.0,3.740271944164991,4.782945317395632,0.8242979753521137,0.8495287563819904,5.921814671887029,1.0248442358028045
30min,30,ROLLING_MEAN_6H,reference,validation,relative_humidity,480,142.0,18.10977082984015,20.777648621973885,1.3705683580650576,-1.8395889269576768,27.36639394793223,4.962124285007
30min,30,DIURNAL_CLIMATOLOGY,reference,validation,relative_humidity,480,142.0,4.134454467636587,5.2162717947934745,-2.9299767070918614,0.8210288191412167,6.4265152275875215,1.1328512719393857
30min,30,PERSISTENCE,reference,test,temperature,60,350.0,0.9322727891156461,1.4002731498260599,0.10579829931972784,0.8761205628307129,3.8645615822047406,0.8094356848954246
30min,30,SEASONAL_NAIVE_24H,reference,test,temperature,60,350.0,1.2796626275510203,1.7169300538804655,0.17752835884353743,0.8137574512236572,5.700398808353896,1.1110531246432742
30min,30,ROLLING_MEAN_6H,reference,test,temperature,60,350.0,2.908710005668934,3.984539707803919,0.5768401502267575,-0.0030671764772736143,12.234958718430493,2.525455749742738
30min,30,DIURNAL_CLIMATOLOGY,reference,test,temperature,60,350.0,1.444522081229991,1.8699709056832918,1.2064956267853595,0.7790757445837626,6.531799862203852,1.2541905478932944
30min,30,PERSISTENCE,reference,test,temperature,120,350.0,1.785652593537415,2.6548436663386297,0.1490803146258502,0.5473427392572414,7.434854625030956,1.5503733959738624
30min,30,SEASONAL_NAIVE_24H,reference,test,temperature,120,350.0,1.2848033163265307,1.7340354249014869,0.1524586734693877,0.8068887755622173,5.751227969434932,1.1155164716254236
30min,30,ROLLING_MEAN_6H,reference,test,temperature,120,350.0,3.468067942176871,4.656216615900258,0.6201221655328798,-0.392380521419625,14.700004738871062,3.011112179625762
30min,30,DIURNAL_CLIMATOLOGY,reference,test,temperature,120,350.0,1.4280435295962453,1.8720189918527033,1.199226341918591,0.7749328625607864,6.472343079143024,1.239883225097358
30min,30,PERSISTENCE,reference,test,temperature,240,350.0,3.2602943027210882,4.7018630154947205,0.07668784013605436,-0.3502467303771719,13.655386755611012,2.8307149824538467
30min,30,SEASONAL_NAIVE_24H,reference,test,temperature,240,350.0,1.331160331632653,1.8112864163401152,0.14537657312925167,0.7996231937465972,5.931221500614757,1.1557654447501386
30min,30,ROLLING_MEAN_6H,reference,test,temperature,240,350.0,4.511483304988662,5.7579858700344575,0.5477296910430839,-1.024950351586519,19.313398204794485,3.917046192383054
30min,30,DIURNAL_CLIMATOLOGY,reference,test,temperature,240,350.0,1.4479549664325164,1.917793468949653,1.1982770658951263,0.7753652913963611,6.521399599316502,1.2571711130428034
30min,30,PERSISTENCE,reference,test,temperature,480,350.0,5.462358375850339,6.922706762577541,-0.4471048894557824,-1.3886101615134985,23.168234858175204,4.742633105590097
30min,30,SEASONAL_NAIVE_24H,reference,test,temperature,480,350.0,1.3418467687074829,1.79972600363163,0.08992474489795912,0.8385618443785584,5.915572152718015,1.1650438272297583
30min,30,ROLLING_MEAN_6H,reference,test,temperature,480,350.0,5.9852802154195,7.072245359225537,0.023936961451247296,-1.492918282390007,25.714859440762126,5.1966542915564435
30min,30,DIURNAL_CLIMATOLOGY,reference,test,temperature,480,350.0,1.4328810645986556,1.877149549534282,1.1509202776762386,0.8243730533482303,6.422541558322359,1.2440833621211962
30min,30,PERSISTENCE,reference,test,relative_humidity,60,350.0,2.6287146258503404,3.7818849229826204,-0.33973452380952357,0.8940482298633218,4.272884582046702,0.7202746410126826
30min,30,SEASONAL_NAIVE_24H,reference,test,relative_humidity,60,350.0,3.2127523809523812,4.5285839559125485,-0.12435493197278896,0.8480794778276346,5.076411959396332,0.8803025041581153
30min,30,ROLLING_MEAN_6H,reference,test,relative_humidity,60,350.0,8.59446363378685,11.400386519727968,-1.7008848214285723,0.03721182152778324,13.432836669817846,2.3549053775739948
30min,30,DIURNAL_CLIMATOLOGY,reference,test,relative_humidity,60,350.0,3.7015650844367456,4.723423234813037,-2.7302634845346416,0.8347257022726875,5.5997762226229595,1.0142384556160444
30min,30,PERSISTENCE,reference,test,relative_humidity,120,350.0,5.103317134353741,7.353838195825281,-0.4876509778911564,0.5847646292833969,8.211517714562692,1.398322161246949
30min,30,SEASONAL_NAIVE_24H,reference,test,relative_humidity,120,350.0,3.1747415391156464,4.509098068030116,-0.10249136904761916,0.8438846660727272,4.9673145163437304,0.8698874346829767
30min,30,ROLLING_MEAN_6H,reference,test,relative_humidity,120,350.0,10.229576275510205,13.35353299750327,-1.8488012755102052,-0.369173763590505,15.760385949964245,2.802930491997214
30min,30,DIURNAL_CLIMATOLOGY,reference,test,relative_humidity,120,350.0,3.577998258602998,4.557269987384344,-2.712925759604565,0.8405312032437283,5.382966078910589,0.9803808241168896
30min,30,PERSISTENCE,reference,test,relative_humidity,240,350.0,9.453551955782313,13.25737898182428,-0.27875688775510193,-0.3013340787840655,14.851287473776761,2.590297811061638
30min,30,SEASONAL_NAIVE_24H,reference,test,relative_humidity,240,350.0,3.217210884353742,4.673388458437527,-0.11118826530612255,0.8382898709914595,5.106298190628777,0.8815241456802831
30min,30,ROLLING_MEAN_6H,reference,test,relative_humidity,240,350.0,13.414362273242633,16.73151823398638,-1.6399071853741507,-1.0727368203307037,20.308401188845192,3.67557013445247
30min,30,DIURNAL_CLIMATOLOGY,reference,test,relative_humidity,240,350.0,3.5729359095729993,4.604869775657957,-2.6613829118684866,0.8429969221811372,5.438912379338593,0.9789937273227354
30min,30,PERSISTENCE,reference,test,relative_humidity,480,350.0,16.17408979591837,19.999470487315623,1.3120272108843534,-1.5023798707244471,24.691950805794555,4.431742649772608
30min,30,SEASONAL_NAIVE_24H,reference,test,relative_humidity,480,350.0,3.416705697278912,4.8215284291764755,0.11117568027210853,0.8545593834300127,5.520862313087446,0.9361862430226631
30min,30,ROLLING_MEAN_6H,reference,test,relative_humidity,480,350.0,17.758459750566892,20.67039724055156,-0.049123086734695516,-1.6730918953255265,26.641067568763543,4.865864136028117
30min,30,DIURNAL_CLIMATOLOGY,reference,test,relative_humidity,480,350.0,3.5394578622244235,4.622921827463536,-2.366296081865898,0.8662944783639869,5.527435651602283,0.9698206553206725
60min,60,PERSISTENCE,reference,validation,temperature,60,58.0,1.0821839080459765,1.481863692011803,0.14118007662835252,0.8678296499470723,4.499313802533523,0.9563860427495998
60min,60,SEASONAL_NAIVE_24H,reference,validation,temperature,60,58.0,0.8499444444444448,1.1101258337467017,-0.10183716475095737,0.925824250348245,3.898569911965432,0.7511431261688053
60min,60,ROLLING_MEAN_6H,reference,validation,temperature,60,58.0,2.6003534482758623,3.6368336935072323,-0.08804693486590054,0.20390589219922028,10.961072572673352,2.2980768108419984
60min,60,DIURNAL_CLIMATOLOGY,reference,validation,temperature,60,58.0,2.2058726626302367,2.8041639716457714,2.1439517302606435,0.5267132612436067,9.563636283844582,1.949452224282036
60min,60,PERSISTENCE,reference,validation,temperature,120,58.0,2.059900383141762,2.8289193194511992,0.261551724137931,0.47604030708326894,8.601442882289875,1.8204484110732466
60min,60,SEASONAL_NAIVE_24H,reference,validation,temperature,120,58.0,0.945498084291188,1.2508142383397889,-0.023318007662835427,0.8975664112784442,4.313417602709202,0.8355891864030188
60min,60,ROLLING_MEAN_6H,reference,validation,temperature,120,58.0,3.2359013409961683,4.308318410127288,0.03232471264367794,-0.2152687803117761,13.811976196190479,2.8597457929599592
60min,60,DIURNAL_CLIMATOLOGY,reference,validation,temperature,120,58.0,2.279448717045677,2.89680885195219,2.240723465477322,0.4505901598066734,9.893974258486626,2.0144754712554356
60min,60,PERSISTENCE,reference,validation,temperature,240,58.0,3.6466264367816086,4.88484558992607,0.46190229885057466,-0.7216605887576124,15.295527919613244,3.2227263788803877
60min,60,SEASONAL_NAIVE_24H,reference,validation,temperature,240,58.0,0.9420785440613032,1.1969781700918602,0.12576819923371657,0.8966243346975042,4.244659772226177,0.8325671487214683
60min,60,ROLLING_MEAN_6H,reference,validation,temperature,240,58.0,4.2164128352490415,5.297833816589698,0.2326752873563216,-1.0250815635139627,18.109650177224058,3.726278274996425
60min,60,DIURNAL_CLIMATOLOGY,reference,validation,temperature,240,58.0,2.3832874783939086,2.9460486375832984,2.370063271283829,0.3737818042377318,10.371263824329171,2.106243553659444
60min,60,PERSISTENCE,reference,validation,temperature,480,58.0,6.184191570881226,7.2133097457611575,-0.22152107279693486,-1.91150566158076,26.38377203051571,5.465313668136018
60min,60,SEASONAL_NAIVE_24H,reference,validation,temperature,480,58.0,1.1218754789272032,1.4171236276759687,-0.03394061302681922,0.8876264880191657,5.02474905865649,0.9914636890936064
60min,60,ROLLING_MEAN_6H,reference,validation,temperature,480,58.0,6.035790229885057,6.925095031649113,-0.45074808429118796,-1.6834898121685176,26.148312185115607,5.334163158320796
60min,60,DIURNAL_CLIMATOLOGY,reference,validation,temperature,480,58.0,2.0377250064480377,2.554813464917895,1.9978684771468478,0.6347696423077323,8.75181289435841,1.8008507986850832
60min,60,PERSISTENCE,reference,validation,relative_humidity,60,58.0,3.137971264367816,4.174791269372246,-0.28287164750957855,0.872363048299178,5.0871245529624005,0.8701835345839939
60min,60,SEASONAL_NAIVE_24H,reference,validation,relative_humidity,60,58.0,2.836565134099618,3.7116640514551147,0.5512164750957854,0.8991109083882407,4.404444083678287,0.7866012995392432
60min,60,ROLLING_MEAN_6H,reference,validation,relative_humidity,60,58.0,7.9594932950191595,10.652681121694808,0.48150287356321875,0.16895461049286997,12.509004567276893,2.2072286281285454
60min,60,DIURNAL_CLIMATOLOGY,reference,validation,relative_humidity,60,58.0,4.8831826973312165,6.180658045481798,-3.9556838031077284,0.7202459883992863,7.611826933405262,1.3541440700347354
60min,60,PERSISTENCE,reference,validation,relative_humidity,120,58.0,6.114806513409962,8.210534006531718,-0.49917816091953915,0.47445881972586557,9.774505484393714,1.6956828144212763
60min,60,SEASONAL_NAIVE_24H,reference,validation,relative_humidity,120,58.0,3.0716226053639843,4.115463255344129,0.40584865900383216,0.8679612511045474,4.742301449157628,0.8517845418135824
60min,60,ROLLING_MEAN_6H,reference,validation,relative_humidity,120,58.0,9.992820881226054,12.857737821788007,0.2651963601532581,-0.2888223999024002,15.422120272111142,2.7710859859138526
60min,60,DIURNAL_CLIMATOLOGY,reference,validation,relative_humidity,120,58.0,5.072128814567883,6.512854114333282,-4.175092939438913,0.6693209782750001,7.80674637969739,1.4065402796526867
60min,60,PERSISTENCE,reference,validation,relative_humidity,240,58.0,11.120706896551724,14.328849699673611,-1.0134540229885063,-0.7537819812035642,17.441997881834254,3.083857441334327
60min,60,SEASONAL_NAIVE_24H,reference,validation,relative_humidity,240,58.0,3.2130019157088126,4.280300352187715,0.3156417624521076,0.8435046495394645,4.963249863891995,0.8909901105164861
60min,60,ROLLING_MEAN_6H,reference,validation,relative_humidity,240,58.0,13.108727011494254,16.049341422999753,-0.24907950191570893,-1.2002264504399531,19.936490537749364,3.6351506893281984
60min,60,DIURNAL_CLIMATOLOGY,reference,validation,relative_humidity,240,58.0,5.295431941726794,6.570781913773387,-4.512760097692476,0.6312032753283447,8.140377833504212,1.4684639520206515
60min,60,PERSISTENCE,reference,validation,relative_humidity,480,58.0,18.86427969348659,21.638896194619043,0.46737547892720344,-1.9920292912589797,28.827371825658393,5.231209656843785
60min,60,SEASONAL_NAIVE_24H,reference,validation,relative_humidity,480,58.0,3.45394061302682,4.4172099179381945,0.30589846743295074,0.875321459132368,5.497920727387623,0.957804261949605
60min,60,ROLLING_MEAN_6H,reference,validation,relative_humidity,480,58.0,18.641903256704982,21.078367435347474,1.2317500000000008,-1.8390273437583242,28.044683452310693,5.169542962835419
60min,60,DIURNAL_CLIMATOLOGY,reference,validation,relative_humidity,480,58.0,4.529596455564738,5.5953047156893705,-3.718937418714974,0.7999478977875265,7.147177499969001,1.256091889272458
60min,60,PERSISTENCE,reference,test,temperature,60,211.0,0.8777669450086508,1.328744127666884,0.08055999398179496,0.884179161776061,3.6762480527010144,0.7757314156602334
60min,60,SEASONAL_NAIVE_24H,reference,test,temperature,60,211.0,1.1542133453697432,1.5785324215271423,0.2788978409689309,0.8365401861720531,5.218187038182688,1.020042458273227
60min,60,ROLLING_MEAN_6H,reference,test,temperature,60,211.0,2.5836413713984805,3.600945083397163,0.513641459163971,0.14937726983125055,10.888222418504046,2.28330742002769
60min,60,DIURNAL_CLIMATOLOGY,reference,test,temperature,60,211.0,1.3984312113075876,1.8338738173934832,1.1135512840596307,0.7793810123558861,6.316959219958833,1.2358713544862396
60min,60,PERSISTENCE,reference,test,temperature,120,211.0,1.7330615737606254,2.63704530449408,0.06335435943729784,0.5423742289889051,7.247272648787476,1.5316027969433643
60min,60,SEASONAL_NAIVE_24H,reference,test,temperature,120,211.0,1.2060540510042874,1.6326168845561058,0.22319562927856773,0.8245942367089851,5.423350402169607,1.0658569699717897
60min,60,ROLLING_MEAN_6H,reference,test,temperature,120,211.0,3.1764057210561942,4.35002440954834,0.4964358246194739,-0.24525610443744483,13.465240650104388,2.807166208203365
60min,60,DIURNAL_CLIMATOLOGY,reference,test,temperature,120,211.0,1.3700937374889806,1.8020649118898349,1.088853983943297,0.7862942769964365,6.207147171987799,1.210827954519377
60min,60,PERSISTENCE,reference,test,temperature,240,211.0,3.2692109004739334,4.780877132552039,-0.12893127962085302,-0.39709024158920814,13.629680925743202,2.889183301259444
60min,60,SEASONAL_NAIVE_24H,reference,test,temperature,240,211.0,1.2794144662604376,1.7300241764408333,0.20970830512299696,0.8170579090382872,5.667959279252301,1.1306896446397965
60min,60,ROLLING_MEAN_6H,reference,test,temperature,240,211.0,4.276343269640662,5.619750571769654,0.304150185561323,-0.9303825116199147,18.227565955895642,3.7792421294410534
60min,60,DIURNAL_CLIMATOLOGY,reference,test,temperature,240,211.0,1.3755590583175188,1.8313127489615977,1.0849852164019353,0.7950092182312862,6.1557094536740475,1.2156579621739914
60min,60,PERSISTENCE,reference,test,temperature,480,211.0,5.589358346498156,7.087463082178348,-0.9297159031068981,-1.3724941033464764,23.522955348273346,4.939626500424465
60min,60,SEASONAL_NAIVE_24H,reference,test,temperature,480,211.0,1.2646203641014064,1.7256969689651291,0.1493370570977206,0.8593458356440219,5.45452815696399,1.1176152746415797
60min,60,ROLLING_MEAN_6H,reference,test,temperature,480,211.0,6.032944613706462,7.157223378477993,-0.4966344379247224,-1.4194277968899351,25.716661436735322,5.331648329209036
60min,60,DIURNAL_CLIMATOLOGY,reference,test,temperature,480,211.0,1.387976273883368,1.8172220351978308,1.0164845231340018,0.8440305606925556,6.079969038485725,1.2266317454364262
60min,60,PERSISTENCE,reference,test,relative_humidity,60,211.0,2.4737948168208828,3.5871839048918313,-0.2348911833295722,0.8957090212602432,3.9495041261950323,0.6860023040938965
60min,60,SEASONAL_NAIVE_24H,reference,test,relative_humidity,60,211.0,2.9487559241706154,4.24042460758948,-0.49996814112690885,0.8542669175951825,4.682225148204603,0.8177126673711661
60min,60,ROLLING_MEAN_6H,reference,test,relative_humidity,60,211.0,7.559335709270543,10.202629833867354,-1.49474153689912,0.15634726495548035,11.678142752934056,2.0962618559623
60min,60,DIURNAL_CLIMATOLOGY,reference,test,relative_humidity,60,211.0,3.5926243070940984,4.554232242667603,-2.818841122295996,0.8318991900868927,5.335206666733539,0.9962623155535286
60min,60,PERSISTENCE,reference,test,relative_humidity,120,211.0,4.950370382908297,7.312379324236678,-0.1879849168735427,0.569036670231442,7.877247931443909,1.37277573131853
60min,60,SEASONAL_NAIVE_24H,reference,test,relative_humidity,120,211.0,2.9954457609268026,4.289476648156615,-0.2840660874144286,0.8517032921918753,4.719247230051506,0.8306601177315294
60min,60,ROLLING_MEAN_6H,reference,test,relative_humidity,120,211.0,9.34080753654806,12.438324183414823,-1.4478352704430903,-0.2469431033550975,14.292610738856956,2.590277677274948
60min,60,DIURNAL_CLIMATOLOGY,reference,test,relative_humidity,120,211.0,3.4941821394981893,4.366386845112149,-2.7233061027324093,0.8463377054976613,5.187605853548682,0.96896354633807
60min,60,PERSISTENCE,reference,test,relative_humidity,240,211.0,9.441693522906792,13.394853531712712,0.4121137440758292,-0.30809038473777983,14.841363484364,2.618254136204479
60min,60,SEASONAL_NAIVE_24H,reference,test,relative_humidity,240,211.0,3.032307605506657,4.415947186704763,-0.11471202888738422,0.8578294784583159,4.865413665011572,0.8408821903719065
60min,60,ROLLING_MEAN_6H,reference,test,relative_humidity,240,211.0,12.682670785375763,16.248243929552835,-0.8477366094937184,-0.9247515403839686,19.20823552976491,3.517002025258135
60min,60,DIURNAL_CLIMATOLOGY,reference,test,relative_humidity,240,211.0,3.608027336267605,4.593563194909155,-2.6047456603687764,0.8461628568972851,5.533689040611181,1.0005336938550768
60min,60,PERSISTENCE,reference,test,relative_humidity,480,211.0,16.433427856766723,20.308506646925917,2.747592680358083,-1.441729643264762,25.076410113131253,4.557115770979907
60min,60,SEASONAL_NAIVE_24H,reference,test,relative_humidity,480,211.0,3.1535337771759564,4.474226810595328,0.07055732340329465,0.8814838353764829,5.223298002195194,0.8744991389224308
60min,60,ROLLING_MEAN_6H,reference,test,relative_humidity,480,211.0,17.804526712053963,20.755716077347664,1.4877423267885355,-1.5504513237720476,26.749874067981732,4.937332015056408
60min,60,DIURNAL_CLIMATOLOGY,reference,test,relative_humidity,480,211.0,3.5843738803793133,4.6439749265789745,-2.2802207722409618,0.8723204541249472,5.685651214621019,0.9939744088534193
4min,4,AR_DIRECT_RIDGE,statistical,validation,temperature,60,1446.0,0.530762327736693,0.7308530560034155,0.008711154463411254,0.9650482979862238,2.3728291030705724,0.45542114549253476
4min,4,AR_DIRECT_RIDGE,statistical,test,temperature,60,2742.0,0.5144801128275905,0.7538033236331115,-0.032978462510978926,0.9679505256384747,2.267189017378362,0.441450174725488
4min,4,AR_DIRECT_RIDGE,statistical,validation,temperature,120,1446.0,0.8510896584087756,1.1892041323954,0.1060041932661837,0.9072753955425537,3.774660792636978,0.7302783315504301
4min,4,AR_DIRECT_RIDGE,statistical,test,temperature,120,2742.0,0.840641770545498,1.2053570822388389,-0.031194677732269985,0.919042415373545,3.7315510764642914,0.7213135109329579
4min,4,AR_DIRECT_RIDGE,statistical,validation,temperature,240,1446.0,1.1598151763578306,1.5545266958938129,0.266943830103232,0.8523258891326351,5.131320245442668,0.99518057061229
4min,4,AR_DIRECT_RIDGE,statistical,test,temperature,240,2742.0,1.1325037293700233,1.5641673999139785,0.03292200088758151,0.8683701317386419,5.005562625705676,0.9717459562430194
4min,4,AR_DIRECT_RIDGE,statistical,validation,temperature,480,1446.0,1.311417005464928,1.7830670451715838,0.6380114044082112,0.8161560025796804,5.6971010678776235,1.1252626715125809
4min,4,AR_DIRECT_RIDGE,statistical,test,temperature,480,2742.0,1.390537060338032,1.8384437265576374,0.47601181541500964,0.8362088249341046,6.022853589343635,1.1931517136294076
4min,4,AR_DIRECT_RIDGE,statistical,validation,relative_humidity,60,1446.0,1.5659086358949454,2.115443897344096,0.09076949086549779,0.966105843738179,2.4284297215099393,0.42544330781610257
4min,4,AR_DIRECT_RIDGE,statistical,test,relative_humidity,60,2742.0,1.5176775741198618,2.243760498998064,0.009928299281317693,0.9655043321135311,2.368415445806953,0.41233936165301943
4min,4,AR_DIRECT_RIDGE,statistical,validation,relative_humidity,120,1446.0,2.5102342912782016,3.375016186727685,-0.07388013598300797,0.9131593473440615,3.9270895882337946,0.6820081043007008
4min,4,AR_DIRECT_RIDGE,statistical,test,relative_humidity,120,2742.0,2.3705701144402247,3.4596133304245917,-0.03045055108887418,0.9187060729003186,3.709384796589736,0.6440626022354395
4min,4,AR_DIRECT_RIDGE,statistical,validation,relative_humidity,240,1446.0,3.393275445095907,4.570292319706666,-0.5774120585213417,0.8526917434868536,5.261026406670457,0.9219224523068614
4min,4,AR_DIRECT_RIDGE,statistical,test,relative_humidity,240,2742.0,3.062052599198318,4.213093482021143,-0.19714364514899602,0.8817111776165559,4.78260202978187,0.831932180874201
4min,4,AR_DIRECT_RIDGE,statistical,validation,relative_humidity,480,1446.0,3.9545642739235127,5.197187849296366,-1.0304034909341842,0.8189797426804243,6.393618254593564,1.0744195843251456
4min,4,AR_DIRECT_RIDGE,statistical,test,relative_humidity,480,2742.0,3.531454603109612,4.748529574464936,-0.8899853990863942,0.8657167720722797,5.816717325950909,0.9594644880993881
4min,4,VAR_DIRECT_RIDGE,statistical,validation,temperature,60,1446.0,0.5592904508531146,0.770209525798214,-0.03336936812988152,0.9611826426484449,2.4856898859087764,0.4798997300292997
4min,4,VAR_DIRECT_RIDGE,statistical,test,temperature,60,2742.0,0.5418526604104377,0.7983999825218805,-0.0043901541549025095,0.9640461127064626,2.379189004495493,0.4649372165213658
4min,4,VAR_DIRECT_RIDGE,statistical,validation,temperature,120,1446.0,0.850490942220667,1.2024758913601175,0.028388728786788366,0.9051941959517428,3.744347296091697,0.7297646025271664
4min,4,VAR_DIRECT_RIDGE,statistical,test,temperature,120,2742.0,0.8533870488250557,1.2168179860969113,-0.015440545425936113,0.9174955572105622,3.7883304640254543,0.7322496096919806
4min,4,VAR_DIRECT_RIDGE,statistical,validation,temperature,240,1446.0,1.179885995389255,1.563223999997931,0.24034162693065117,0.8506688451501196,5.2802040180016245,1.012402356930929
4min,4,VAR_DIRECT_RIDGE,statistical,test,temperature,240,2742.0,1.0985333488103435,1.5339274880707119,0.04310108091912518,0.8734105110721543,4.847516397652214,0.9425976372708001
4min,4,VAR_DIRECT_RIDGE,statistical,validation,temperature,480,1446.0,1.488147734574472,1.9049788271405503,0.6249737950569975,0.7901570350695462,6.5556120688345665,1.2769066501612094
4min,4,VAR_DIRECT_RIDGE,statistical,test,temperature,480,2742.0,1.3463776815262747,1.8098688386607547,0.47369311279887183,0.8412608604027064,5.824239386391208,1.1552607145292109
4min,4,VAR_DIRECT_RIDGE,statistical,validation,relative_humidity,60,1446.0,1.758418299075956,2.328056903327217,0.16841562030575846,0.9589503946898489,2.7280630409189914,0.4777464537422916
4min,4,VAR_DIRECT_RIDGE,statistical,test,relative_humidity,60,2742.0,1.5868941463412036,2.315411022534149,-0.0007403649984153767,0.9632660395025491,2.469052724228639,0.43114488246471727
4min,4,VAR_DIRECT_RIDGE,statistical,validation,relative_humidity,120,1446.0,2.771345897831127,3.7648185772669396,0.0037381301791576927,0.8919413682142998,4.350312489419945,0.752949781902194
4min,4,VAR_DIRECT_RIDGE,statistical,test,relative_humidity,120,2742.0,2.4067376791921062,3.519022832783665,0.04265672921608451,0.9158900936446376,3.7683503621461516,0.6538890046391146
4min,4,VAR_DIRECT_RIDGE,statistical,validation,relative_humidity,240,1446.0,3.4654640070885243,4.635192473908026,-0.4115849795591394,0.848478354794244,5.38732455754336,0.9415354360382363
4min,4,VAR_DIRECT_RIDGE,statistical,test,relative_humidity,240,2742.0,3.1053874455976507,4.258117388058173,-0.17301198871917736,0.8791694431442645,4.858879247291158,0.8437058693086465
4min,4,VAR_DIRECT_RIDGE,statistical,validation,relative_humidity,480,1446.0,3.8999858648095165,5.069762845805896,-1.0844003604388348,0.8277474587963006,6.218074613105882,1.059591120916405
4min,4,VAR_DIRECT_RIDGE,statistical,test,relative_humidity,480,2742.0,3.634406154434378,4.822600987174072,-1.0646982805880496,0.8614947806536557,5.9328478368310495,0.9874354996490978
12min,12,AR_DIRECT_RIDGE,statistical,validation,temperature,60,135.0,0.7131282269167679,0.9108498090964172,0.14274986565473063,0.9466984396059379,3.2032524437163703,0.613597621573146
12min,12,AR_DIRECT_RIDGE,statistical,test,temperature,60,378.0,0.5187909626541568,0.7722645262513078,-0.027205455453606166,0.9621480706347061,2.3377471649219363,0.44638381817325945
12min,12,AR_DIRECT_RIDGE,statistical,validation,temperature,120,135.0,0.9204515389968732,1.289092523016422,0.24283346334546646,0.8892473958815689,4.099922181365496,0.7919850228670611
12min,12,AR_DIRECT_RIDGE,statistical,test,temperature,120,378.0,0.8544807045417958,1.2279001494271438,-0.037802083293220885,0.9074231612398552,3.9111140965632236,0.7352216729014515
12min,12,AR_DIRECT_RIDGE,statistical,validation,temperature,240,135.0,1.2484224302588376,1.5286239545929474,0.024902317232387783,0.8699045799551298,5.43744820604086,1.0741813393607202
12min,12,AR_DIRECT_RIDGE,statistical,test,temperature,240,378.0,1.2244824444438644,1.6065605718328635,0.1957342886664565,0.8449953616121287,5.512717806094112,1.0535826338234666
12min,12,AR_DIRECT_RIDGE,statistical,validation,temperature,480,135.0,1.4224812307227013,1.8092057339033762,0.7105624077377031,0.8160647123463876,6.263480060496628,1.2239469242124987
12min,12,AR_DIRECT_RIDGE,statistical,test,temperature,480,378.0,1.5629626752026053,2.020035264480585,0.6612431918188614,0.817546699257617,6.785141212837847,1.3448215116351752
12min,12,AR_DIRECT_RIDGE,statistical,validation,relative_humidity,60,135.0,2.023364272853973,2.6075824254216777,-0.30099513713376413,0.9487416403614596,3.1423481398302116,0.5508480093755616
12min,12,AR_DIRECT_RIDGE,statistical,test,relative_humidity,60,378.0,1.476848286877772,2.1093200586861647,0.08530178196772219,0.9660721093334976,2.2265628309521968,0.40206252027414385
12min,12,AR_DIRECT_RIDGE,statistical,validation,relative_humidity,120,135.0,3.030709774303876,4.064483277192176,-0.03545806646434262,0.8693626511961359,4.674779206686917,0.8250913928689464
12min,12,AR_DIRECT_RIDGE,statistical,test,relative_humidity,120,378.0,2.354942891650651,3.318553092410925,0.14168417049695653,0.9183233695839887,3.5664177309469296,0.6411181720774163
12min,12,AR_DIRECT_RIDGE,statistical,validation,relative_humidity,240,135.0,4.140083298387765,5.158058029724794,-0.11068914917470331,0.828212163519115,6.523892534581767,1.127111254341347
12min,12,AR_DIRECT_RIDGE,statistical,test,relative_humidity,240,378.0,2.8888729901066115,3.9337714617166,-0.16478438016529193,0.8871397410362791,4.388594324085711,0.7864772336295472
12min,12,AR_DIRECT_RIDGE,statistical,validation,relative_humidity,480,135.0,4.1438247979105185,5.218596485544292,-0.9551132636740443,0.8185276755561685,6.641063227321648,1.1281298537066908
12min,12,AR_DIRECT_RIDGE,statistical,test,relative_humidity,480,378.0,3.784352765685753,5.082709195113365,-0.9768125992880294,0.8492185891634232,6.220600098081525,1.0302658872258068
12min,12,VAR_DIRECT_RIDGE,statistical,validation,temperature,60,135.0,0.774337557130106,0.9910152008982368,0.03775960389531247,0.936903246826191,3.440135814162525,0.6662640257615937
12min,12,VAR_DIRECT_RIDGE,statistical,test,temperature,60,378.0,0.5386050188052804,0.8021093546358473,-0.025835095748587982,0.9591658977928412,2.433567992096845,0.4634324459924261
12min,12,VAR_DIRECT_RIDGE,statistical,validation,temperature,120,135.0,0.9573383836756261,1.3232619443341598,0.14037933868857264,0.8832982379667337,4.185150408273824,0.8237236069083608
12min,12,VAR_DIRECT_RIDGE,statistical,test,temperature,120,378.0,0.8822712559486827,1.2588407928370358,-0.09352948922644916,0.9026988758218268,4.077566542434243,0.7591335243775847
12min,12,VAR_DIRECT_RIDGE,statistical,validation,temperature,240,135.0,1.2141119465622052,1.530433320876847,0.08743882737079739,0.869596421003849,5.301826567575007,1.0446595361328488
12min,12,VAR_DIRECT_RIDGE,statistical,test,temperature,240,378.0,1.1547000570678536,1.5397098972715564,0.16789474670475232,0.857626786198928,5.204587480770175,0.9935397056298338
12min,12,VAR_DIRECT_RIDGE,statistical,validation,temperature,480,135.0,1.6288374798722596,2.009854454845041,0.706386867417882,0.7730039173637601,7.224957011672611,1.401502234598078
12min,12,VAR_DIRECT_RIDGE,statistical,test,temperature,480,378.0,1.5141901999643546,1.9675413328314402,0.6552842844178536,0.8269061844640964,6.560545555176243,1.3028561628032902
12min,12,VAR_DIRECT_RIDGE,statistical,validation,relative_humidity,60,135.0,2.4275608037138108,3.0870195466222605,0.22299385758666834,0.9281598265877138,3.8405507614043066,0.6608879351604516
12min,12,VAR_DIRECT_RIDGE,statistical,test,relative_humidity,60,378.0,1.4500089397536668,2.128026767312491,0.14033068591662964,0.9654676552876452,2.2184870930219946,0.39475567931890676
12min,12,VAR_DIRECT_RIDGE,statistical,validation,relative_humidity,120,135.0,3.134377328257403,4.060446776762301,0.25923659477945915,0.8696219982447131,4.926456795460277,0.8533142227855717
12min,12,VAR_DIRECT_RIDGE,statistical,test,relative_humidity,120,378.0,2.4982832534767607,3.5718092850736083,0.4034873987778386,0.9053813393894896,3.766798327119208,0.680141670729843
12min,12,VAR_DIRECT_RIDGE,statistical,validation,relative_humidity,240,135.0,4.1569591235070025,5.130206831903024,-0.2870410697157804,0.8300623094157603,6.596301445344903,1.1317055900218866
12min,12,VAR_DIRECT_RIDGE,statistical,test,relative_humidity,240,378.0,2.8712047038656014,3.923717527248787,-0.19604218939577525,0.8877159003981396,4.389876786073795,0.7816671554664045
12min,12,VAR_DIRECT_RIDGE,statistical,validation,relative_humidity,480,135.0,4.068287176326792,5.158709888850649,-1.2204058883109468,0.8226687900601874,6.538481750297448,1.107565218341419
12min,12,VAR_DIRECT_RIDGE,statistical,test,relative_humidity,480,378.0,3.859429712724097,5.117380971877787,-1.2165849428163842,0.8471544575454351,6.356532033641904,1.0507051068863047
20min,20,AR_DIRECT_RIDGE,statistical,validation,temperature,60,239.0,0.5024980095900623,0.6603720919244404,0.04232691094707097,0.9693793565416352,2.2752280756814147,0.43393081394242805
20min,20,AR_DIRECT_RIDGE,statistical,test,temperature,60,556.0,0.510377044268795,0.7360440590233425,-0.025221539397810848,0.9688553569187023,2.282083345996785,0.4407347332932973
20min,20,AR_DIRECT_RIDGE,statistical,validation,temperature,120,239.0,0.8020005224476763,1.1122700860932622,0.21278580296366456,0.9162984268342054,3.576592996099875,0.6925654089095424
20min,20,AR_DIRECT_RIDGE,statistical,test,temperature,120,556.0,0.8455145706876874,1.2087406003614374,-0.047912972162491546,0.9159364857472158,3.8020887428360397,0.7301418490353891
20min,20,AR_DIRECT_RIDGE,statistical,validation,temperature,240,239.0,1.1978163120473146,1.5646800264269027,0.4586092160248096,0.8457760998744809,5.278685168401022,1.0343710767416499
20min,20,AR_DIRECT_RIDGE,statistical,test,temperature,240,556.0,1.2130824292161073,1.6285792577770515,0.10277630078944516,0.8518795652548456,5.380872373355623,1.0475540914449297
20min,20,AR_DIRECT_RIDGE,statistical,validation,temperature,480,239.0,1.288951925959573,1.7508911508115679,0.7532660146556521,0.8200881862049622,5.584107466567,1.1130709927002247
20min,20,AR_DIRECT_RIDGE,statistical,test,temperature,480,556.0,1.3570576614040932,1.7537498069272337,0.42877993282410526,0.8533198954035685,5.9553495088607775,1.1718835186238554
20min,20,AR_DIRECT_RIDGE,statistical,validation,relative_humidity,60,239.0,1.5990252339074105,2.047472171614249,-0.0338459191728402,0.9668811707767714,2.4521418859008204,0.43633863137862927
20min,20,AR_DIRECT_RIDGE,statistical,test,relative_humidity,60,556.0,1.4684408564439768,2.0746894569352228,0.07572754374152774,0.9704162716637269,2.2570194161525245,0.40070504203083024
20min,20,AR_DIRECT_RIDGE,statistical,validation,relative_humidity,120,239.0,2.7525828130185204,3.710850396092656,-0.29460739964635496,0.8936141945546365,4.30093282418186,0.7511189891943784
20min,20,AR_DIRECT_RIDGE,statistical,test,relative_humidity,120,556.0,2.2772064451204916,3.2707280199434825,0.15189170510648276,0.9248226140759065,3.5184191014670296,0.6213992891171622
20min,20,AR_DIRECT_RIDGE,statistical,validation,relative_humidity,240,239.0,3.739191736736952,5.126824389972453,-1.2971802786037825,0.8109495528561765,5.967421795995943,1.0203427502411475
20min,20,AR_DIRECT_RIDGE,statistical,test,relative_humidity,240,556.0,2.964007953251123,4.146471074299576,0.016240381233761248,0.8812029239296508,4.645317573998532,0.8088122352869979
20min,20,AR_DIRECT_RIDGE,statistical,validation,relative_humidity,480,239.0,3.775354117070866,5.09906328585437,-1.4556736234194512,0.8282890593160838,6.215636460340722,1.0302106642725826
20min,20,AR_DIRECT_RIDGE,statistical,test,relative_humidity,480,556.0,3.4744454951177097,4.62861961167949,-0.7953639541084974,0.8698367491054607,5.6265258472959685,0.948099354526565
20min,20,VAR_DIRECT_RIDGE,statistical,validation,temperature,60,239.0,0.5959499250123667,0.7495141228177035,0.013294904824326725,0.9605545848440871,2.7033055698970716,0.5146309658828536
20min,20,VAR_DIRECT_RIDGE,statistical,test,temperature,60,556.0,0.5823967258161616,0.8148283818261878,0.010846050691175006,0.9618312418125256,2.6169110609511415,0.5029271369193699
20min,20,VAR_DIRECT_RIDGE,statistical,validation,temperature,120,239.0,0.8881765978006045,1.2148469653128975,0.16403255314165374,0.9001481185598925,3.977611674262101,0.7669825285927956
20min,20,VAR_DIRECT_RIDGE,statistical,test,temperature,120,556.0,0.8828766092790555,1.2360606001781715,-0.02529779531619351,0.9120935284011618,3.990275485818035,0.7624057376619868
20min,20,VAR_DIRECT_RIDGE,statistical,validation,temperature,240,239.0,1.1949524252587695,1.6769212797262374,0.5320141069437954,0.8228562003018858,5.24507158320259,1.0318979749552244
20min,20,VAR_DIRECT_RIDGE,statistical,test,temperature,240,556.0,1.1651879206629476,1.5854998842040071,0.02391924167427712,0.8596121221771245,5.19371987158935,1.006194916516456
20min,20,VAR_DIRECT_RIDGE,statistical,validation,temperature,480,239.0,1.2934207641506485,1.7955367675847982,0.7802710856144442,0.8107961402137109,5.503337564406629,1.1169300459832665
20min,20,VAR_DIRECT_RIDGE,statistical,test,temperature,480,556.0,1.3258593444845845,1.7271345689911952,0.46920317217909624,0.8577382024062459,5.791806072129807,1.144942295382871
20min,20,VAR_DIRECT_RIDGE,statistical,validation,relative_humidity,60,239.0,1.8232021582189626,2.308734655383545,0.059922760734853635,0.9578898290705125,2.804744159145374,0.49751155740040665
20min,20,VAR_DIRECT_RIDGE,statistical,test,relative_humidity,60,556.0,1.6033033784422932,2.242842009207881,0.06470010494432168,0.965426442456561,2.46027776721943,0.4375060424310673
20min,20,VAR_DIRECT_RIDGE,statistical,validation,relative_humidity,120,239.0,2.975484600781555,3.937321241490019,-0.3247485601331824,0.8802326353192108,4.597312211824459,0.8119439586457385
20min,20,VAR_DIRECT_RIDGE,statistical,test,relative_humidity,120,556.0,2.6357752542636153,3.6488308728115864,0.1855306920806013,0.906436636695531,4.045362113838405,0.7192447890623088
20min,20,VAR_DIRECT_RIDGE,statistical,validation,relative_humidity,240,239.0,3.508969428275368,4.807334653289363,-1.2086325434003629,0.8337776044535549,5.591912309904868,0.9575201725501862
20min,20,VAR_DIRECT_RIDGE,statistical,test,relative_humidity,240,556.0,3.015667198994432,4.207746531120851,0.03998332527603137,0.8776658770791286,4.6819611951933195,0.822908901248051
20min,20,VAR_DIRECT_RIDGE,statistical,validation,relative_humidity,480,239.0,3.6901398228037188,5.092761594097024,-1.4432658054032002,0.8287132159580616,6.103987363223361,1.0069575674821314
20min,20,VAR_DIRECT_RIDGE,statistical,test,relative_humidity,480,556.0,3.588373114262837,4.743585678280469,-0.969663748270607,0.8632904345414174,5.834067716754264,0.9791876828155036
30min,30,AR_DIRECT_RIDGE,statistical,validation,temperature,60,142.0,0.5570656322308508,0.7029830148332785,0.061686304977815555,0.9669425823125013,2.470065140099641,0.4836661616866599
30min,30,AR_DIRECT_RIDGE,statistical,test,temperature,60,350.0,0.5260506087570271,0.7434406505543635,-0.013892320065244752,0.9650806372770703,2.3874968328082726,0.45673770570180117
30min,30,AR_DIRECT_RIDGE,statistical,validation,temperature,120,142.0,0.9528714881185978,1.2099189445985599,0.16455813277266657,0.9030154089147278,4.208553378901591,0.8273202807241039
30min,30,AR_DIRECT_RIDGE,statistical,test,temperature,120,350.0,0.8876475131826745,1.2675416344069979,0.038396200003576485,0.8968151224368286,4.028968510734663,0.7706902756008802
30min,30,AR_DIRECT_RIDGE,statistical,validation,temperature,240,142.0,1.2391103845335005,1.6171553977910875,0.5542860836390306,0.8263875941032666,5.428851492711239,1.0758440817706734
30min,30,AR_DIRECT_RIDGE,statistical,test,temperature,240,350.0,1.1741459059942372,1.6371065512535317,0.0773150452621312,0.8363081402838759,5.224324220552124,1.0194393815646485
30min,30,AR_DIRECT_RIDGE,statistical,validation,temperature,480,142.0,1.287492865902865,1.7009860176011142,0.659799524109808,0.8285855286722836,5.558422179361648,1.1178516437218284
30min,30,AR_DIRECT_RIDGE,statistical,test,temperature,480,350.0,1.4986820330710748,1.9420895262467195,0.514386263959664,0.8120112344306423,6.574573588708738,1.3012143355917174
30min,30,AR_DIRECT_RIDGE,statistical,validation,relative_humidity,60,142.0,1.6362624633137153,2.077045321557444,-0.047966824176482424,0.9672476035200904,2.592280147336783,0.4483401685280205
30min,30,AR_DIRECT_RIDGE,statistical,test,relative_humidity,60,350.0,1.433132565598675,1.9916914513245685,-0.011572758321353445,0.9706143219667235,2.168500590250496,0.39268204850355604
30min,30,AR_DIRECT_RIDGE,statistical,validation,relative_humidity,120,142.0,2.9015178433395956,3.7662705332920163,-0.3091446893608687,0.8917677529113804,4.619969155273516,0.7950234317760071
30min,30,AR_DIRECT_RIDGE,statistical,test,relative_humidity,120,350.0,2.345185798549972,3.3215525143321187,-0.10896752456361251,0.9152873150450739,3.5624092162407064,0.6425870052791313
30min,30,AR_DIRECT_RIDGE,statistical,validation,relative_humidity,240,142.0,3.893116813427065,5.270247826550295,-1.3776936639999011,0.7933563325067143,6.145346195901439,1.0667241273116663
30min,30,AR_DIRECT_RIDGE,statistical,test,relative_humidity,240,350.0,2.958171124099653,4.216909338197177,-0.1300473037707264,0.8683375330546788,4.56798564441206,0.8105465779784752
30min,30,AR_DIRECT_RIDGE,statistical,validation,relative_humidity,480,142.0,3.8934494234680685,5.026194436638712,-1.283837371367935,0.833834350587088,6.398392020071976,1.0668152633275447
30min,30,AR_DIRECT_RIDGE,statistical,test,relative_humidity,480,350.0,3.6054906749277897,4.945718380795223,-0.9415672755680858,0.8469705527455231,5.8087737567888365,0.9879138176583643
30min,30,VAR_DIRECT_RIDGE,statistical,validation,temperature,60,142.0,0.8180342009421875,1.137450444621842,0.2500753548600007,0.9134545518756765,3.5324131492492796,0.7102492762184259
30min,30,VAR_DIRECT_RIDGE,statistical,test,temperature,60,350.0,0.7052611031795947,0.9511403193924066,0.08553963553484686,0.9428438608312096,3.1594786583872403,0.6123352636129163
30min,30,VAR_DIRECT_RIDGE,statistical,validation,temperature,120,142.0,1.1205962700613883,1.5161575293346328,0.3037612132171893,0.8477073866270788,4.83732407210589,0.9729454939994828
30min,30,VAR_DIRECT_RIDGE,statistical,test,temperature,120,350.0,0.94623171859935,1.3165033965513488,0.10647406085999245,0.8886896484564576,4.268028306497756,0.8215553732301735
30min,30,VAR_DIRECT_RIDGE,statistical,validation,temperature,240,142.0,1.303005863820254,1.726912929910842,0.573143759121754,0.8020214548362063,5.661372486354735,1.131320635030643
30min,30,VAR_DIRECT_RIDGE,statistical,test,temperature,240,350.0,1.2057158132159433,1.6448261071485006,0.10646220414355138,0.8347607667244218,5.320940864828723,1.0468496093138966
30min,30,VAR_DIRECT_RIDGE,statistical,validation,temperature,480,142.0,1.310727504568311,1.8018976381142924,0.6875579059579943,0.8076437825798692,5.589746243629354,1.1380248654237117
30min,30,VAR_DIRECT_RIDGE,statistical,test,temperature,480,350.0,1.422774675289238,1.8702601800857366,0.48908369835573456,0.8256598326269133,6.231575669461766,1.2353085997898317
30min,30,VAR_DIRECT_RIDGE,statistical,validation,relative_humidity,60,142.0,2.4347588483015157,3.116157728936432,-0.42061099591416573,0.9262792065897856,3.822407825332302,0.6671302537625358
30min,30,VAR_DIRECT_RIDGE,statistical,test,relative_humidity,60,350.0,1.490795748652573,2.079487341524891,-0.07114895555408808,0.9679665172006102,2.265750104244281,0.4084819105598489
30min,30,VAR_DIRECT_RIDGE,statistical,validation,relative_humidity,120,142.0,3.446022184025266,4.459103012437575,-0.6019894505281459,0.8482849511903562,5.421847814972567,0.9442190366014459
30min,30,VAR_DIRECT_RIDGE,statistical,test,relative_humidity,120,350.0,2.4301131124003437,3.4087304481917196,-0.09573482162143632,0.9107821978169606,3.680043679155203,0.6658573100486953
30min,30,VAR_DIRECT_RIDGE,statistical,validation,relative_humidity,240,142.0,3.971066838291811,5.148861938182338,-1.3454875417817294,0.8027656655313531,6.218741558318649,1.0880826367612126
30min,30,VAR_DIRECT_RIDGE,statistical,test,relative_humidity,240,350.0,3.075136910156964,4.26610168323468,-0.251105907241926,0.865247799582933,4.724153908629934,0.8425955074190163
30min,30,VAR_DIRECT_RIDGE,statistical,validation,relative_humidity,480,142.0,3.6829291358858476,5.015610130400409,-1.4291786960662067,0.8345334466250081,6.089801273542233,1.0091321572676313
30min,30,VAR_DIRECT_RIDGE,statistical,test,relative_humidity,480,350.0,3.675474327214687,4.968660379775418,-1.0779872992131652,0.84554752618641,5.979340682803877,1.0070895203124306
60min,60,AR_DIRECT_RIDGE,statistical,validation,temperature,60,58.0,0.5324294749132243,0.7094322808039523,0.043328066685263004,0.9697071999920068,2.340505799243351,0.47053750732160426
60min,60,AR_DIRECT_RIDGE,statistical,test,temperature,60,211.0,0.5853408102037923,0.7804193149810915,0.10224501043113547,0.9600460238366543,2.679359047186654,0.5172981939284814
60min,60,AR_DIRECT_RIDGE,statistical,validation,temperature,120,58.0,0.8860863238158396,1.1186973096901662,0.18092659643303968,0.9180626445099942,3.874988294984385,0.7830837129143191
60min,60,AR_DIRECT_RIDGE,statistical,test,temperature,120,211.0,0.9338370124977358,1.26060636703249,0.13136946047355294,0.8954234562943347,4.254498493136576,0.825283649401553
60min,60,AR_DIRECT_RIDGE,statistical,validation,temperature,240,58.0,1.3944536607537332,1.8470886104527267,0.8059822788012668,0.7538378262782228,6.227320901275173,1.2323561720798535
60min,60,AR_DIRECT_RIDGE,statistical,test,temperature,240,211.0,1.212015403077656,1.6353183045118664,0.12232294019019291,0.8365390984345904,5.365045946230724,1.0711253479956144
60min,60,AR_DIRECT_RIDGE,statistical,validation,temperature,480,58.0,1.4056731998417227,1.792332505084216,0.8714681677203765,0.8202430718125291,6.0738919170526815,1.2422715020991397
60min,60,AR_DIRECT_RIDGE,statistical,test,temperature,480,211.0,1.4141747099175528,1.89122484272163,0.373061386775563,0.8310688065093959,6.128262062255006,1.2497847588740443
60min,60,AR_DIRECT_RIDGE,statistical,validation,relative_humidity,60,58.0,1.7541340974656048,2.1955903021662633,-0.48312150519497254,0.9646971718878818,2.6813892269687556,0.48643485885280735
60min,60,AR_DIRECT_RIDGE,statistical,test,relative_humidity,60,211.0,1.1940934353664225,1.6243964614100628,-0.05575355391105575,0.9786142971507293,1.8061239328499001,0.3311312815415578
60min,60,AR_DIRECT_RIDGE,statistical,validation,relative_humidity,120,58.0,2.9605649396567166,3.7471899214237676,-0.5298715572420329,0.8905349816318466,4.651737159704887,0.8209873980713285
60min,60,AR_DIRECT_RIDGE,statistical,test,relative_humidity,120,211.0,2.131628238987027,3.0704837781727026,-0.15516938138881683,0.9240134881759761,3.2434446401094137,0.5911168838553658
60min,60,AR_DIRECT_RIDGE,statistical,validation,relative_humidity,240,58.0,4.7436053007413,6.242886698160019,-2.4055290652306978,0.6670922885231755,7.2948004195843446,1.3154381858566933
60min,60,AR_DIRECT_RIDGE,statistical,test,relative_humidity,240,211.0,2.8561145933577428,4.194486567910398,-0.2289324153872157,0.8717316727578515,4.572493105411218,0.7920225147522729
60min,60,AR_DIRECT_RIDGE,statistical,validation,relative_humidity,480,58.0,3.966593822482379,5.223871814395706,-1.8579917425062877,0.8256264309234326,6.487325616862721,1.0999669346564693
60min,60,AR_DIRECT_RIDGE,statistical,test,relative_humidity,480,211.0,3.455811854865463,4.732739199696772,-0.47260134625896283,0.8673929105506255,5.710461249777506,0.958323171684599
60min,60,VAR_DIRECT_RIDGE,statistical,validation,temperature,60,58.0,0.5354062468177015,0.695712393613853,0.14490041055937403,0.9708675502626287,2.3831868331104653,0.47316824603498214
60min,60,VAR_DIRECT_RIDGE,statistical,test,temperature,60,211.0,0.5737913320218344,0.7548989849321432,0.12261837641400725,0.9626163527435057,2.6208928360767043,0.5070912784013322
60min,60,VAR_DIRECT_RIDGE,statistical,validation,temperature,120,58.0,0.8227885392036794,1.1524063567678278,0.3388161155077576,0.9130503083517016,3.6029567906325095,0.7271439439989339
60min,60,VAR_DIRECT_RIDGE,statistical,test,temperature,120,211.0,0.8689803818086438,1.19233670855862,0.09982625894931277,0.9064436820553423,3.983597015530118,0.7679662416027135
60min,60,VAR_DIRECT_RIDGE,statistical,validation,temperature,240,58.0,1.3967078641176625,1.8630455820788054,0.7673668973066975,0.749566271812699,6.213522588434144,1.2343483368299966
60min,60,VAR_DIRECT_RIDGE,statistical,test,temperature,240,211.0,1.2695702315769393,1.7080076692315345,0.04813621033469501,0.821684569308758,5.600723836206643,1.12198974753095
60min,60,VAR_DIRECT_RIDGE,statistical,validation,temperature,480,58.0,1.3600650581318723,1.8031046266934956,0.6581880289419173,0.81807585968295,6.08839119327471,1.2019650534052144
60min,60,VAR_DIRECT_RIDGE,statistical,test,temperature,480,211.0,1.3871477835788983,1.8337309864226692,0.3544194038293623,0.8411838112031799,6.006776740272525,1.225899562525687
60min,60,VAR_DIRECT_RIDGE,statistical,validation,relative_humidity,60,58.0,1.7705609900208288,2.350362073057638,-0.3052266436083654,0.9595446063574861,2.7821277396419966,0.49099016233447135
60min,60,VAR_DIRECT_RIDGE,statistical,test,relative_humidity,60,211.0,1.2765922328278698,1.7103545131658284,-0.17792824163616902,0.9762910820048772,1.898118102502859,0.3540088317565991
60min,60,VAR_DIRECT_RIDGE,statistical,validation,relative_humidity,120,58.0,2.874413311282575,3.663928700598244,-0.8155550701499188,0.8953454845537411,4.490439991135593,0.7970968897865497
60min,60,VAR_DIRECT_RIDGE,statistical,test,relative_humidity,120,211.0,2.305252323467615,3.183505022960563,-0.11939237382400882,0.918316568718861,3.401799216164225,0.639264176100461
60min,60,VAR_DIRECT_RIDGE,statistical,validation,relative_humidity,240,58.0,4.773468753419439,6.287572561900185,-2.3382237797743755,0.6623094018031613,7.379605003714297,1.3237195506675912
60min,60,VAR_DIRECT_RIDGE,statistical,test,relative_humidity,240,211.0,2.8726246868516925,4.1525110929948434,-0.3752668606192353,0.8742860658168404,4.596157194183057,0.7966008904933177
60min,60,VAR_DIRECT_RIDGE,statistical,validation,relative_humidity,480,58.0,3.8046740910751793,5.024492057629913,-1.9608743484036093,0.8386830649887789,6.246374341647485,1.055065349420572
60min,60,VAR_DIRECT_RIDGE,statistical,test,relative_humidity,480,211.0,3.591156482140122,4.859091186309309,-0.7082833034788169,0.8602178567494557,5.93032753041649,0.9958552764193257
