target,horizon_minutes,n,rmse,nrmse,r2,mae,bias,resolution,resolution_minutes,architecture,feature_set,candidate_id,split,epochs,independent_runs
temperature,60,135,1.9422311546225517,0.5173836101250919,0.7576471567153931,1.3074017763137817,-0.8288416266441345,12min,12,GRU,SHT_TIME,1,validation,57,3
temperature,120,135,2.7649237826778035,0.7502052051096442,0.49049073457717896,1.7609268426895142,-1.3351606130599976,12min,12,GRU,SHT_TIME,1,validation,57,3
temperature,240,135,3.6901728108369576,0.93697149557268,0.241851806640625,2.4237685203552246,-1.9230190515518188,12min,12,GRU,SHT_TIME,1,validation,57,3
temperature,480,135,2.6424957510662295,0.4414139616596939,0.6076101660728455,2.0275778770446777,-0.6286789774894714,12min,12,GRU,SHT_TIME,1,validation,57,3
relative_humidity,60,135,5.521644657427748,0.48897686564103193,0.7701600790023804,3.745731830596924,2.1945972442626953,12min,12,GRU,SHT_TIME,1,validation,57,3
relative_humidity,120,135,7.948276683274603,0.735769743437702,0.5004228353500366,5.029751300811768,3.6038267612457275,12min,12,GRU,SHT_TIME,1,validation,57,3
relative_humidity,240,135,10.46557496162269,0.9343847406435067,0.29279375076293945,7.157501220703125,4.088802337646484,12min,12,GRU,SHT_TIME,1,validation,57,3
relative_humidity,480,135,6.848011658275342,0.4574751423736625,0.687512993812561,5.369875907897949,0.17058472335338593,12min,12,GRU,SHT_TIME,1,validation,57,3
temperature,60,135,2.0492954066747817,0.5459040512220686,0.7301915884017944,1.4698009490966797,-0.6295996308326721,12min,12,LSTM,SHT_TIME,1,validation,80,3
temperature,120,135,2.258949283998156,0.6129194307456977,0.6599061489105225,1.517149567604065,-0.905102550983429,12min,12,LSTM,SHT_TIME,1,validation,80,3
temperature,240,135,3.102846432386107,0.787843499834842,0.46397972106933594,2.2660772800445557,-1.4810532331466675,12min,12,LSTM,SHT_TIME,1,validation,80,3
temperature,480,135,2.44476585249945,0.40838430103310086,0.6641358137130737,1.937936782836914,-0.9963901042938232,12min,12,LSTM,SHT_TIME,1,validation,80,3
relative_humidity,60,135,5.667438379734352,0.501887829997951,0.7578624486923218,4.3770599365234375,0.7822554111480713,12min,12,LSTM,SHT_TIME,1,validation,80,3
relative_humidity,120,135,6.333916921665191,0.586328913060601,0.6827502250671387,4.4170098304748535,1.8741400241851807,12min,12,LSTM,SHT_TIME,1,validation,80,3
relative_humidity,240,135,8.363909765908861,0.7467444154805146,0.5483119487762451,5.988890647888184,2.604041814804077,12min,12,LSTM,SHT_TIME,1,validation,80,3
relative_humidity,480,135,5.484341439255845,0.3663764032465474,0.7995749711990356,4.134353160858154,0.420074999332428,12min,12,LSTM,SHT_TIME,1,validation,80,3
temperature,60,135,2.144769262783826,0.571336970588384,0.7044659852981567,1.7178337574005127,-0.5086110234260559,12min,12,MLP,SHT_TIME,1,validation,29,3
temperature,120,135,2.1056864949659024,0.5713347249386311,0.7044893503189087,1.5595952272415161,-0.8143784999847412,12min,12,MLP,SHT_TIME,1,validation,29,3
temperature,240,135,1.9383581783553436,0.4921683765040852,0.7908158302307129,1.4625673294067383,-0.8293750286102295,12min,12,MLP,SHT_TIME,1,validation,29,3
temperature,480,135,2.1810758810857442,0.36433638349730535,0.7326804399490356,1.7451410293579102,0.3495813012123108,12min,12,MLP,SHT_TIME,1,validation,29,3
relative_humidity,60,135,6.223577571272373,0.551137503892229,0.7080094814300537,5.348664283752441,-1.5460461378097534,12min,12,MLP,SHT_TIME,1,validation,29,3
relative_humidity,120,135,5.873439825148349,0.5437026773790883,0.7272017002105713,4.3532185554504395,0.6230418086051941,12min,12,MLP,SHT_TIME,1,validation,29,3
relative_humidity,240,135,6.717058971423873,0.5997107113480453,0.7086746692657471,5.303562164306641,1.0167399644851685,12min,12,MLP,SHT_TIME,1,validation,29,3
relative_humidity,480,135,6.211313987213487,0.41494113801547505,0.7429190278053284,4.842616081237793,-2.8305022716522217,12min,12,MLP,SHT_TIME,1,validation,29,3
temperature,60,135,3.7206449409000473,0.9911285311920689,0.11062932014465332,3.1023268699645996,-0.1384979784488678,12min,12,TCN,SHT_TIME,1,validation,35,3
temperature,120,135,3.833345675794109,1.040099512681722,0.02064138650894165,3.103837490081787,-0.25784462690353394,12min,12,TCN,SHT_TIME,1,validation,35,3
temperature,240,135,4.486768768153963,1.1392351140413175,-0.12079989910125732,3.1159255504608154,-1.9548488855361938,12min,12,TCN,SHT_TIME,1,validation,35,3
temperature,480,135,4.6420885854253715,0.7754346291913871,-0.21092164516448975,3.435494899749756,-2.4704525470733643,12min,12,TCN,SHT_TIME,1,validation,35,3
relative_humidity,60,135,11.58153653559797,1.0256189570014709,-0.011162519454956055,8.961195945739746,2.370696783065796,12min,12,TCN,SHT_TIME,1,validation,35,3
relative_humidity,120,135,11.39693005367838,1.0550106187442931,-0.027146458625793457,8.630383491516113,3.144300699234009,12min,12,TCN,SHT_TIME,1,validation,35,3
relative_humidity,240,135,12.327501791321673,1.1006208073904524,0.018771708011627197,10.177088737487793,1.2404292821884155,12min,12,TCN,SHT_TIME,1,validation,35,3
relative_humidity,480,135,11.53665753860649,0.770695833090824,0.1131238341331482,9.717995643615723,0.654492199420929,12min,12,TCN,SHT_TIME,1,validation,35,3
temperature,60,239,1.6896082812379056,0.42841841537860326,0.7995486259460449,1.2327600717544556,-0.7482911348342896,20min,20,GRU,SHT_TIME,1,validation,41,3
temperature,120,239,2.482178874994359,0.6528653601581386,0.5831506252288818,1.6836882829666138,-1.305692195892334,20min,20,GRU,SHT_TIME,1,validation,41,3
temperature,240,239,2.7997681555811194,0.6045953662875247,0.5062072277069092,2.0363686084747314,-1.6944736242294312,20min,20,GRU,SHT_TIME,1,validation,41,3
temperature,480,239,2.08230629083009,0.38629708691742165,0.7455335259437561,1.6194721460342407,-0.5149034261703491,20min,20,GRU,SHT_TIME,1,validation,41,3
relative_humidity,60,239,4.565777998912295,0.40870989957333903,0.8353095054626465,3.4432339668273926,1.257658839225769,20min,20,GRU,SHT_TIME,1,validation,41,3
relative_humidity,120,239,6.343751503328794,0.5905362625088572,0.6890939474105835,4.325725555419922,1.9866220951080322,20min,20,GRU,SHT_TIME,1,validation,41,3
relative_humidity,240,239,8.088078105847462,0.6626355650843204,0.529487133026123,5.373286724090576,3.631190538406372,20min,20,GRU,SHT_TIME,1,validation,41,3
relative_humidity,480,239,6.196762704144367,0.4518658465342468,0.7464013695716858,4.689783096313477,0.44471192359924316,20min,20,GRU,SHT_TIME,1,validation,41,3
temperature,60,239,1.7420500970550228,0.44171560377512625,0.7869123816490173,1.2961798906326294,-0.7443088889122009,20min,20,LSTM,SHT_TIME,1,validation,61,3
temperature,120,239,1.9604638732134414,0.5156433186812217,0.7399656772613525,1.44265878200531,-0.9203476905822754,20min,20,LSTM,SHT_TIME,1,validation,61,3
temperature,240,239,2.056862495822507,0.44416875432557584,0.7334914803504944,1.6040199995040894,-0.9913159012794495,20min,20,LSTM,SHT_TIME,1,validation,61,3
temperature,480,239,1.8854963872364587,0.3497860833395518,0.7913622856140137,1.529298186302185,-0.7223948240280151,20min,20,LSTM,SHT_TIME,1,validation,61,3
relative_humidity,60,239,4.901287898311401,0.43874338287496634,0.8102160692214966,3.7616114616394043,1.0571497678756714,20min,20,LSTM,SHT_TIME,1,validation,61,3
relative_humidity,120,239,5.687348416163365,0.5294320679970538,0.750105619430542,4.066019535064697,2.0211029052734375,20min,20,LSTM,SHT_TIME,1,validation,61,3
relative_humidity,240,239,5.954473067511411,0.48783475805175464,0.744983971118927,4.296370029449463,2.0907821655273438,20min,20,LSTM,SHT_TIME,1,validation,61,3
relative_humidity,480,239,5.098684530209594,0.3717943564166777,0.8283145427703857,3.968363046646118,0.572456419467926,20min,20,LSTM,SHT_TIME,1,validation,61,3
temperature,60,239,2.5097968786052567,0.6363860864048576,0.557702898979187,1.8488085269927979,-1.4968634843826294,20min,20,MLP,SHT_TIME,2,validation,35,3
temperature,120,239,2.282383049499701,0.6003148470248098,0.6475560069084167,1.5313133001327515,-1.0565987825393677,20min,20,MLP,SHT_TIME,2,validation,35,3
temperature,240,239,1.8796303477996696,0.40589639408096434,0.7774408459663391,1.570076584815979,-1.0516135692596436,20min,20,MLP,SHT_TIME,2,validation,35,3
temperature,480,239,1.7187935563550603,0.3188603649503034,0.8266240358352661,1.405225396156311,-0.7844775915145874,20min,20,MLP,SHT_TIME,2,validation,35,3
relative_humidity,60,239,6.042213397664793,0.5408743989630186,0.7115762233734131,4.894652843475342,-0.1562189757823944,20min,20,MLP,SHT_TIME,2,validation,35,3
relative_humidity,120,239,7.052898801219548,0.6565503859569326,0.6156984567642212,5.292484760284424,0.8932252526283264,20min,20,MLP,SHT_TIME,2,validation,35,3
relative_humidity,240,239,5.376782498768431,0.4405060464031698,0.7920658588409424,4.019956588745117,0.937027633190155,20min,20,MLP,SHT_TIME,2,validation,35,3
relative_humidity,480,239,5.184688495633361,0.37806573657062836,0.8224737644195557,3.9098129272460938,-0.3288578689098358,20min,20,MLP,SHT_TIME,2,validation,35,3
temperature,60,239,2.446445288019278,0.6203226068682434,0.5797498226165771,1.7867214679718018,-0.7678696513175964,20min,20,TCN,SHT_TIME,1,validation,58,3
temperature,120,239,2.843264360146571,0.7478384532283593,0.4530501961708069,2.042448043823242,-0.4053114354610443,20min,20,TCN,SHT_TIME,1,validation,58,3
temperature,240,239,2.8362208033101717,0.6124671259051785,0.4932652711868286,1.8566442728042603,-1.267648696899414,20min,20,TCN,SHT_TIME,1,validation,58,3
temperature,480,239,3.1091865214055807,0.5767978040459617,0.4326710104942322,2.41874623298645,-1.9795281887054443,20min,20,TCN,SHT_TIME,1,validation,58,3
relative_humidity,60,239,8.425899867326857,0.7542523288277648,0.4391179084777832,5.986995220184326,2.0811100006103516,20min,20,TCN,SHT_TIME,1,validation,58,3
relative_humidity,120,239,8.441895646821063,0.7858513217529981,0.4494246244430542,5.926942348480225,2.308563470840454,20min,20,TCN,SHT_TIME,1,validation,58,3
relative_humidity,240,239,8.209991545771569,0.6726236215914749,0.5151959657669067,6.553826332092285,0.3895471692085266,20min,20,TCN,SHT_TIME,1,validation,58,3
relative_humidity,480,239,7.6309918484149994,0.5564493520421315,0.6154266595840454,5.697180271148682,1.5756700038909912,20min,20,TCN,SHT_TIME,1,validation,58,3
temperature,60,142,1.5168940943021887,0.3184436816687849,0.8460818529129028,1.212504267692566,-0.8449630737304688,30min,30,GRU,SHT_TIME,1,validation,80,3
temperature,120,142,1.8633447152451506,0.400408378103228,0.7699741721153259,1.389237403869629,-0.8220229744911194,30min,30,GRU,SHT_TIME,1,validation,80,3
temperature,240,142,2.1336141903099635,0.4622724756208086,0.6977899074554443,1.6751561164855957,-1.0044862031936646,30min,30,GRU,SHT_TIME,1,validation,80,3
temperature,480,142,2.1801971605369723,0.39351785288775826,0.718396782875061,1.6959855556488037,-0.9660847783088684,30min,30,GRU,SHT_TIME,1,validation,80,3
relative_humidity,60,142,3.9713619978363703,0.3192000716729533,0.8802624940872192,3.137556552886963,0.36161935329437256,30min,30,GRU,SHT_TIME,1,validation,80,3
relative_humidity,120,142,4.999925612849975,0.41182344756764616,0.8092516660690308,3.8613362312316895,0.5626965165138245,30min,30,GRU,SHT_TIME,1,validation,80,3
relative_humidity,240,142,5.826090357814739,0.4766713011548031,0.7474691271781921,4.29599666595459,1.0615071058273315,30min,30,GRU,SHT_TIME,1,validation,80,3
relative_humidity,480,142,5.574057755153609,0.4033174734951646,0.795635461807251,4.126439094543457,0.7738751769065857,30min,30,GRU,SHT_TIME,1,validation,80,3
temperature,60,142,1.6495855591211273,0.3462997849667578,0.8179758787155151,1.2927590608596802,-0.15976110100746155,30min,30,LSTM,SHT_TIME,2,validation,80,3
temperature,120,142,1.7795276680596372,0.38239719227895735,0.790202796459198,1.3889756202697754,-0.31395840644836426,30min,30,LSTM,SHT_TIME,2,validation,80,3
temperature,240,142,1.8639216252291695,0.4038404262453248,0.7693610787391663,1.4863897562026978,-0.271881103515625,30min,30,LSTM,SHT_TIME,2,validation,80,3
temperature,480,142,1.8725045446282154,0.33798042730373,0.7922735810279846,1.4753830432891846,-0.4206722378730774,30min,30,LSTM,SHT_TIME,2,validation,80,3
relative_humidity,60,142,4.466885264347378,0.35902798518778833,0.8485181331634521,3.525890827178955,0.20135100185871124,30min,30,LSTM,SHT_TIME,2,validation,80,3
relative_humidity,120,142,5.332946564637536,0.4392530229447163,0.7829958200454712,4.275101661682129,-0.291364461183548,30min,30,LSTM,SHT_TIME,2,validation,80,3
relative_humidity,240,142,5.8051797034338355,0.47496046108546325,0.7492786049842834,4.313549518585205,0.464379221200943,30min,30,LSTM,SHT_TIME,2,validation,80,3
relative_humidity,480,142,5.2960254809409095,0.3832001228484291,0.8155142664909363,4.051784515380859,0.3122478127479553,30min,30,LSTM,SHT_TIME,2,validation,80,3
temperature,60,142,1.9588414270307413,0.41122229836088936,0.7433283925056458,1.5831362009048462,-1.3465408086776733,30min,30,MLP,SHT_TIME,2,validation,46,3
temperature,120,142,1.8120801373586088,0.3893922916444236,0.7824570536613464,1.3209702968597412,-0.8514701128005981,30min,30,MLP,SHT_TIME,2,validation,46,3
temperature,240,142,1.9831927524826618,0.4296819113254116,0.738899827003479,1.580200433731079,-0.7881053686141968,30min,30,MLP,SHT_TIME,2,validation,46,3
temperature,480,142,1.8909240360061212,0.3413050801514261,0.7881667613983154,1.4666434526443481,-1.0344539880752563,30min,30,MLP,SHT_TIME,2,validation,46,3
relative_humidity,60,142,5.750822920584151,0.46222507276571795,0.7489205598831177,4.591317653656006,0.0233831275254488,30min,30,MLP,SHT_TIME,2,validation,46,3
relative_humidity,120,142,5.864255779688449,0.48301479254072577,0.7376025915145874,4.81629753112793,-0.41410133242607117,30min,30,MLP,SHT_TIME,2,validation,46,3
relative_humidity,240,142,5.735141630145002,0.46923017928848026,0.7552919387817383,4.242329120635986,0.9489858746528625,30min,30,MLP,SHT_TIME,2,validation,46,3
relative_humidity,480,142,4.881162611878805,0.3531822343465773,0.8432855010032654,3.8316869735717773,-0.24080760776996613,30min,30,MLP,SHT_TIME,2,validation,46,3
temperature,60,142,2.610982160112088,0.5481271071993324,0.5439766645431519,2.0767157077789307,-0.11102490872144699,30min,30,TCN,SHT_TIME,2,validation,80,3
temperature,120,142,3.103355984576116,0.6668705614664462,0.361952006816864,2.4850800037384033,-0.003217106219381094,30min,30,TCN,SHT_TIME,2,validation,80,3
temperature,240,142,3.084268239192088,0.6682427970742114,0.368488073348999,2.0703413486480713,-1.1772241592407227,30min,30,TCN,SHT_TIME,2,validation,80,3
temperature,480,142,3.2761921001559147,0.5913410512761411,0.3641059994697571,2.23317551612854,-1.4026005268096924,30min,30,TCN,SHT_TIME,2,validation,80,3
relative_humidity,60,142,8.952288150789474,0.7195443328827132,0.3915579319000244,7.162087440490723,0.4970383942127228,30min,30,TCN,SHT_TIME,2,validation,80,3
relative_humidity,120,142,7.499017523946913,0.6176634392609864,0.570915937423706,6.336259365081787,-1.67693293094635,30min,30,TCN,SHT_TIME,2,validation,80,3
relative_humidity,240,142,8.42153935657118,0.6890222904693949,0.47235357761383057,5.874930381774902,2.272700548171997,30min,30,TCN,SHT_TIME,2,validation,80,3
relative_humidity,480,142,8.170803138356796,0.5912080252741496,0.5608710050582886,6.854885101318359,-0.6962788701057434,30min,30,TCN,SHT_TIME,2,validation,80,3
temperature,60,1446,1.2279156552558586,0.28351451564721486,0.901339054107666,1.0421888828277588,-0.8408095240592957,4min,4,GRU,SHT_TIME,1,validation,34,3
temperature,120,1446,1.412989298713155,0.3305447837927647,0.8690938949584961,1.1859776973724365,-0.7305350303649902,4min,4,GRU,SHT_TIME,1,validation,34,3
temperature,240,1446,1.6973678154245866,0.37183714978895605,0.8239402770996094,1.3708853721618652,-0.7570589780807495,4min,4,GRU,SHT_TIME,1,validation,34,3
temperature,480,1446,1.6041335891021642,0.28757385201695757,0.8512026071548462,1.3000447750091553,-0.45253533124923706,4min,4,GRU,SHT_TIME,1,validation,34,3
relative_humidity,60,1446,2.9062693605495924,0.2451950783566592,0.936027467250824,2.3024368286132812,0.33528491854667664,4min,4,GRU,SHT_TIME,1,validation,34,3
relative_humidity,120,1446,3.689212336843842,0.31688509805607556,0.8962379097938538,2.865351915359497,0.326875239610672,4min,4,GRU,SHT_TIME,1,validation,34,3
relative_humidity,240,1446,4.680013552915072,0.3857547926251233,0.8455338478088379,3.5439698696136475,0.5502811074256897,4min,4,GRU,SHT_TIME,1,validation,34,3
relative_humidity,480,1446,4.752572417131392,0.3395376200152909,0.8486272096633911,3.649928092956543,-0.6793773770332336,4min,4,GRU,SHT_TIME,1,validation,34,3
temperature,60,1446,1.245690163813784,0.28761848741685364,0.8984620571136475,1.0309697389602661,-0.7181291580200195,4min,4,LSTM,SHT_TIME,1,validation,30,3
temperature,120,1446,1.4117338280012444,0.33025108779987605,0.8693264126777649,1.1458550691604614,-0.626169741153717,4min,4,LSTM,SHT_TIME,1,validation,30,3
temperature,240,1446,1.691147359368196,0.3704744536017321,0.8252283334732056,1.3747828006744385,-0.5501372814178467,4min,4,LSTM,SHT_TIME,1,validation,30,3
temperature,480,1446,1.639539159481042,0.2939210267945957,0.8445618152618408,1.3149292469024658,-0.4012868106365204,4min,4,LSTM,SHT_TIME,1,validation,30,3
relative_humidity,60,1446,3.5382541297484735,0.29851413993690834,0.905180037021637,2.7240090370178223,0.4330759346485138,4min,4,LSTM,SHT_TIME,1,validation,30,3
relative_humidity,120,1446,3.906914494262514,0.33558463692828205,0.8836305141448975,3.0311391353607178,0.22755633294582367,4min,4,LSTM,SHT_TIME,1,validation,30,3
relative_humidity,240,1446,5.201157573088673,0.428710609132251,0.8092172145843506,3.8646843433380127,0.4029019773006439,4min,4,LSTM,SHT_TIME,1,validation,30,3
relative_humidity,480,1446,4.733162601955772,0.33815092626899246,0.8498611450195312,3.6570584774017334,-0.7061704993247986,4min,4,LSTM,SHT_TIME,1,validation,30,3
temperature,60,1446,1.4803970037704692,0.3418101542178951,0.8565949201583862,1.0811090469360352,-0.3000270426273346,4min,4,MLP,SHT_TIME,1,validation,35,3
temperature,120,1446,1.513191314214735,0.3539853389192143,0.8498691916465759,1.101270079612732,-0.1528976410627365,4min,4,MLP,SHT_TIME,1,validation,35,3
temperature,240,1446,1.5082532801732342,0.330408409870298,0.860986590385437,1.1396777629852295,-0.30941811203956604,4min,4,MLP,SHT_TIME,1,validation,35,3
temperature,480,1446,1.787699750929976,0.3204818520834221,0.8151994347572327,1.3729017972946167,0.7039808630943298,4min,4,MLP,SHT_TIME,1,validation,35,3
relative_humidity,60,1446,4.78106868624503,0.40336746726419476,0.8268702030181885,3.924872636795044,-0.8242717385292053,4min,4,MLP,SHT_TIME,1,validation,35,3
relative_humidity,120,1446,4.624859575768874,0.39725256947852766,0.8369320631027222,3.5663130283355713,-0.563458263874054,4min,4,MLP,SHT_TIME,1,validation,35,3
relative_humidity,240,1446,4.960399015743163,0.4088658445153426,0.8264709115028381,3.846803903579712,-0.7530338764190674,4min,4,MLP,SHT_TIME,1,validation,35,3
relative_humidity,480,1446,5.969775685963641,0.4264981678407967,0.7611603736877441,4.730449199676514,-2.5488102436065674,4min,4,MLP,SHT_TIME,1,validation,35,3
temperature,60,1446,2.2402450175477373,0.5172521242501708,0.6716029644012451,1.710806131362915,-0.6113042831420898,4min,4,TCN,SHT_TIME,1,validation,32,3
temperature,120,1446,2.0798042797659035,0.4865347930183068,0.7163863778114319,1.6747636795043945,0.46182453632354736,4min,4,TCN,SHT_TIME,1,validation,32,3
temperature,240,1446,2.607515323407362,0.5712203666618298,0.5845088958740234,1.8994461297988892,-1.1383737325668335,4min,4,TCN,SHT_TIME,1,validation,32,3
temperature,480,1446,2.896236437361189,0.519209792938749,0.5149548053741455,2.167492389678955,-1.508449673652649,4min,4,TCN,SHT_TIME,1,validation,32,3
relative_humidity,60,1446,6.600814433854776,0.5568951158817308,0.6699978113174438,5.521352767944336,-1.0562511682510376,4min,4,TCN,SHT_TIME,1,validation,32,3
relative_humidity,120,1446,6.393434387352455,0.5491644008987886,0.6883695721626282,5.344707012176514,-2.0813021659851074,4min,4,TCN,SHT_TIME,1,validation,32,3
relative_humidity,240,1446,7.502040585437848,0.618363190101931,0.6030846238136292,5.7840471267700195,0.7953661680221558,4min,4,TCN,SHT_TIME,1,validation,32,3
relative_humidity,480,1446,7.394842577555399,0.5283090984832192,0.6335217356681824,5.604916095733643,2.813302755355835,4min,4,TCN,SHT_TIME,1,validation,32,3
temperature,60,58,2.0057869873059913,0.46532591662740325,0.7578485012054443,1.3938653469085693,-1.1609373092651367,60min,60,GRU,SHT_TIME,1,validation,80,3
temperature,120,58,2.5048560663472172,0.5893644084832661,0.589207649230957,1.6950315237045288,-1.4616594314575195,60min,60,GRU,SHT_TIME,1,validation,80,3
temperature,240,58,2.9924837369166184,0.6624026287399222,0.35388559103012085,2.028104305267334,-1.8018759489059448,60min,60,GRU,SHT_TIME,1,validation,80,3
temperature,480,58,2.677754497382909,0.5154237461155521,0.5987731218338013,2.1364710330963135,-1.5792361497879028,60min,60,GRU,SHT_TIME,1,validation,80,3
relative_humidity,60,58,4.222774366337731,0.37401606159587114,0.8694121837615967,3.3542466163635254,0.7204795479774475,60min,60,GRU,SHT_TIME,1,validation,80,3
relative_humidity,120,58,6.4029395505264075,0.5781418433039538,0.6803882122039795,4.424192905426025,2.367640495300293,60min,60,GRU,SHT_TIME,1,validation,80,3
relative_humidity,240,58,7.791515029274859,0.6731719386964085,0.4814426898956299,4.965488910675049,3.270660161972046,60min,60,GRU,SHT_TIME,1,validation,80,3
relative_humidity,480,58,6.317057861990682,0.4877781270902684,0.7450087070465088,4.639468193054199,0.8468754291534424,60min,60,GRU,SHT_TIME,1,validation,80,3
temperature,60,58,2.0854037741441345,0.4837963497037226,0.7382432818412781,1.4132617712020874,-0.7796815633773804,60min,60,LSTM,SHT_TIME,1,validation,80,3
temperature,120,58,2.453594575877082,0.5773031573739522,0.6058492660522461,1.6403805017471313,-1.1121615171432495,60min,60,LSTM,SHT_TIME,1,validation,80,3
temperature,240,58,2.8877465014908354,0.6392184693016904,0.39832228422164917,1.9713770151138306,-1.3910386562347412,60min,60,LSTM,SHT_TIME,1,validation,80,3
temperature,480,58,2.501266444817987,0.48145269563778953,0.6499191522598267,1.8760056495666504,-1.1936112642288208,60min,60,LSTM,SHT_TIME,1,validation,80,3
relative_humidity,60,58,5.340537550083562,0.47301765332525547,0.7911295890808105,4.287281036376953,1.0374501943588257,60min,60,LSTM,SHT_TIME,1,validation,80,3
relative_humidity,120,58,6.388274788943626,0.5768177151865198,0.6818505525588989,4.865435600280762,1.5278023481369019,60min,60,LSTM,SHT_TIME,1,validation,80,3
relative_humidity,240,58,7.337266762972803,0.6339257606518162,0.5401443243026733,4.95646333694458,2.3749842643737793,60min,60,LSTM,SHT_TIME,1,validation,80,3
relative_humidity,480,58,6.228431411609274,0.4809347444709934,0.752113401889801,4.403995037078857,1.6099387407302856,60min,60,LSTM,SHT_TIME,1,validation,80,3
temperature,60,58,2.565240092799037,0.5951143890679639,0.6039285659790039,1.8541756868362427,-1.719939112663269,60min,60,MLP,SHT_TIME,2,validation,66,3
temperature,120,58,2.1204397974334936,0.4989155918891571,0.7056198120117188,1.5202443599700928,-1.234281063079834,60min,60,MLP,SHT_TIME,2,validation,66,3
temperature,240,58,2.343022551496005,0.5186408461176938,0.6039055585861206,1.68222177028656,-1.1687761545181274,60min,60,MLP,SHT_TIME,2,validation,66,3
temperature,480,58,1.6901773477080215,0.32533137037272775,0.8401498794555664,1.3422080278396606,-0.35964757204055786,60min,60,MLP,SHT_TIME,2,validation,66,3
relative_humidity,60,58,5.709780136124408,0.5057219007757873,0.7612487077713013,4.611448287963867,1.284010887145996,60min,60,MLP,SHT_TIME,2,validation,66,3
relative_humidity,120,58,6.2763194000291,0.5667089058804045,0.6929040551185608,5.110565662384033,0.26399949193000793,60min,60,MLP,SHT_TIME,2,validation,66,3
relative_humidity,240,58,6.700565302899299,0.5789159769784085,0.6164907217025757,4.639672756195068,1.8875831365585327,60min,60,MLP,SHT_TIME,2,validation,66,3
relative_humidity,480,58,4.9096195774358735,0.379101330797802,0.8459749817848206,3.876253366470337,-1.1351903676986694,60min,60,MLP,SHT_TIME,2,validation,66,3
temperature,60,58,2.6165200364482697,0.6070109099518839,0.5879350900650024,2.15576434135437,-1.595086693763733,60min,60,TCN,SHT_TIME,1,validation,77,3
temperature,120,58,2.5036312434294654,0.5890762214516375,0.5896093249320984,1.7107938528060913,-1.251071810722351,60min,60,TCN,SHT_TIME,1,validation,77,3
temperature,240,58,2.5281676374878637,0.5596237226982202,0.538833737373352,1.7037732601165771,-1.284328579902649,60min,60,TCN,SHT_TIME,1,validation,77,3
temperature,480,58,2.5923076433940606,0.4989766305865653,0.6239708065986633,2.17655873298645,-1.5200196504592896,60min,60,TCN,SHT_TIME,1,validation,77,3
relative_humidity,60,58,7.170908744396277,0.6351357695127166,0.6234216690063477,6.2747883796691895,-1.894623875617981,60min,60,TCN,SHT_TIME,1,validation,77,3
relative_humidity,120,58,6.189378241401694,0.5588587112453953,0.7013530731201172,4.877833843231201,2.488473653793335,60min,60,TCN,SHT_TIME,1,validation,77,3
relative_humidity,240,58,7.236397709685679,0.6252108681179974,0.5527011156082153,4.886422634124756,1.6649028062820435,60min,60,TCN,SHT_TIME,1,validation,77,3
relative_humidity,480,58,6.909020606052878,0.533487139879789,0.6949797868728638,5.120997905731201,2.514280080795288,60min,60,TCN,SHT_TIME,1,validation,77,3
temperature,60,2742,1.4358433008687468,0.34831180181820215,0.8837162852287292,1.0725865364074707,-0.08117756247520447,4min,4,MLP,SHT_TIME,1,test,35,3
temperature,120,2742,1.5392596897887771,0.3768112288726116,0.8679769039154053,1.0839262008666992,-0.06425890326499939,4min,4,MLP,SHT_TIME,1,test,35,3
temperature,240,2742,1.7395642292854403,0.40664191485085144,0.837194561958313,1.2066853046417236,-0.004608710762113333,4min,4,MLP,SHT_TIME,1,test,35,3
temperature,480,2742,1.798981534730592,0.3726334426180984,0.8431649208068848,1.4167081117630005,0.30911141633987427,4min,4,MLP,SHT_TIME,1,test,35,3
relative_humidity,60,2742,4.041235333789817,0.3460632185937186,0.8880974650382996,3.125887632369995,-0.3122701048851013,4min,4,MLP,SHT_TIME,1,test,35,3
relative_humidity,120,2742,4.211323396626833,0.36472174852826555,0.879540741443634,3.214839458465576,-0.6807319521903992,4min,4,MLP,SHT_TIME,1,test,35,3
relative_humidity,240,2742,4.527137310597493,0.3771709784336221,0.8634194135665894,3.4452505111694336,-0.7859610319137573,4min,4,MLP,SHT_TIME,1,test,35,3
relative_humidity,480,2742,5.199218933426462,0.3999703159026997,0.8390171527862549,4.271401882171631,-1.5291980504989624,4min,4,MLP,SHT_TIME,1,test,35,3
temperature,60,2742,1.2803896830121972,0.3106013290235649,0.9075325131416321,0.9805821776390076,-0.33906474709510803,4min,4,LSTM,SHT_TIME,1,test,30,3
temperature,120,2742,1.4117007264431223,0.3455847567894062,0.88895183801651,1.0916669368743896,-0.4953235685825348,4min,4,LSTM,SHT_TIME,1,test,30,3
temperature,240,2742,1.7343592600065263,0.4054251971012649,0.8381673693656921,1.2231932878494263,-0.5686911344528198,4min,4,LSTM,SHT_TIME,1,test,30,3
temperature,480,2742,1.6161242689422695,0.3347571603200483,0.8734275102615356,1.2129992246627808,-0.3814540505409241,4min,4,LSTM,SHT_TIME,1,test,30,3
relative_humidity,60,2742,3.501216813147746,0.2998197974816005,0.9160057306289673,2.606269359588623,-0.34275999665260315,4min,4,LSTM,SHT_TIME,1,test,30,3
relative_humidity,120,2742,3.666894399911197,0.3175714641804375,0.9086728692054749,2.6815342903137207,0.06320657581090927,4min,4,LSTM,SHT_TIME,1,test,30,3
relative_humidity,240,2742,4.4210935515467575,0.3683361175460767,0.8697430491447449,3.2204253673553467,0.30259186029434204,4min,4,LSTM,SHT_TIME,1,test,30,3
relative_humidity,480,2742,4.406546724758015,0.3389908961536903,0.8843621015548706,3.282452344894409,0.3279782831668854,4min,4,LSTM,SHT_TIME,1,test,30,3
temperature,60,2742,1.0804429498710357,0.2620975634344343,0.934157133102417,0.8283011317253113,-0.17300303280353546,4min,4,GRU,SHT_TIME,1,test,34,3
temperature,120,2742,1.1978525835670735,0.29323466794877184,0.9200473427772522,0.9085444808006287,-0.23962469398975372,4min,4,GRU,SHT_TIME,1,test,34,3
temperature,240,2742,1.4788597039154006,0.345699418091015,0.882336437702179,1.0586354732513428,-0.3616889417171478,4min,4,GRU,SHT_TIME,1,test,34,3
temperature,480,2742,1.4734788615791643,0.3052101926646326,0.8947849869728088,1.110943078994751,-0.08042895793914795,4min,4,GRU,SHT_TIME,1,test,34,3
relative_humidity,60,2742,3.0815545355238667,0.2638828459008333,0.9349344372749329,2.3801774978637695,-0.6925248503684998,4min,4,GRU,SHT_TIME,1,test,34,3
relative_humidity,120,2742,3.433336267809555,0.2973441573933747,0.9199362993240356,2.5588817596435547,-0.4582872688770294,4min,4,GRU,SHT_TIME,1,test,34,3
relative_humidity,240,2742,3.941715829447215,0.3283975532661029,0.8964590430259705,2.9199838638305664,-0.27279964089393616,4min,4,GRU,SHT_TIME,1,test,34,3
relative_humidity,480,2742,4.254288473200661,0.3272778327582134,0.8922152519226074,3.263946533203125,-0.592173159122467,4min,4,GRU,SHT_TIME,1,test,34,3
temperature,60,2742,1.605516122086611,0.3894716178247361,0.8546101450920105,1.1834222078323364,-0.2384415566921234,4min,4,TCN,SHT_TIME,1,test,32,3
temperature,120,2742,1.7769749520789995,0.4350039956289771,0.82405024766922,1.2670120000839233,-0.6089491248130798,4min,4,TCN,SHT_TIME,1,test,32,3
temperature,240,2742,2.1508097920046434,0.5027750039790094,0.7511188983917236,1.4458565711975098,-0.7902347445487976,4min,4,TCN,SHT_TIME,1,test,32,3
temperature,480,2742,1.5989494033547544,0.3311996311476673,0.8761034607887268,1.2494481801986694,0.06463257968425751,4min,4,TCN,SHT_TIME,1,test,32,3
relative_humidity,60,2742,4.851106238295498,0.4154149164558205,0.8387524485588074,3.3459482192993164,1.0956157445907593,4min,4,TCN,SHT_TIME,1,test,32,3
relative_humidity,120,2742,5.312992925775989,0.46013186053567523,0.8082737922668457,3.644923448562622,2.8790650367736816,4min,4,TCN,SHT_TIME,1,test,32,3
relative_humidity,240,2742,5.441437096107832,0.45334435711054855,0.8026810884475708,3.395185947418213,2.001277446746826,4min,4,TCN,SHT_TIME,1,test,32,3
relative_humidity,480,2742,5.117337895869583,0.3936712958234506,0.8440477252006531,3.8098502159118652,0.2095262110233307,4min,4,TCN,SHT_TIME,1,test,32,3
temperature,60,378,1.5373283724631746,0.3972633861789411,0.8500007390975952,1.2760560512542725,0.7578924298286438,12min,12,MLP,SHT_TIME,1,test,29,3
temperature,120,378,1.4716601658407875,0.38799315710288834,0.867018461227417,1.1440623998641968,0.35687196254730225,12min,12,MLP,SHT_TIME,1,test,29,3
temperature,240,378,1.692293141625946,0.41023822933939963,0.8280105590820312,1.3397377729415894,0.561432957649231,12min,12,MLP,SHT_TIME,1,test,29,3
temperature,480,378,2.1236179569861164,0.4177399713489336,0.7983554005622864,1.8023420572280884,1.076228380203247,12min,12,MLP,SHT_TIME,1,test,29,3
relative_humidity,60,378,4.846589861807394,0.4243938784725039,0.8208798170089722,4.113180637359619,-2.91312313079834,12min,12,MLP,SHT_TIME,1,test,29,3
relative_humidity,120,378,5.051426963509992,0.4560108984924272,0.8107532262802124,4.30323600769043,-2.4271605014801025,12min,12,MLP,SHT_TIME,1,test,29,3
relative_humidity,240,378,5.062775592602323,0.42050463993040366,0.8130608797073364,4.211892604827881,-2.1095376014709473,12min,12,MLP,SHT_TIME,1,test,29,3
relative_humidity,480,378,5.518797397085982,0.4087606226095941,0.8222350478172302,4.512723922729492,-2.1150569915771484,12min,12,MLP,SHT_TIME,1,test,29,3
temperature,60,378,1.084592796242391,0.28027129049220717,0.9253397583961487,0.848239004611969,-0.03610746189951897,12min,12,LSTM,SHT_TIME,1,test,80,3
temperature,120,378,1.264690525135205,0.3334270241152968,0.9017924666404724,0.9816020727157593,-0.17032490670681,12min,12,LSTM,SHT_TIME,1,test,80,3
temperature,240,378,1.4385706190344278,0.3487319359844172,0.8757166862487793,1.042443037033081,-0.23620007932186127,12min,12,LSTM,SHT_TIME,1,test,80,3
temperature,480,378,1.7236758996694943,0.33906678862552553,0.8671550750732422,1.3573745489120483,-0.2771247327327728,12min,12,LSTM,SHT_TIME,1,test,80,3
relative_humidity,60,378,3.0964088189146697,0.27113846755450594,0.9268880486488342,2.3671445846557617,-0.9731682538986206,12min,12,LSTM,SHT_TIME,1,test,80,3
relative_humidity,120,378,3.5544139714902507,0.3208700275114053,0.9063007235527039,2.59448504447937,-0.7576810121536255,12min,12,LSTM,SHT_TIME,1,test,80,3
relative_humidity,240,378,3.634307881700682,0.30185879252160164,0.9036689400672913,2.7330620288848877,-0.6946974396705627,12min,12,LSTM,SHT_TIME,1,test,80,3
relative_humidity,480,378,4.534361093553688,0.33584640463815324,0.879997730255127,3.4960060119628906,-0.03485527262091637,12min,12,LSTM,SHT_TIME,1,test,80,3
temperature,60,378,1.1183053139835353,0.28898299398663124,0.9206262826919556,0.8258001208305359,-0.14496010541915894,12min,12,GRU,SHT_TIME,1,test,57,3
temperature,120,378,1.382171697903577,0.364400133383705,0.8826993703842163,1.0256321430206299,-0.12379249930381775,12min,12,GRU,SHT_TIME,1,test,57,3
temperature,240,378,1.640380913878785,0.39765389636054144,0.8384005427360535,1.178906798362732,-0.059143807739019394,12min,12,GRU,SHT_TIME,1,test,57,3
temperature,480,378,1.792737625949655,0.3526520210646628,0.8562965393066406,1.3733701705932617,-0.05127077177166939,12min,12,GRU,SHT_TIME,1,test,57,3
relative_humidity,60,378,3.0856803690343155,0.27019902588839734,0.9273937940597534,2.46956729888916,-1.083726167678833,12min,12,GRU,SHT_TIME,1,test,57,3
relative_humidity,120,378,3.512253836154574,0.31706407696834815,0.9085103273391724,2.625046730041504,-0.6708958148956299,12min,12,GRU,SHT_TIME,1,test,57,3
relative_humidity,240,378,4.353468965303457,0.36159096254988077,0.8617727160453796,3.413255214691162,-0.9666889905929565,12min,12,GRU,SHT_TIME,1,test,57,3
relative_humidity,480,378,5.109715068360856,0.3784611324568013,0.8476120233535767,4.076962947845459,-0.95523601770401,12min,12,GRU,SHT_TIME,1,test,57,3
temperature,60,378,2.6630820878283963,0.6881711330079124,0.5498834848403931,2.152132272720337,0.7337387204170227,12min,12,TCN,SHT_TIME,1,test,35,3
temperature,120,378,3.767913882500493,0.9933847751650887,0.12827765941619873,3.279843330383301,1.2780816555023193,12min,12,TCN,SHT_TIME,1,test,35,3
temperature,240,378,2.7571725075720654,0.6683815821666004,0.543460488319397,2.284926414489746,0.8948701620101929,12min,12,TCN,SHT_TIME,1,test,35,3
temperature,480,378,3.6854283607402327,0.7249659632795417,0.3926909565925598,3.1544933319091797,0.5603053569793701,12min,12,TCN,SHT_TIME,1,test,35,3
relative_humidity,60,378,9.17633416144912,0.8035299367140648,0.3578886389732361,7.646459102630615,-1.8393568992614746,12min,12,TCN,SHT_TIME,1,test,35,3
relative_humidity,120,378,8.01703736947719,0.7237274616680552,0.5233187675476074,6.954283714294434,-3.7959094047546387,12min,12,TCN,SHT_TIME,1,test,35,3
relative_humidity,240,378,10.112568700153885,0.8399309790153878,0.2541598677635193,9.191194534301758,-4.8380913734436035,12min,12,TCN,SHT_TIME,1,test,35,3
relative_humidity,480,378,9.903539051995228,0.7335251681950681,0.42754924297332764,8.872703552246094,-2.348954916000366,12min,12,TCN,SHT_TIME,1,test,35,3
temperature,60,556,1.5983913381404846,0.4149492504285566,0.8531270027160645,1.2854253053665161,0.463649183511734,20min,20,MLP,SHT_TIME,2,test,35,3
temperature,120,556,1.6668794098814683,0.4352248551927176,0.8401363492012024,1.3240314722061157,0.5797023773193359,20min,20,MLP,SHT_TIME,2,test,35,3
temperature,240,556,1.9012229171118118,0.4480750699779197,0.7981339693069458,1.5352882146835327,0.6690034866333008,20min,20,MLP,SHT_TIME,2,test,35,3
temperature,480,556,1.941653138087653,0.41742993384961274,0.8202043175697327,1.5603601932525635,0.27209708094596863,20min,20,MLP,SHT_TIME,2,test,35,3
relative_humidity,60,556,4.742013541586408,0.4224077283254849,0.8454488515853882,3.929805278778076,-1.7993435859680176,20min,20,MLP,SHT_TIME,2,test,35,3
relative_humidity,120,556,4.758945474259769,0.4270103900266222,0.8408451676368713,3.9590721130371094,-1.642443299293518,20min,20,MLP,SHT_TIME,2,test,35,3
relative_humidity,240,556,5.327064386223953,0.44393783807759496,0.803924024105072,4.530047416687012,-2.225904703140259,20min,20,MLP,SHT_TIME,2,test,35,3
relative_humidity,480,556,5.18413682865365,0.4029186055835701,0.8367180228233337,4.128514766693115,-1.2323089838027954,20min,20,MLP,SHT_TIME,2,test,35,3
temperature,60,556,1.2618431289827392,0.3275798911291349,0.9084651470184326,0.9765002727508545,-0.31985142827033997,20min,20,LSTM,SHT_TIME,1,test,61,3
temperature,120,556,1.3740068663768417,0.3587553700091505,0.8913776874542236,1.071211814880371,-0.2003674954175949,20min,20,LSTM,SHT_TIME,1,test,61,3
temperature,240,556,1.5217365648413883,0.35863875384748695,0.8706768751144409,1.1170493364334106,-0.18564040958881378,20min,20,LSTM,SHT_TIME,1,test,61,3
temperature,480,556,1.5718241385692966,0.3379215542238555,0.8821732401847839,1.2178298234939575,-0.005599454045295715,20min,20,LSTM,SHT_TIME,1,test,61,3
relative_humidity,60,556,3.518643587986681,0.31343272889331636,0.9149063229560852,2.6544971466064453,-0.8859127759933472,20min,20,LSTM,SHT_TIME,1,test,61,3
relative_humidity,120,556,3.685634076290201,0.33070436568867934,0.9045397043228149,2.7599029541015625,-0.6597930192947388,20min,20,LSTM,SHT_TIME,1,test,61,3
relative_humidity,240,556,4.142677345508488,0.3452354038321833,0.8814201951026917,3.164273262023926,-1.0638893842697144,20min,20,LSTM,SHT_TIME,1,test,61,3
relative_humidity,480,556,4.61135273546747,0.3584009981679183,0.870806097984314,3.5830323696136475,-1.1823543310165405,20min,20,LSTM,SHT_TIME,1,test,61,3
temperature,60,556,1.2612780577881795,0.3274331962221829,0.9085471034049988,0.9535923004150391,-0.365446001291275,20min,20,GRU,SHT_TIME,1,test,41,3
temperature,120,556,1.4296477265375616,0.3732832867634702,0.8824021816253662,1.0814920663833618,0.0697815865278244,20min,20,GRU,SHT_TIME,1,test,41,3
temperature,240,556,1.6958761376954707,0.3996794969346003,0.8393852710723877,1.2895570993423462,0.19072933495044708,20min,20,GRU,SHT_TIME,1,test,41,3
temperature,480,556,1.8369964792034068,0.39493012616614576,0.8390642404556274,1.4065890312194824,-0.06367543339729309,20min,20,GRU,SHT_TIME,1,test,41,3
relative_humidity,60,556,3.300748168057222,0.29402310288998385,0.9251190423965454,2.546868085861206,-0.757973849773407,20min,20,GRU,SHT_TIME,1,test,41,3
relative_humidity,120,556,3.8378844127653284,0.3443654752583453,0.8964900374412537,2.9467949867248535,-0.8159399628639221,20min,20,GRU,SHT_TIME,1,test,41,3
relative_humidity,240,556,4.930964526675291,0.4109283411836561,0.8319988250732422,3.957505941390991,-2.0474915504455566,20min,20,GRU,SHT_TIME,1,test,41,3
relative_humidity,480,556,4.999494145553706,0.3885679094378514,0.8481420278549194,4.015293121337891,-1.471695065498352,20min,20,GRU,SHT_TIME,1,test,41,3
temperature,60,556,1.9676040462916817,0.5107984538371974,0.7774379253387451,1.5431911945343018,0.4561658203601837,20min,20,TCN,SHT_TIME,1,test,58,3
temperature,120,556,1.8496929016910906,0.482957747583401,0.8031476736068726,1.4269345998764038,0.29008719325065613,20min,20,TCN,SHT_TIME,1,test,58,3
temperature,240,556,2.1912621979447375,0.5164307424694877,0.7318450212478638,1.5398030281066895,-0.5983904004096985,20min,20,TCN,SHT_TIME,1,test,58,3
temperature,480,556,2.3329972865305137,0.5015637880342121,0.7404240369796753,1.8115826845169067,-1.376179814338684,20min,20,TCN,SHT_TIME,1,test,58,3
relative_humidity,60,556,5.374366013153082,0.4787362412394579,0.8014813661575317,4.303708076477051,-2.1473042964935303,20min,20,TCN,SHT_TIME,1,test,58,3
relative_humidity,120,556,3.8839900420637776,0.34850243855318447,0.8939881324768066,2.8925013542175293,-0.5513022541999817,20min,20,TCN,SHT_TIME,1,test,58,3
relative_humidity,240,556,5.171354423208157,0.43096154582043045,0.8152191042900085,3.7568306922912598,-0.21517892181873322,20min,20,TCN,SHT_TIME,1,test,58,3
relative_humidity,480,556,5.8928212086296154,0.4579985796692329,0.7890245914459229,4.118010520935059,3.11185884475708,20min,20,TCN,SHT_TIME,1,test,58,3
temperature,60,350,1.62442674062005,0.37840635250505733,0.8332852721214294,1.31083083152771,0.6023526191711426,30min,30,MLP,SHT_TIME,2,test,46,3
temperature,120,350,1.7388453564799347,0.41063724798799695,0.8058159351348877,1.4094295501708984,0.7192149758338928,30min,30,MLP,SHT_TIME,2,test,46,3
temperature,240,350,1.9850763598343437,0.47174790619624085,0.7593268752098083,1.5500307083129883,0.2805357575416565,30min,30,MLP,SHT_TIME,2,test,46,3
temperature,480,350,2.108114699636267,0.4421698886894965,0.7784958481788635,1.7777040004730225,0.8101930618286133,30min,30,MLP,SHT_TIME,2,test,46,3
relative_humidity,60,350,5.342986649094068,0.4482330080571506,0.7885246276855469,4.61516809463501,-2.325845718383789,30min,30,MLP,SHT_TIME,2,test,46,3
relative_humidity,120,350,4.927697023181367,0.4194664095221354,0.813553512096405,4.08566951751709,-1.3633482456207275,30min,30,MLP,SHT_TIME,2,test,46,3
relative_humidity,240,350,5.942413866624897,0.4999535085247113,0.7385436296463013,5.06479549407959,-1.8651010990142822,30min,30,MLP,SHT_TIME,2,test,46,3
relative_humidity,480,350,5.667371743412227,0.4362593250356665,0.7990539073944092,4.759313583374023,-2.2169671058654785,30min,30,MLP,SHT_TIME,2,test,46,3
temperature,60,350,1.2498243685360693,0.2911436193109865,0.9013103246688843,0.9494370818138123,-0.08714835345745087,30min,30,LSTM,SHT_TIME,2,test,80,3
temperature,120,350,1.4226048032370893,0.3359554196115342,0.8700249195098877,1.0786399841308594,-0.1454816609621048,30min,30,LSTM,SHT_TIME,2,test,80,3
temperature,240,350,1.600975040529539,0.3804672900871575,0.8434538841247559,1.1839905977249146,-0.2638600766658783,30min,30,LSTM,SHT_TIME,2,test,80,3
temperature,480,350,1.6561584447350992,0.3473736012974245,0.8632909655570984,1.2810393571853638,-0.013990020379424095,30min,30,LSTM,SHT_TIME,2,test,80,3
relative_humidity,60,350,3.553467929096887,0.2981069808893825,0.9064602255821228,2.723163366317749,-0.5926826000213623,30min,30,LSTM,SHT_TIME,2,test,80,3
relative_humidity,120,350,3.802691615667085,0.323701191660113,0.8889679312705994,2.9148290157318115,-0.6977187395095825,30min,30,LSTM,SHT_TIME,2,test,80,3
relative_humidity,240,350,4.42022609632989,0.3718871816963793,0.8553353548049927,3.381896734237671,-0.34874245524406433,30min,30,LSTM,SHT_TIME,2,test,80,3
relative_humidity,480,350,4.634993195924837,0.35678954809158664,0.8655953407287598,3.551149845123291,-0.9574599862098694,30min,30,LSTM,SHT_TIME,2,test,80,3
temperature,60,350,1.1521968424630136,0.2684015189000464,0.9161260724067688,0.8837888836860657,-0.22002319991588593,30min,30,GRU,SHT_TIME,1,test,80,3
temperature,120,350,1.3074821191589854,0.30876860740039913,0.8902099132537842,0.97905433177948,0.035225458443164825,30min,30,GRU,SHT_TIME,1,test,80,3
temperature,240,350,1.660586527995039,0.3946337951980439,0.8315790295600891,1.1828533411026,-0.13316532969474792,30min,30,GRU,SHT_TIME,1,test,80,3
temperature,480,350,1.598146694425476,0.335205833964122,0.8727005124092102,1.2313765287399292,0.10787831246852875,30min,30,GRU,SHT_TIME,1,test,80,3
relative_humidity,60,350,3.344816091411271,0.28060279325336557,0.9171226024627686,2.56949520111084,-0.9285494685173035,30min,30,GRU,SHT_TIME,1,test,80,3
relative_humidity,120,350,3.548531166631027,0.3020659794102212,0.9033140540122986,2.664302110671997,-0.6860915422439575,30min,30,GRU,SHT_TIME,1,test,80,3
relative_humidity,240,350,4.187106669158446,0.352274129132972,0.8701919913291931,3.187413454055786,-0.48198071122169495,30min,30,GRU,SHT_TIME,1,test,80,3
relative_humidity,480,350,4.638489100017531,0.35705865356567895,0.8653925061225891,3.605323553085327,-1.1777321100234985,30min,30,GRU,SHT_TIME,1,test,80,3
temperature,60,350,1.8003756713908312,0.4193932381892478,0.7952141165733337,1.416844129562378,0.4638296067714691,30min,30,TCN,SHT_TIME,2,test,80,3
temperature,120,350,1.7807171342444517,0.4205254830317351,0.7963513731956482,1.3474236726760864,0.2427145540714264,30min,30,TCN,SHT_TIME,2,test,80,3
temperature,240,350,2.1647613168286917,0.5144495392176119,0.7137844562530518,1.5344661474227905,-0.07576662302017212,30min,30,TCN,SHT_TIME,2,test,80,3
temperature,480,350,2.1266262339193376,0.446052620048862,0.7745887041091919,1.6266292333602905,0.11092105507850647,30min,30,TCN,SHT_TIME,2,test,80,3
relative_humidity,60,350,5.623483241415368,0.4717643847165466,0.7657377123832703,4.198938369750977,-0.45737192034721375,30min,30,TCN,SHT_TIME,2,test,80,3
relative_humidity,120,350,4.630531714538902,0.39417044175780314,0.8353627920150757,3.7428619861602783,-1.773668885231018,30min,30,TCN,SHT_TIME,2,test,80,3
relative_humidity,240,350,5.549933135858486,0.46693290060692955,0.7719401121139526,4.314485549926758,-1.1492966413497925,30min,30,TCN,SHT_TIME,2,test,80,3
relative_humidity,480,350,5.445727733394743,0.4191977538901308,0.8144640326499939,4.233489036560059,-0.9983391165733337,30min,30,TCN,SHT_TIME,2,test,80,3
temperature,60,211,1.4153491326137702,0.3322051957201314,0.8685891628265381,1.0749119520187378,0.1742601841688156,60min,60,MLP,SHT_TIME,2,test,66,3
temperature,120,211,1.4321558755025412,0.3466565003589437,0.865024209022522,1.1051636934280396,0.32405009865760803,60min,60,MLP,SHT_TIME,2,test,66,3
temperature,240,211,1.6453440055475288,0.39361072589264007,0.8345286846160889,1.2547788619995117,0.008633401244878769,60min,60,MLP,SHT_TIME,2,test,66,3
temperature,480,211,1.940609436464174,0.4064205726503611,0.8221312165260315,1.5647897720336914,0.6942614316940308,60min,60,MLP,SHT_TIME,2,test,66,3
relative_humidity,60,211,3.9006318240785247,0.3382274044528861,0.8766868710517883,3.1055665016174316,-0.9105501770973206,60min,60,MLP,SHT_TIME,2,test,66,3
relative_humidity,120,211,4.366363283834273,0.3894452606011911,0.8463393449783325,3.502837657928467,-1.2337840795516968,60min,60,MLP,SHT_TIME,2,test,66,3
relative_humidity,240,211,5.22962595023255,0.4657685423837875,0.8006101250648499,3.9189164638519287,-0.44737106561660767,60min,60,MLP,SHT_TIME,2,test,66,3
relative_humidity,480,211,5.403470421820342,0.42363914064568886,0.8271429538726807,4.4934468269348145,-2.3798811435699463,60min,60,MLP,SHT_TIME,2,test,66,3
temperature,60,211,1.329703391637993,0.31210276340301785,0.8840118646621704,1.0064191818237305,-0.335210382938385,60min,60,LSTM,SHT_TIME,1,test,80,3
temperature,120,211,1.4989959217242546,0.36283528152612543,0.8521313071250916,1.109334945678711,-0.4339802861213684,60min,60,LSTM,SHT_TIME,1,test,80,3
temperature,240,211,1.8081807598083195,0.4325656756359688,0.8001551628112793,1.2746832370758057,-0.6189231872558594,60min,60,LSTM,SHT_TIME,1,test,80,3
temperature,480,211,1.8964691632934605,0.3971763039366776,0.8301306366920471,1.4020074605941772,-0.20515534281730652,60min,60,LSTM,SHT_TIME,1,test,80,3
relative_humidity,60,211,3.4486819029856837,0.29903840747801014,0.9036069512367249,2.714540481567383,-0.6718647480010986,60min,60,LSTM,SHT_TIME,1,test,80,3
relative_humidity,120,211,3.6894204262960075,0.32906728230924304,0.8902917504310608,2.7744338512420654,-0.3710668385028839,60min,60,LSTM,SHT_TIME,1,test,80,3
relative_humidity,240,211,4.440544910500608,0.395490260687123,0.8562412261962891,3.1419966220855713,0.3273434638977051,60min,60,LSTM,SHT_TIME,1,test,80,3
relative_humidity,480,211,5.273943118121734,0.41348403080971313,0.8353307247161865,4.262169361114502,-1.4211832284927368,60min,60,LSTM,SHT_TIME,1,test,80,3
temperature,60,211,1.2492912190347274,0.2932287337220045,0.8976161479949951,0.9541714787483215,-0.46170535683631897,60min,60,GRU,SHT_TIME,1,test,80,3
temperature,120,211,1.4138090212076668,0.3422156036582093,0.8684602975845337,1.0377731323242188,-0.34325462579727173,60min,60,GRU,SHT_TIME,1,test,80,3
temperature,240,211,1.8506777939356578,0.44273211401891327,0.7906509637832642,1.2796094417572021,-0.7351403832435608,60min,60,GRU,SHT_TIME,1,test,80,3
temperature,480,211,1.8369034843403886,0.38470150251835417,0.8406338095664978,1.3961453437805176,0.0781242772936821,60min,60,GRU,SHT_TIME,1,test,80,3
relative_humidity,60,211,3.1010841750278098,0.2688978859873191,0.9220588803291321,2.4507246017456055,-0.4867694079875946,60min,60,GRU,SHT_TIME,1,test,80,3
relative_humidity,120,211,3.551146099285305,0.31673429995834496,0.898361086845398,2.684445381164551,-0.42127683758735657,60min,60,GRU,SHT_TIME,1,test,80,3
relative_humidity,240,211,4.686947599286972,0.4174357348544231,0.8398444652557373,3.3002450466156006,0.3651942312717438,60min,60,GRU,SHT_TIME,1,test,80,3
relative_humidity,480,211,5.661154964943936,0.4438419454886143,0.8102631568908691,4.565395355224609,-1.7548449039459229,60min,60,GRU,SHT_TIME,1,test,80,3
temperature,60,211,1.6898235289853638,0.39662874922060365,0.8126789331436157,1.2792344093322754,-0.2955566644668579,60min,60,TCN,SHT_TIME,1,test,77,3
temperature,120,211,1.6980541930250492,0.4110177767956581,0.8102514743804932,1.2622950077056885,-0.02370070479810238,60min,60,TCN,SHT_TIME,1,test,77,3
temperature,240,211,1.9983743975282844,0.4780651307959279,0.7559027075767517,1.4714381694793701,-0.7293352484703064,60min,60,TCN,SHT_TIME,1,test,77,3
temperature,480,211,2.2516654526457582,0.47156483189564136,0.7605409622192383,1.5888793468475342,-0.736919105052948,60min,60,TCN,SHT_TIME,1,test,77,3
relative_humidity,60,211,4.322869480595574,0.3748400233995021,0.8485449552536011,3.097501754760742,0.005905549041926861,60min,60,TCN,SHT_TIME,1,test,77,3
relative_humidity,120,211,4.014776355410095,0.35808647204801136,0.870089054107666,2.9496490955352783,0.7242133617401123,60min,60,TCN,SHT_TIME,1,test,77,3
relative_humidity,240,211,5.460498099051596,0.48633081304249076,0.7826166152954102,4.0643510818481445,-0.9696078300476074,60min,60,TCN,SHT_TIME,1,test,77,3
relative_humidity,480,211,5.831239088238384,0.4571767629679448,0.798690915107727,4.4321160316467285,-0.7476881742477417,60min,60,TCN,SHT_TIME,1,test,77,3
